district,season,crop,soil,area,rainfall,temperature,yield
Kancheepuram,Kharif,Groundnut,Alluvial,8.92,198.1,27.5,1.61
Namakkal,Kharif,Banana,Black,6.52,191.1,24.0,4.77
Namakkal,Rabi,Cotton,Loamy,10.97,159.6,32.5,0.57
Thoothukudi,Summer,Coconut,Loamy,3.52,107.0,22.8,3.63
Thoothukudi,Rabi,Chilli,Alluvial,3.49,127.8,32.1,3.0
Tiruppur,Summer,Banana,Black,9.11,22.7,32.8,3.69
Cuddalore,Summer,Cotton,Black,4.18,49.1,35.3,1.13
Cuddalore,Rabi,Sugarcane,Black,2.87,109.6,30.6,5.35
Erode,Kharif,Chilli,Black,1.65,226.4,25.2,1.81
Vellore,Rabi,Ragi,Clay,3.12,22.4,39.7,1.31
Dindigul,Rabi,Cotton,Alluvial,8.55,119.6,25.1,1.13
Dindigul,Summer,Banana,Alluvial,5.19,25.9,23.8,4.5
Thoothukudi,Summer,Banana,Loamy,2.07,14.6,23.6,4.26
Madurai,Rabi,Chilli,Clay,11.06,107.1,35.0,2.36
Thanjavur,Rabi,Chilli,Clay,4.56,65.5,21.7,3.43
Namakkal,Rabi,Chilli,Clay,2.53,37.1,35.8,1.75
Salem,Summer,Soybean,Alluvial,7.52,39.2,25.7,1.67
Cuddalore,Kharif,Turmeric,Clay,4.98,169.2,29.4,5.67
Tirunelveli,Kharif,Banana,Clay,2.0,309.5,23.9,4.0
Erode,Rabi,Groundnut,Alluvial,10.04,64.1,25.4,2.13
Thanjavur,Summer,Ragi,Clay,1.09,71.1,40.8,1.39
Tiruppur,Kharif,Black Gram,Loamy,1.57,157.4,19.3,0.63
Tiruppur,Kharif,Green Gram,Loamy,8.32,91.1,21.8,0.96
Tiruppur,Summer,Soybean,Alluvial,5.72,32.3,35.3,0.52
Tirunelveli,Rabi,Maize,Loamy,7.29,52.2,27.3,2.94
Madurai,Kharif,Coconut,Loamy,3.8,93.5,38.2,2.27
Vellore,Kharif,Soybean,Clay,10.31,116.3,40.6,0.68
Cuddalore,Kharif,Coconut,Loamy,1.91,113.9,37.3,2.88
Madurai,Summer,Maize,Black,1.65,72.0,39.6,1.99
Madurai,Summer,Coconut,Alluvial,8.81,103.2,22.3,3.48
Coimbatore,Kharif,Maize,Clay,11.59,61.4,20.2,2.79
Cuddalore,Kharif,Sunflower,Alluvial,5.81,294.1,33.0,1.24
Cuddalore,Kharif,Sesame,Red,6.11,113.0,20.6,0.94
Tiruppur,Kharif,Cotton,Clay,11.48,185.4,31.0,1.21
Thoothukudi,Summer,Sesame,Loamy,5.28,109.5,38.6,0.15
Namakkal,Summer,Sugarcane,Clay,1.81,69.6,25.8,5.76
Coimbatore,Rabi,Millets,Alluvial,10.19,76.9,38.8,1.07
Coimbatore,Rabi,Turmeric,Red,9.28,130.7,25.7,4.68
Namakkal,Rabi,Rice,Clay,2.42,99.2,37.1,2.69
Thanjavur,Rabi,Sugarcane,Loamy,0.79,87.6,30.0,5.6
Kancheepuram,Kharif,Banana,Loamy,8.1,134.8,20.8,5.06
Tiruppur,Rabi,Banana,Loamy,4.44,22.9,30.2,4.04
Vellore,Kharif,Millets,Red,9.34,217.0,40.9,0.78
Tiruppur,Kharif,Banana,Loamy,5.5,66.8,32.4,4.45
Thoothukudi,Summer,Coconut,Black,2.35,36.2,28.9,2.55
Kancheepuram,Kharif,Millets,Red,3.63,72.3,29.2,2.16
Tirunelveli,Kharif,Sugarcane,Black,7.35,273.6,38.1,5.05
Kancheepuram,Kharif,Green Gram,Clay,7.95,312.3,33.0,0.67
Coimbatore,Kharif,Turmeric,Black,5.55,210.3,32.4,4.33
Vellore,Rabi,Green Gram,Clay,11.08,119.0,41.7,0.8
Cuddalore,Summer,Banana,Red,10.42,82.3,20.0,4.26
Kancheepuram,Summer,Chilli,Alluvial,1.75,70.4,35.7,2.02
Namakkal,Summer,Chilli,Loamy,6.67,97.0,24.5,2.69
Namakkal,Kharif,Sesame,Loamy,3.88,232.1,24.8,0.49
Madurai,Kharif,Sugarcane,Loamy,9.96,206.4,33.9,5.89
Tiruppur,Summer,Soybean,Black,8.94,98.0,30.6,1.74
Madurai,Rabi,Groundnut,Red,10.79,49.0,29.1,1.7
Coimbatore,Rabi,Sesame,Black,1.49,147.0,18.3,0.67
Salem,Kharif,Sunflower,Black,8.96,92.2,30.7,1.54
Dindigul,Summer,Maize,Clay,6.52,74.0,25.4,3.7
Tirunelveli,Rabi,Black Gram,Alluvial,3.76,98.0,26.5,1.41
Vellore,Kharif,Groundnut,Red,11.62,160.1,26.4,2.44
Trichy,Rabi,Rice,Clay,1.72,33.8,23.3,3.49
Thanjavur,Summer,Banana,Alluvial,8.79,52.5,34.7,3.3
Erode,Rabi,Turmeric,Loamy,7.92,113.4,30.4,3.41
Salem,Kharif,Sunflower,Loamy,2.28,248.2,40.8,0.68
Tirunelveli,Summer,Green Gram,Red,9.75,50.9,33.1,1.14
Thoothukudi,Kharif,Millets,Alluvial,7.13,265.7,39.5,1.05
Tirunelveli,Summer,Cotton,Clay,8.73,59.5,24.4,1.32
Thanjavur,Summer,Ragi,Clay,10.66,50.9,31.1,1.38
Dindigul,Summer,Coconut,Red,3.11,69.6,36.1,2.38
Coimbatore,Summer,Rice,Alluvial,10.58,71.8,32.3,3.02
Vellore,Kharif,Ragi,Alluvial,7.79,235.9,28.9,1.21
Vellore,Summer,Chilli,Alluvial,0.62,67.2,23.5,3.14
Salem,Rabi,Soybean,Alluvial,8.3,47.3,33.8,1.04
Coimbatore,Summer,Cotton,Red,9.02,34.5,37.7,1.26
Thoothukudi,Summer,Sugarcane,Black,11.01,99.8,28.0,5.87
Madurai,Summer,Black Gram,Alluvial,3.43,71.3,27.3,1.25
Villupuram,Rabi,Groundnut,Clay,9.36,68.4,28.2,1.58
Cuddalore,Kharif,Ragi,Alluvial,10.24,272.3,41.8,0.85
Salem,Kharif,Green Gram,Alluvial,3.25,69.8,33.1,0.96
Dindigul,Summer,Coconut,Black,6.29,97.9,26.7,4.19
Erode,Rabi,Maize,Clay,1.08,133.8,39.0,1.91
Villupuram,Rabi,Banana,Black,3.73,139.0,41.6,2.87
Thanjavur,Kharif,Sugarcane,Clay,7.69,90.7,38.4,4.45
Coimbatore,Summer,Sesame,Loamy,3.94,58.3,37.4,0.15
Thanjavur,Rabi,Millets,Alluvial,7.63,44.9,36.2,1.43
Thoothukudi,Rabi,Chilli,Clay,7.6,103.1,22.5,3.06
Thanjavur,Rabi,Groundnut,Alluvial,7.16,68.8,33.4,1.67
Tiruppur,Summer,Rice,Loamy,8.47,74.5,42.0,2.08
Thoothukudi,Rabi,Ragi,Black,10.23,37.3,24.4,2.41
Cuddalore,Rabi,Chilli,Clay,11.47,134.0,19.6,2.39
Trichy,Summer,Maize,Clay,10.39,18.7,20.4,2.58
Tiruppur,Summer,Sesame,Red,8.39,66.4,30.4,0.73
Namakkal,Rabi,Sugarcane,Alluvial,7.25,83.7,34.1,4.23
Madurai,Summer,Maize,Loamy,1.13,74.3,21.8,3.26
Thoothukudi,Summer,Sugarcane,Alluvial,5.82,91.4,40.3,3.82
Trichy,Rabi,Green Gram,Clay,7.86,37.2,27.2,0.82
Dindigul,Rabi,Sesame,Black,6.29,118.4,28.5,1.1
Kancheepuram,Rabi,Banana,Alluvial,1.72,40.7,23.4,4.02
Cuddalore,Summer,Sugarcane,Black,6.08,89.9,38.7,5.12
Thanjavur,Rabi,Sugarcane,Clay,5.53,147.0,29.5,6.29
Vellore,Rabi,Banana,Black,4.44,53.2,38.7,2.27
Thanjavur,Rabi,Soybean,Clay,7.55,94.2,29.5,1.29
Namakkal,Rabi,Sesame,Black,8.68,73.8,26.7,1.16
Madurai,Rabi,Chilli,Red,4.82,159.0,26.9,2.8
Cuddalore,Rabi,Coconut,Clay,8.34,27.6,34.9,2.14
Kancheepuram,Summer,Sugarcane,Alluvial,10.3,66.6,26.1,5.13
Namakkal,Summer,Turmeric,Red,9.48,106.7,39.9,2.16
Kancheepuram,Rabi,Cotton,Alluvial,1.77,21.2,40.3,1.34
Erode,Rabi,Sugarcane,Clay,2.61,148.4,25.9,5.08
Thanjavur,Kharif,Millets,Red,4.05,312.5,23.3,0.61
Tiruppur,Kharif,Groundnut,Black,6.67,103.5,35.8,1.07
Dindigul,Rabi,Rice,Loamy,4.83,153.9,29.0,4.31
Villupuram,Summer,Chilli,Red,6.37,23.4,37.4,1.63
Villupuram,Summer,Chilli,Clay,7.36,96.8,40.1,1.54
Thanjavur,Rabi,Soybean,Alluvial,7.18,64.0,28.3,1.44
Trichy,Summer,Sugarcane,Loamy,4.72,107.8,31.6,4.07
Tiruppur,Kharif,Maize,Alluvial,5.33,264.3,30.0,2.72
Dindigul,Kharif,Black Gram,Black,0.94,113.9,38.4,1.06
Namakkal,Kharif,Banana,Black,11.06,300.9,22.5,3.57
Thoothukudi,Kharif,Green Gram,Clay,9.12,306.5,28.2,0.6
Kancheepuram,Summer,Sesame,Red,2.56,30.5,20.7,0.46
Thanjavur,Summer,Cotton,Black,6.3,73.1,36.8,1.18
Kancheepuram,Kharif,Millets,Alluvial,9.56,217.1,24.0,0.99
Cuddalore,Summer,Cotton,Loamy,6.84,98.2,27.7,2.09
Cuddalore,Rabi,Cotton,Red,11.15,84.2,27.0,2.18
Villupuram,Kharif,Sunflower,Loamy,8.3,212.3,24.8,0.86
Vellore,Kharif,Turmeric,Clay,11.35,305.6,31.3,3.92
Cuddalore,Summer,Turmeric,Red,0.6,100.7,21.5,4.28
Kancheepuram,Kharif,Millets,Loamy,8.77,255.2,33.5,1.09
Vellore,Kharif,Rice,Loamy,0.81,249.1,40.6,2.11
Kancheepuram,Rabi,Turmeric,Alluvial,4.91,150.0,38.6,2.42
Coimbatore,Kharif,Sesame,Clay,0.6,207.8,39.0,0.36
Namakkal,Rabi,Coconut,Loamy,3.14,82.9,24.6,2.94
Madurai,Rabi,Millets,Alluvial,10.34,38.4,23.6,1.31
Vellore,Kharif,Cotton,Alluvial,4.01,137.3,40.3,0.91
Kancheepuram,Rabi,Green Gram,Red,5.01,156.7,24.3,1.14
Vellore,Rabi,Coconut,Black,5.34,54.8,41.4,2.08
Tirunelveli,Rabi,Sesame,Loamy,8.53,145.4,35.1,0.55
Villupuram,Rabi,Sesame,Loamy,10.97,99.8,35.4,0.56
Coimbatore,Rabi,Sesame,Clay,8.28,113.5,37.4,0.26
Tirunelveli,Summer,Banana,Red,1.11,76.7,28.8,3.85
Erode,Summer,Sunflower,Alluvial,1.59,84.5,25.6,1.81
Namakkal,Summer,Cotton,Red,4.99,40.8,19.3,1.32
Namakkal,Summer,Groundnut,Clay,2.49,84.7,38.1,1.5
Villupuram,Rabi,Maize,Red,0.75,102.1,40.0,2.24
Namakkal,Rabi,Groundnut,Alluvial,4.62,115.6,26.5,2.49
Tiruppur,Kharif,Sesame,Alluvial,3.67,154.6,37.2,0.33
Kancheepuram,Summer,Coconut,Loamy,9.37,41.2,27.5,3.88
Coimbatore,Summer,Banana,Black,7.02,98.4,24.1,5.36
Vellore,Rabi,Ragi,Clay,3.93,21.2,36.3,1.31
Villupuram,Summer,Coconut,Red,3.2,78.4,36.0,3.0
Thanjavur,Kharif,Ragi,Red,6.08,142.0,38.6,1.86
Coimbatore,Kharif,Coconut,Loamy,3.39,251.2,39.2,2.48
Salem,Summer,Groundnut,Red,4.26,60.7,24.6,2.29
Salem,Kharif,Sesame,Alluvial,5.13,178.2,19.5,0.36
Thanjavur,Summer,Green Gram,Red,1.81,93.6,39.6,0.8
Namakkal,Summer,Maize,Alluvial,2.67,61.7,23.8,3.52
Trichy,Summer,Rice,Loamy,7.56,74.3,18.6,2.87
Thanjavur,Summer,Sesame,Alluvial,4.02,60.7,28.5,0.51
Tirunelveli,Kharif,Soybean,Alluvial,10.35,151.2,31.5,1.28
Villupuram,Summer,Rice,Loamy,7.5,25.3,36.3,1.84
Villupuram,Summer,Cotton,Red,2.19,97.6,35.9,1.5
Thanjavur,Kharif,Chilli,Red,7.11,123.9,36.3,2.27
Villupuram,Summer,Cotton,Black,8.83,14.4,30.3,1.43
Villupuram,Rabi,Black Gram,Clay,7.5,61.6,41.2,0.68
Thoothukudi,Kharif,Millets,Red,7.38,225.8,27.6,1.76
Erode,Kharif,Soybean,Clay,9.89,65.9,27.8,1.96
Thoothukudi,Summer,Black Gram,Black,7.86,58.3,34.2,1.09
Villupuram,Summer,Turmeric,Black,7.5,11.6,32.9,3.13
Tiruppur,Kharif,Sugarcane,Black,11.36,156.0,40.8,5.26
Tirunelveli,Rabi,Rice,Black,3.57,130.2,20.6,3.85
Thanjavur,Kharif,Green Gram,Alluvial,2.18,186.6,36.0,0.5
Dindigul,Summer,Sugarcane,Clay,4.27,74.5,19.5,3.69
Thanjavur,Summer,Sesame,Alluvial,1.74,82.9,41.8,0.15
Erode,Kharif,Soybean,Black,9.42,313.6,32.2,1.06
Cuddalore,Kharif,Turmeric,Black,11.83,235.3,28.3,4.61
Erode,Kharif,Groundnut,Clay,5.82,174.4,29.2,1.3
Vellore,Rabi,Black Gram,Black,10.52,154.6,37.5,1.03
Tirunelveli,Kharif,Millets,Black,6.87,169.1,22.5,1.38
Vellore,Kharif,Millets,Red,7.26,140.9,36.3,1.63
Vellore,Rabi,Maize,Alluvial,5.77,124.7,31.9,3.3
Thoothukudi,Summer,Sunflower,Clay,9.11,109.4,33.1,0.49
Dindigul,Rabi,Chilli,Red,11.03,74.3,36.3,2.86
Vellore,Summer,Millets,Alluvial,9.37,58.6,32.7,1.14
Erode,Kharif,Ragi,Loamy,4.23,63.5,33.8,1.9
Tirunelveli,Rabi,Cotton,Alluvial,5.43,45.5,37.5,0.97
Dindigul,Summer,Sesame,Loamy,9.78,19.1,34.2,0.19
Trichy,Kharif,Sugarcane,Alluvial,11.97,234.2,21.2,4.71
Madurai,Summer,Sugarcane,Loamy,10.43,21.8,23.1,3.38
Vellore,Kharif,Ragi,Loamy,9.03,279.1,19.2,1.73
Erode,Kharif,Maize,Alluvial,3.5,87.2,26.2,3.8
Madurai,Kharif,Sugarcane,Loamy,11.35,82.0,25.6,4.73
Tiruppur,Kharif,Coconut,Alluvial,0.72,239.1,28.5,4.56
Tiruppur,Summer,Groundnut,Black,1.46,50.3,38.1,0.22
Villupuram,Rabi,Chilli,Clay,3.91,37.9,35.9,1.97
Thanjavur,Kharif,Cotton,Red,1.11,69.3,24.4,2.25
Tiruppur,Summer,Ragi,Loamy,8.88,16.3,29.4,1.47
Vellore,Kharif,Soybean,Black,2.91,308.4,22.4,1.31
Thoothukudi,Rabi,Turmeric,Alluvial,10.03,63.8,34.4,2.3
Madurai,Rabi,Cotton,Loamy,3.89,157.9,33.0,1.14
Madurai,Summer,Millets,Loamy,11.79,27.3,40.0,0.87
Salem,Summer,Maize,Loamy,11.18,73.4,33.2,2.98
Coimbatore,Summer,Millets,Red,1.76,105.0,33.4,1.04
Kancheepuram,Summer,Ragi,Clay,8.82,31.9,31.8,1.04
Dindigul,Rabi,Chilli,Alluvial,9.86,36.8,25.1,3.04
Thoothukudi,Summer,Sunflower,Red,6.39,20.5,27.7,0.84
Salem,Summer,Sunflower,Alluvial,0.74,57.0,39.8,0.96
Kancheepuram,Rabi,Rice,Loamy,1.4,141.9,35.9,3.71
Madurai,Summer,Banana,Loamy,11.13,34.4,27.1,4.85
Dindigul,Kharif,Ragi,Loamy,8.79,214.0,23.1,1.61
Coimbatore,Kharif,Green Gram,Red,8.16,291.3,31.0,0.9
Thoothukudi,Rabi,Coconut,Black,10.66,138.7,40.9,2.32
Trichy,Rabi,Rice,Black,5.73,67.3,39.1,2.41
Kancheepuram,Kharif,Rice,Black,8.08,247.4,32.5,4.07
Namakkal,Rabi,Turmeric,Loamy,7.12,64.7,26.0,3.76
Tirunelveli,Kharif,Coconut,Red,9.85,134.8,41.3,2.83
Salem,Kharif,Maize,Black,1.49,173.0,28.9,2.59
Madurai,Summer,Maize,Red,9.54,25.9,31.0,3.26
Tiruppur,Kharif,Sugarcane,Loamy,8.26,231.6,34.4,5.54
Tiruppur,Kharif,Sugarcane,Loamy,5.95,180.3,18.3,3.86
Salem,Rabi,Chilli,Black,1.02,107.1,37.4,1.54
Dindigul,Rabi,Sunflower,Clay,5.61,55.1,35.3,1.03
Madurai,Summer,Sesame,Alluvial,10.88,26.1,32.4,0.4
Dindigul,Summer,Sugarcane,Clay,4.24,83.2,35.6,4.1
Namakkal,Summer,Sunflower,Red,2.7,108.5,30.5,0.99
Thoothukudi,Rabi,Sesame,Black,7.24,63.5,39.1,0.97
Madurai,Rabi,Cotton,Clay,0.86,100.9,34.7,1.58
Vellore,Rabi,Millets,Clay,4.7,67.9,22.3,1.6
Coimbatore,Summer,Rice,Alluvial,6.62,69.7,22.0,2.76
Tirunelveli,Rabi,Soybean,Loamy,4.88,153.7,28.1,1.62
Cuddalore,Kharif,Banana,Black,5.84,99.8,20.4,3.72
Dindigul,Kharif,Rice,Black,11.19,252.5,30.4,3.5
Namakkal,Kharif,Millets,Loamy,7.3,96.8,40.5,1.05
Villupuram,Rabi,Chilli,Red,11.57,70.6,22.7,2.95
Vellore,Rabi,Ragi,Loamy,3.87,85.4,19.9,2.38
Salem,Rabi,Maize,Black,5.29,120.8,24.5,2.77
Kancheepuram,Kharif,Chilli,Black,4.79,140.7,37.6,1.92
Villupuram,Rabi,Sugarcane,Clay,5.79,24.6,31.4,4.74
Salem,Rabi,Sunflower,Loamy,7.96,62.0,40.6,1.48
Vellore,Rabi,Black Gram,Red,9.69,138.9,25.4,1.1
Kancheepuram,Summer,Rice,Black,4.67,38.9,27.3,4.04
Thoothukudi,Kharif,Sunflower,Red,10.83,190.7,37.0,0.93
Tirunelveli,Rabi,Sugarcane,Alluvial,10.88,56.9,37.9,3.41
Coimbatore,Summer,Cotton,Clay,5.42,12.1,41.4,0.65
Tiruppur,Kharif,Groundnut,Alluvial,8.82,216.2,29.6,0.7
Coimbatore,Kharif,Ragi,Loamy,6.54,141.1,24.2,1.74
Salem,Kharif,Sunflower,Clay,4.86,196.0,20.9,1.27
Madurai,Rabi,Turmeric,Loamy,3.81,71.5,20.9,4.5
Vellore,Rabi,Rice,Loamy,7.36,106.6,36.6,2.55
Trichy,Rabi,Ragi,Black,4.97,20.6,40.3,1.28
Trichy,Summer,Green Gram,Black,2.16,35.0,24.8,0.67
Tiruppur,Summer,Groundnut,Black,8.36,19.8,31.9,1.26
Tirunelveli,Kharif,Maize,Alluvial,9.39,292.5,34.2,2.09
Villupuram,Rabi,Green Gram,Alluvial,11.93,144.4,31.2,0.88
Coimbatore,Summer,Groundnut,Alluvial,4.66,75.9,36.8,0.98
Thanjavur,Kharif,Rice,Black,2.69,176.6,28.1,3.95
Thoothukudi,Summer,Soybean,Red,7.65,57.7,37.5,0.81
Tirunelveli,Kharif,Soybean,Loamy,4.53,299.6,21.7,1.38
Thanjavur,Kharif,Groundnut,Clay,10.12,130.3,32.1,1.79
Trichy,Summer,Groundnut,Red,3.97,55.9,20.4,1.8
Tirunelveli,Summer,Groundnut,Clay,10.3,67.3,30.5,1.53
Madurai,Kharif,Maize,Clay,8.74,69.9,19.8,2.64
Thanjavur,Summer,Soybean,Clay,6.27,46.0,38.1,0.48
Dindigul,Summer,Groundnut,Red,4.39,46.6,23.7,1.87
Erode,Rabi,Soybean,Red,1.54,106.5,22.8,1.96
Namakkal,Kharif,Groundnut,Clay,10.57,64.1,41.1,0.65
Coimbatore,Summer,Rice,Clay,5.99,104.3,25.2,3.22
Salem,Rabi,Green Gram,Loamy,9.95,26.3,40.6,0.81
Kancheepuram,Kharif,Soybean,Black,7.76,86.2,32.7,1.65
Villupuram,Kharif,Millets,Red,7.85,182.8,23.7,0.93
Salem,Rabi,Groundnut,Red,11.92,121.9,40.8,1.77
Thanjavur,Rabi,Banana,Clay,3.67,118.9,28.9,3.9
Kancheepuram,Summer,Millets,Red,4.95,101.2,37.1,0.85
Namakkal,Summer,Coconut,Red,4.89,61.7,35.0,2.91
Thanjavur,Summer,Ragi,Red,7.74,48.2,25.4,1.67
Trichy,Summer,Rice,Loamy,2.07,42.1,40.7,2.22
Tirunelveli,Kharif,Sesame,Black,8.61,107.2,36.6,1.04
Trichy,Kharif,Banana,Clay,1.05,79.8,37.3,3.92
Cuddalore,Kharif,Banana,Loamy,2.06,188.5,41.9,4.04
Kancheepuram,Rabi,Rice,Loamy,2.23,28.7,20.5,3.32
Erode,Summer,Sesame,Clay,5.34,104.9,32.2,0.34
Cuddalore,Summer,Sugarcane,Alluvial,0.76,85.8,33.3,5.6
Thanjavur,Kharif,Soybean,Alluvial,10.44,80.4,39.0,1.59
Coimbatore,Summer,Sugarcane,Alluvial,7.0,77.8,31.3,6.92
Thoothukudi,Rabi,Turmeric,Clay,2.56,152.3,35.8,2.69
Trichy,Summer,Green Gram,Loamy,11.05,109.8,34.2,1.05
Thoothukudi,Rabi,Cotton,Alluvial,2.18,131.7,24.6,1.32
Tiruppur,Kharif,Maize,Black,3.67,97.4,32.6,2.82
Namakkal,Rabi,Soybean,Clay,7.3,138.6,41.7,0.7
Cuddalore,Rabi,Groundnut,Black,10.06,140.3,36.8,1.07
Tirunelveli,Rabi,Sugarcane,Black,1.74,53.4,26.2,5.42
Tiruppur,Summer,Soybean,Loamy,11.19,94.7,29.8,1.01
Salem,Kharif,Turmeric,Alluvial,10.83,279.7,39.8,2.84
Tirunelveli,Kharif,Chilli,Red,6.17,188.7,25.6,2.93
Salem,Rabi,Coconut,Clay,10.29,26.4,41.0,1.85
Tiruppur,Kharif,Sesame,Clay,4.9,206.1,25.9,0.7
Coimbatore,Rabi,Cotton,Alluvial,8.51,83.6,38.4,0.99
Tirunelveli,Kharif,Cotton,Red,5.75,241.6,35.4,1.18
Erode,Kharif,Cotton,Loamy,7.74,283.1,27.5,1.03
Tiruppur,Kharif,Rice,Clay,6.84,159.7,40.1,3.1
Vellore,Rabi,Groundnut,Black,8.92,54.8,32.4,1.29
Vellore,Kharif,Groundnut,Loamy,7.39,163.5,19.9,2.06
Thanjavur,Summer,Coconut,Loamy,6.52,66.1,32.5,2.83
Trichy,Rabi,Green Gram,Alluvial,10.25,56.1,33.6,0.75
Tiruppur,Rabi,Maize,Loamy,0.53,128.4,35.6,2.63
Tirunelveli,Kharif,Green Gram,Black,9.43,172.0,24.3,0.71
Madurai,Rabi,Rice,Black,4.48,151.7,39.5,2.73
Thoothukudi,Summer,Maize,Loamy,1.92,99.2,29.0,3.58
Namakkal,Rabi,Ragi,Clay,8.7,54.3,34.0,1.94
Trichy,Kharif,Chilli,Black,11.55,120.0,18.9,2.26
Tirunelveli,Rabi,Ragi,Alluvial,1.62,56.5,31.6,2.23
Villupuram,Rabi,Sunflower,Clay,5.61,55.4,26.2,1.16
Namakkal,Rabi,Maize,Loamy,7.91,58.0,28.7,2.9
Thanjavur,Summer,Coconut,Loamy,4.94,53.4,20.8,2.45
Villupuram,Rabi,Millets,Red,9.66,72.2,26.6,1.45
Dindigul,Kharif,Banana,Loamy,5.61,190.5,29.1,4.32
Villupuram,Summer,Rice,Red,9.99,12.8,19.1,2.26
Coimbatore,Summer,Rice,Red,8.58,18.3,38.3,1.41
Salem,Rabi,Sugarcane,Clay,8.92,93.3,36.6,4.23
Madurai,Rabi,Sugarcane,Clay,8.3,28.2,41.1,4.51
Tiruppur,Summer,Soybean,Alluvial,10.35,71.9,35.8,0.64
Tiruppur,Kharif,Ragi,Alluvial,10.15,194.9,33.1,0.72
Cuddalore,Summer,Sesame,Alluvial,1.1,72.3,38.2,0.24
Trichy,Summer,Groundnut,Clay,2.01,84.1,24.5,2.27
Tiruppur,Kharif,Sunflower,Clay,9.95,173.2,32.9,0.78
Coimbatore,Rabi,Sesame,Alluvial,11.4,56.2,36.7,0.37
Cuddalore,Summer,Soybean,Alluvial,2.38,108.5,25.6,2.05
Tirunelveli,Summer,Soybean,Loamy,11.67,86.0,33.6,1.19
Cuddalore,Kharif,Soybean,Black,5.02,225.7,20.3,1.59
Madurai,Rabi,Sugarcane,Alluvial,6.87,25.9,37.8,4.3
Namakkal,Kharif,Green Gram,Black,0.51,104.3,25.0,0.67
Tiruppur,Summer,Chilli,Black,7.13,21.0,36.6,1.06
Kancheepuram,Summer,Black Gram,Alluvial,11.73,12.5,26.2,0.95
Thanjavur,Summer,Cotton,Clay,6.29,90.6,34.0,1.28
Tirunelveli,Summer,Banana,Clay,5.18,44.2,40.6,2.33
Kancheepuram,Summer,Cotton,Loamy,10.33,21.7,26.2,1.62
Thanjavur,Kharif,Black Gram,Loamy,3.76,230.6,28.8,0.44
Namakkal,Rabi,Soybean,Red,1.25,134.7,23.5,1.93
Kancheepuram,Kharif,Sesame,Alluvial,7.84,98.6,39.4,0.38
Dindigul,Rabi,Coconut,Clay,0.84,52.0,36.0,1.41
Villupuram,Rabi,Banana,Loamy,2.38,112.2,26.9,4.79
Tiruppur,Summer,Chilli,Loamy,0.64,49.2,21.8,2.66
Tirunelveli,Summer,Green Gram,Loamy,11.98,53.1,22.0,1.0
Namakkal,Rabi,Chilli,Red,11.66,73.5,34.6,2.73
Tirunelveli,Summer,Sugarcane,Clay,5.96,34.6,24.7,4.57
Thoothukudi,Kharif,Soybean,Clay,4.69,197.6,20.4,1.53
Villupuram,Kharif,Sunflower,Clay,9.69,260.0,30.8,0.78
Kancheepuram,Kharif,Black Gram,Alluvial,11.93,205.2,30.3,1.1
Thanjavur,Rabi,Chilli,Clay,3.5,120.6,32.9,1.65
Vellore,Rabi,Turmeric,Alluvial,4.38,159.8,22.2,4.48
Vellore,Summer,Soybean,Black,5.96,67.2,34.1,1.42
Vellore,Rabi,Maize,Loamy,9.73,82.4,19.1,2.86
Tirunelveli,Kharif,Black Gram,Black,8.51,94.6,37.0,1.28
Erode,Rabi,Groundnut,Red,8.1,100.0,19.9,2.42
Tiruppur,Kharif,Turmeric,Clay,1.18,239.7,36.6,2.86
Coimbatore,Summer,Green Gram,Loamy,7.58,17.7,37.8,1.09
Vellore,Rabi,Green Gram,Red,0.9,125.9,26.2,1.05
Villupuram,Rabi,Soybean,Red,3.52,122.8,20.2,1.85
Kancheepuram,Rabi,Millets,Loamy,11.45,39.8,23.7,1.23
Dindigul,Kharif,Ragi,Alluvial,1.1,157.1,28.5,1.61
Vellore,Rabi,Turmeric,Black,2.27,140.5,37.5,2.39
Kancheepuram,Summer,Sunflower,Loamy,10.2,71.6,19.5,1.1
Salem,Rabi,Banana,Clay,8.75,150.5,29.0,4.03
Tirunelveli,Summer,Cotton,Black,1.77,38.5,21.2,1.57
Villupuram,Rabi,Maize,Alluvial,6.56,93.5,34.7,3.57
Thoothukudi,Kharif,Chilli,Loamy,5.41,61.9,30.9,3.06
Madurai,Kharif,Turmeric,Alluvial,5.71,237.0,40.7,2.32
Madurai,Summer,Soybean,Black,4.41,77.5,31.7,1.64
Trichy,Kharif,Turmeric,Red,4.35,265.0,32.1,4.41
Thanjavur,Summer,Turmeric,Red,9.24,34.4,33.0,2.98
Tirunelveli,Rabi,Coconut,Clay,7.25,145.3,37.1,2.29
Kancheepuram,Summer,Green Gram,Black,7.18,38.5,22.0,0.66
Cuddalore,Summer,Black Gram,Alluvial,9.16,78.7,20.7,0.66
Kancheepuram,Rabi,Millets,Clay,4.66,90.2,33.7,1.28
Dindigul,Summer,Sugarcane,Black,8.94,68.9,22.7,4.93
Kancheepuram,Kharif,Groundnut,Black,2.2,135.0,23.3,1.48
Villupuram,Kharif,Cotton,Loamy,8.32,135.6,23.5,1.34
Tirunelveli,Kharif,Sunflower,Alluvial,3.2,190.3,34.2,1.39
Madurai,Summer,Sugarcane,Black,5.71,39.2,32.8,5.85
Kancheepuram,Rabi,Sugarcane,Alluvial,11.62,142.0,22.5,3.12
Thanjavur,Kharif,Black Gram,Loamy,0.62,202.7,28.3,0.88
Madurai,Summer,Sugarcane,Alluvial,1.9,12.5,40.3,2.76
Salem,Kharif,Green Gram,Loamy,9.07,84.1,33.4,1.34
Madurai,Rabi,Sunflower,Black,5.84,72.9,34.0,0.92
Cuddalore,Rabi,Green Gram,Alluvial,9.99,118.6,18.4,0.61
Coimbatore,Kharif,Black Gram,Loamy,6.97,143.3,35.9,0.82
Trichy,Kharif,Turmeric,Loamy,1.46,73.9,30.1,4.51
Madurai,Kharif,Sugarcane,Alluvial,9.55,123.8,34.9,6.16
Tiruppur,Rabi,Green Gram,Loamy,1.34,68.4,36.6,0.99
Kancheepuram,Kharif,Chilli,Clay,7.75,71.1,39.1,2.03
Salem,Summer,Black Gram,Black,9.49,12.3,39.3,0.52
Vellore,Kharif,Maize,Red,10.1,80.3,23.2,3.85
Thoothukudi,Summer,Banana,Loamy,8.69,91.7,19.3,4.46
Cuddalore,Rabi,Sesame,Black,5.91,83.4,35.5,0.77
Erode,Summer,Cotton,Alluvial,11.12,16.8,38.1,1.05
Salem,Rabi,Sesame,Black,5.97,34.3,27.8,1.08
Thoothukudi,Summer,Soybean,Loamy,8.79,44.3,32.4,0.94
Madurai,Rabi,Ragi,Alluvial,8.88,50.5,22.0,2.48
Thanjavur,Kharif,Rice,Clay,7.57,303.4,39.3,3.68
Villupuram,Rabi,Maize,Alluvial,9.72,63.8,35.7,2.79
Tirunelveli,Rabi,Rice,Red,3.76,115.0,29.7,3.77
Coimbatore,Rabi,Soybean,Red,4.75,24.0,18.6,1.62
Trichy,Kharif,Sugarcane,Alluvial,1.2,180.9,27.8,6.62
Villupuram,Kharif,Maize,Loamy,8.77,90.6,20.7,2.74
Cuddalore,Kharif,Green Gram,Red,9.01,178.4,21.4,0.89
Madurai,Kharif,Groundnut,Black,3.72,128.4,20.5,1.46
Vellore,Summer,Sesame,Loamy,11.89,84.0,20.0,0.38
Dindigul,Rabi,Rice,Black,6.7,121.3,39.2,2.22
Coimbatore,Rabi,Banana,Alluvial,0.71,102.5,41.2,2.39
Kancheepuram,Summer,Maize,Black,10.42,40.9,34.9,2.48
Vellore,Summer,Soybean,Red,5.36,52.2,35.5,1.61
Thanjavur,Kharif,Green Gram,Red,10.28,267.9,30.1,0.86
Tiruppur,Summer,Cotton,Clay,2.2,38.3,35.9,0.85
Vellore,Kharif,Sunflower,Black,9.57,162.4,31.5,0.88
Namakkal,Rabi,Chilli,Alluvial,3.09,32.7,31.4,2.82
Erode,Summer,Groundnut,Loamy,6.7,89.4,34.7,1.52
Kancheepuram,Rabi,Coconut,Black,8.37,29.6,39.4,1.92
Kancheepuram,Kharif,Sunflower,Clay,8.47,188.8,20.9,0.93
Trichy,Kharif,Rice,Red,4.04,293.7,37.1,2.95
Thoothukudi,Rabi,Turmeric,Alluvial,1.85,118.0,34.0,2.69
Thoothukudi,Rabi,Cotton,Black,11.31,156.0,29.7,1.64
Thoothukudi,Kharif,Sugarcane,Black,7.4,261.0,25.5,6.58
Erode,Kharif,Soybean,Alluvial,1.83,136.1,37.3,0.99
Kancheepuram,Rabi,Ragi,Black,10.96,40.8,21.6,2.69
Tiruppur,Rabi,Rice,Loamy,0.59,35.0,21.2,2.99
Salem,Summer,Green Gram,Clay,4.37,59.7,29.7,1.06
Vellore,Summer,Groundnut,Black,6.97,63.1,19.1,2.03
Trichy,Summer,Sunflower,Black,7.11,41.9,25.4,1.22
Cuddalore,Rabi,Sugarcane,Clay,8.13,63.9,27.9,5.26
Madurai,Kharif,Black Gram,Red,10.28,118.3,29.5,1.45
Thanjavur,Rabi,Millets,Alluvial,6.05,86.9,21.1,1.27
Vellore,Kharif,Black Gram,Black,1.35,278.2,33.4,1.13
Vellore,Rabi,Maize,Red,9.52,64.5,23.3,3.59
Salem,Rabi,Green Gram,Black,5.12,69.8,32.5,0.91
Tiruppur,Kharif,Green Gram,Clay,4.01,235.4,19.4,0.43
Tiruppur,Summer,Banana,Black,0.81,19.8,33.1,4.14
Namakkal,Rabi,Coconut,Red,4.43,157.3,19.1,2.85
Vellore,Summer,Millets,Loamy,7.73,67.0,20.5,1.04
Cuddalore,Summer,Coconut,Red,5.8,45.0,37.7,2.2
Tirunelveli,Summer,Green Gram,Alluvial,9.19,77.4,24.4,0.91
Tirunelveli,Kharif,Sunflower,Clay,1.93,180.8,35.8,0.82
Salem,Rabi,Green Gram,Red,6.69,145.8,18.7,0.84
Cuddalore,Kharif,Coconut,Loamy,9.52,310.2,37.8,2.88
Thoothukudi,Rabi,Groundnut,Loamy,8.67,146.3,25.4,1.86
Coimbatore,Rabi,Groundnut,Clay,9.6,65.6,31.4,1.94
Tiruppur,Kharif,Sugarcane,Red,9.49,218.5,38.6,5.79
Dindigul,Rabi,Green Gram,Red,9.98,126.7,30.3,1.22
Kancheepuram,Rabi,Soybean,Black,9.7,64.5,19.9,1.55
Kancheepuram,Summer,Soybean,Clay,2.09,45.8,39.1,0.52
Madurai,Kharif,Banana,Loamy,4.17,160.8,33.2,5.0
Salem,Kharif,Coconut,Clay,8.22,289.4,37.1,2.78
Dindigul,Summer,Banana,Loamy,3.74,65.6,30.3,3.73
Villupuram,Summer,Ragi,Loamy,11.37,67.7,29.0,1.76
Tirunelveli,Summer,Soybean,Red,5.36,87.6,34.3,1.23
Thoothukudi,Kharif,Sesame,Clay,9.02,152.7,34.1,0.62
Tirunelveli,Kharif,Sunflower,Clay,4.93,129.6,32.6,0.79
Coimbatore,Kharif,Sugarcane,Clay,5.09,138.4,35.9,6.14
Tiruppur,Kharif,Ragi,Loamy,2.66,217.9,36.9,0.93
Trichy,Kharif,Sugarcane,Alluvial,11.52,80.0,22.0,3.56
Coimbatore,Rabi,Sesame,Clay,0.53,25.5,33.1,0.48
Cuddalore,Kharif,Ragi,Black,3.83,128.9,39.4,1.67
Thanjavur,Summer,Millets,Loamy,5.99,93.1,23.6,0.84
Salem,Summer,Rice,Clay,9.63,106.0,35.7,2.28
Madurai,Rabi,Banana,Clay,6.89,103.1,36.2,2.81
Cuddalore,Summer,Sesame,Alluvial,10.89,84.3,39.8,0.15
Salem,Summer,Sesame,Clay,6.65,78.1,41.5,0.15
Madurai,Rabi,Turmeric,Alluvial,10.14,124.8,41.8,2.32
Namakkal,Summer,Sunflower,Clay,1.68,53.0,35.8,0.55
Vellore,Summer,Black Gram,Black,8.14,61.4,32.7,1.09
Namakkal,Kharif,Turmeric,Alluvial,1.77,146.1,23.9,4.77
Cuddalore,Rabi,Cotton,Red,3.25,42.8,20.6,0.98
Vellore,Rabi,Cotton,Black,9.05,76.1,19.3,1.42
Trichy,Summer,Cotton,Alluvial,9.13,32.9,35.6,0.87
Erode,Kharif,Cotton,Alluvial,10.54,73.4,41.5,0.98
Villupuram,Kharif,Groundnut,Black,5.93,245.3,22.8,1.69
Madurai,Summer,Turmeric,Black,3.73,22.4,22.6,3.6
Kancheepuram,Summer,Sugarcane,Loamy,1.68,64.3,31.2,5.95
Kancheepuram,Kharif,Cotton,Alluvial,7.0,239.6,38.7,0.57
Tiruppur,Kharif,Ragi,Black,0.83,130.4,40.0,1.36
Tirunelveli,Kharif,Cotton,Alluvial,11.75,233.3,19.6,0.33
Thanjavur,Rabi,Black Gram,Loamy,5.96,74.7,19.4,0.77
Tiruppur,Kharif,Green Gram,Loamy,7.42,272.3,35.3,0.72
Thoothukudi,Rabi,Sunflower,Clay,6.3,119.3,32.5,0.83
Tirunelveli,Kharif,Sugarcane,Red,6.79,216.6,20.2,5.53
Dindigul,Rabi,Sesame,Clay,3.63,61.2,19.0,0.64
Namakkal,Rabi,Soybean,Black,8.72,59.7,22.0,1.57
Villupuram,Rabi,Black Gram,Clay,10.5,84.4,30.7,1.16
Villupuram,Rabi,Groundnut,Clay,5.61,51.4,27.1,2.04
Villupuram,Summer,Rice,Red,5.73,41.5,25.8,3.46
Salem,Summer,Millets,Red,10.76,34.6,40.4,1.2
Villupuram,Rabi,Millets,Red,0.72,84.4,32.8,1.64
Tiruppur,Rabi,Soybean,Red,6.59,79.9,29.6,1.69
Cuddalore,Summer,Cotton,Clay,6.97,49.0,32.6,1.26
Cuddalore,Kharif,Maize,Loamy,8.96,158.9,25.5,3.35
Kancheepuram,Kharif,Groundnut,Red,11.65,191.7,31.9,1.57
Coimbatore,Summer,Sugarcane,Loamy,10.42,67.7,23.1,4.03
Cuddalore,Rabi,Rice,Loamy,0.91,29.6,33.1,2.84
Coimbatore,Kharif,Turmeric,Alluvial,1.72,317.5,34.8,3.69
Coimbatore,Rabi,Cotton,Loamy,11.88,153.2,38.8,0.82
Namakkal,Rabi,Banana,Alluvial,7.96,89.7,41.5,2.83
Tirunelveli,Rabi,Sugarcane,Alluvial,11.66,92.5,33.8,5.0
Dindigul,Summer,Cotton,Red,8.94,39.4,22.7,2.34
Kancheepuram,Kharif,Banana,Loamy,7.51,271.5,24.0,5.67
Erode,Kharif,Black Gram,Clay,3.16,259.3,21.1,0.45
Namakkal,Kharif,Turmeric,Red,4.97,268.6,34.6,3.86
Salem,Summer,Banana,Red,4.26,92.5,29.6,5.25
Madurai,Summer,Chilli,Clay,1.35,63.5,18.4,2.31
Kancheepuram,Rabi,Coconut,Loamy,9.12,116.6,29.3,3.15
Thanjavur,Kharif,Rice,Clay,9.09,105.7,27.1,4.22
Namakkal,Kharif,Rice,Clay,4.15,150.7,40.4,2.76
Thanjavur,Summer,Groundnut,Alluvial,8.87,70.9,29.1,2.0
Cuddalore,Summer,Turmeric,Loamy,10.94,24.9,23.8,4.32
Vellore,Summer,Turmeric,Red,11.92,21.0,33.4,2.46
Erode,Summer,Banana,Loamy,9.69,84.6,18.5,3.57
Coimbatore,Rabi,Black Gram,Alluvial,4.41,108.3,27.1,1.49
Namakkal,Summer,Banana,Alluvial,10.92,75.8,20.4,3.76
Villupuram,Summer,Coconut,Black,9.36,43.7,24.9,2.87
Villupuram,Summer,Ragi,Alluvial,1.65,31.5,24.5,1.52
Coimbatore,Summer,Turmeric,Loamy,5.43,76.2,26.7,5.02
Coimbatore,Summer,Sugarcane,Red,11.13,102.0,38.4,4.66
Tirunelveli,Rabi,Turmeric,Alluvial,5.56,41.0,26.9,3.46
Namakkal,Kharif,Maize,Alluvial,2.33,302.5,24.6,2.02
Kancheepuram,Kharif,Maize,Red,7.07,314.6,30.7,2.29
Madurai,Rabi,Black Gram,Alluvial,3.78,52.5,36.4,1.3
Salem,Kharif,Turmeric,Loamy,1.75,96.1,40.3,3.35
Coimbatore,Rabi,Sunflower,Loamy,10.33,112.5,26.0,1.29
Kancheepuram,Rabi,Sesame,Loamy,4.0,87.4,36.1,0.44
Tirunelveli,Summer,Turmeric,Loamy,2.82,29.9,27.9,3.36
Namakkal,Summer,Sesame,Loamy,4.05,48.4,30.8,0.41
Dindigul,Kharif,Sunflower,Black,10.46,254.2,24.8,0.93
Trichy,Summer,Millets,Black,1.11,86.0,35.2,1.2
Erode,Summer,Maize,Red,3.52,107.5,33.1,3.6
Vellore,Kharif,Soybean,Black,5.62,105.0,41.4,2.05
Tiruppur,Summer,Ragi,Black,10.46,45.9,25.9,1.72
Dindigul,Summer,Millets,Alluvial,4.65,10.5,39.0,0.96
Kancheepuram,Kharif,Ragi,Black,5.88,305.8,20.5,1.76
Madurai,Summer,Sunflower,Clay,11.82,56.5,40.5,0.24
Kancheepuram,Rabi,Cotton,Red,6.21,125.2,40.3,0.97
Tiruppur,Summer,Cotton,Alluvial,1.87,58.9,29.9,1.77
Trichy,Kharif,Sesame,Black,2.83,275.4,37.3,0.43
Erode,Summer,Turmeric,Red,2.5,74.4,40.8,1.91
Cuddalore,Rabi,Sesame,Loamy,1.57,40.6,34.6,0.67
Villupuram,Kharif,Soybean,Black,5.42,177.8,18.1,1.24
Namakkal,Summer,Banana,Red,5.73,84.9,23.8,5.07
Namakkal,Summer,Turmeric,Clay,5.52,71.2,35.6,2.62
Dindigul,Kharif,Coconut,Alluvial,3.31,225.7,41.0,2.62
Erode,Summer,Banana,Red,9.8,97.1,33.3,2.83
Madurai,Rabi,Chilli,Clay,0.64,37.0,24.1,2.64
Trichy,Summer,Green Gram,Loamy,10.95,40.6,18.7,0.62
Tirunelveli,Kharif,Groundnut,Loamy,9.18,147.4,37.9,1.85
Coimbatore,Summer,Soybean,Loamy,2.91,16.8,20.6,1.19
Madurai,Kharif,Black Gram,Black,2.71,162.1,31.5,1.07
Thanjavur,Rabi,Sugarcane,Alluvial,6.33,65.3,18.1,3.79
Vellore,Kharif,Green Gram,Loamy,8.0,267.9,22.3,0.66
Coimbatore,Rabi,Sugarcane,Alluvial,11.87,98.5,29.0,6.05
Thanjavur,Kharif,Black Gram,Black,7.41,238.3,28.4,1.02
Tirunelveli,Rabi,Black Gram,Red,1.97,110.4,39.4,1.26
Tirunelveli,Summer,Banana,Alluvial,3.78,15.1,30.4,3.7
Dindigul,Summer,Sunflower,Black,6.12,103.6,35.6,0.69
Villupuram,Rabi,Rice,Alluvial,11.51,22.1,40.5,2.44
Salem,Kharif,Sugarcane,Red,9.29,188.2,41.3,4.43
Dindigul,Kharif,Soybean,Clay,1.19,86.0,19.7,2.02
Vellore,Kharif,Soybean,Black,1.11,234.2,18.5,1.45
Kancheepuram,Rabi,Soybean,Alluvial,3.33,136.9,29.9,1.04
Salem,Summer,Sugarcane,Red,6.55,67.1,28.0,5.83
Thanjavur,Summer,Sugarcane,Red,2.16,98.5,33.8,5.42
Tirunelveli,Rabi,Turmeric,Alluvial,7.03,136.8,20.7,3.85
Coimbatore,Rabi,Ragi,Black,3.89,93.0,27.1,2.09
Madurai,Kharif,Coconut,Loamy,9.66,140.8,30.2,3.32
Trichy,Rabi,Cotton,Red,11.59,54.6,24.5,1.69
Coimbatore,Kharif,Maize,Loamy,11.16,285.9,37.7,0.95
Madurai,Rabi,Coconut,Alluvial,3.43,113.8,26.6,4.11
Trichy,Rabi,Sunflower,Loamy,2.31,111.5,34.4,0.93
Trichy,Rabi,Millets,Red,2.99,46.6,30.2,2.28
Thoothukudi,Rabi,Banana,Clay,7.27,76.7,38.4,2.37
Kancheepuram,Summer,Maize,Alluvial,4.97,28.0,25.7,3.54
Madurai,Rabi,Coconut,Black,3.79,84.3,24.1,2.57
Coimbatore,Rabi,Cotton,Black,8.9,59.2,24.1,1.81
Vellore,Summer,Cotton,Black,5.33,25.3,41.8,1.09
Tirunelveli,Kharif,Millets,Loamy,9.9,151.8,28.1,0.79
Madurai,Summer,Banana,Loamy,1.43,78.8,29.5,4.55
Tiruppur,Summer,Millets,Red,8.22,20.0,19.1,0.63
Kancheepuram,Rabi,Rice,Clay,8.44,84.0,25.3,4.72
Salem,Kharif,Sunflower,Alluvial,9.07,156.1,41.2,1.22
Erode,Rabi,Cotton,Red,6.77,152.8,21.5,1.29
Erode,Rabi,Sesame,Clay,2.82,25.2,21.9,0.36
Thoothukudi,Rabi,Cotton,Red,6.05,93.3,40.9,1.22
Namakkal,Summer,Black Gram,Red,9.1,30.8,38.6,0.79
Tirunelveli,Summer,Black Gram,Loamy,5.84,104.9,37.2,1.03
Villupuram,Summer,Ragi,Clay,1.11,15.8,21.9,1.87
Thoothukudi,Kharif,Rice,Alluvial,11.24,247.5,22.6,4.2
Coimbatore,Summer,Banana,Red,4.16,87.1,39.9,2.32
Thoothukudi,Kharif,Groundnut,Clay,8.54,157.7,36.2,1.2
Cuddalore,Kharif,Black Gram,Alluvial,9.36,239.4,28.5,1.01
Villupuram,Rabi,Green Gram,Clay,4.93,63.5,21.2,0.9
Erode,Rabi,Sunflower,Alluvial,3.29,50.7,25.2,1.75
Kancheepuram,Kharif,Banana,Red,9.76,265.7,30.9,4.11
Erode,Summer,Green Gram,Alluvial,11.87,19.5,22.9,0.65
Namakkal,Kharif,Chilli,Loamy,10.97,234.0,33.9,1.15
Thoothukudi,Summer,Coconut,Clay,7.02,78.9,38.8,1.89
Tirunelveli,Summer,Black Gram,Clay,1.85,76.6,19.3,0.59
Madurai,Rabi,Chilli,Black,10.39,124.9,21.1,2.63
Trichy,Kharif,Sunflower,Red,3.88,112.3,20.4,1.7
Thoothukudi,Rabi,Sugarcane,Loamy,3.08,152.7,40.2,3.74
Thanjavur,Rabi,Turmeric,Clay,1.64,118.3,20.1,3.86
Kancheepuram,Rabi,Turmeric,Loamy,0.89,125.6,22.7,4.51
Trichy,Summer,Millets,Clay,5.51,107.1,23.7,0.74
Erode,Rabi,Sesame,Red,2.57,74.5,28.3,1.11
Thanjavur,Rabi,Soybean,Black,5.7,44.7,26.7,1.97
Namakkal,Summer,Soybean,Loamy,9.47,92.4,28.7,1.57
Thoothukudi,Rabi,Rice,Black,7.48,69.3,33.3,2.96
Thanjavur,Summer,Chilli,Loamy,6.54,98.9,18.2,1.96
Villupuram,Kharif,Turmeric,Black,11.66,195.4,37.3,2.67
Vellore,Summer,Sunflower,Black,7.4,89.2,35.7,0.86
Tirunelveli,Rabi,Sugarcane,Clay,10.55,38.7,22.2,3.85
Tirunelveli,Rabi,Turmeric,Black,6.83,152.9,23.1,4.18
Namakkal,Summer,Black Gram,Loamy,4.36,81.0,25.3,0.82
Trichy,Kharif,Maize,Clay,3.45,248.2,18.6,1.66
Tirunelveli,Rabi,Groundnut,Alluvial,10.21,156.0,20.7,1.68
Villupuram,Summer,Sesame,Black,7.12,50.1,28.2,0.82
Salem,Rabi,Sugarcane,Black,0.76,95.4,28.7,4.84
Trichy,Summer,Soybean,Clay,8.39,89.6,41.2,0.8
Kancheepuram,Rabi,Coconut,Red,0.62,140.4,36.2,2.95
Thanjavur,Summer,Coconut,Clay,2.52,55.7,23.2,2.92
Thoothukudi,Kharif,Rice,Black,4.86,316.2,24.4,3.7
Salem,Kharif,Green Gram,Red,10.82,319.0,30.1,0.94
Namakkal,Kharif,Chilli,Black,0.54,195.7,35.4,1.59
Dindigul,Kharif,Ragi,Alluvial,6.16,98.7,23.6,1.89
Cuddalore,Rabi,Sesame,Black,10.3,139.3,32.1,0.79
Namakkal,Summer,Rice,Alluvial,9.84,65.6,32.1,3.35
Tirunelveli,Summer,Rice,Loamy,11.01,93.0,24.2,3.68
Namakkal,Kharif,Coconut,Loamy,2.67,69.8,19.1,2.75
Dindigul,Kharif,Millets,Loamy,10.32,233.2,27.0,0.58
Coimbatore,Kharif,Ragi,Alluvial,4.52,102.0,21.9,2.69
Coimbatore,Rabi,Sesame,Loamy,11.63,80.0,21.0,0.62
Madurai,Kharif,Chilli,Black,8.32,314.5,24.4,1.74
Vellore,Rabi,Maize,Loamy,6.05,91.2,40.1,1.93
Kancheepuram,Kharif,Sugarcane,Black,6.3,179.8,28.8,6.25
Namakkal,Rabi,Banana,Loamy,4.79,20.4,29.6,3.98
Tiruppur,Summer,Rice,Loamy,11.86,69.5,40.8,2.12
Cuddalore,Summer,Black Gram,Loamy,7.33,12.5,35.3,0.26
Madurai,Summer,Sesame,Clay,11.49,20.4,39.9,0.22
Vellore,Rabi,Sunflower,Red,7.34,110.1,24.4,1.42
Trichy,Rabi,Sesame,Clay,1.32,136.2,34.0,0.45
Thoothukudi,Rabi,Sugarcane,Loamy,5.6,38.2,29.3,5.41
Vellore,Summer,Banana,Alluvial,3.01,35.1,26.3,3.93
Dindigul,Summer,Groundnut,Clay,4.83,53.0,23.3,1.81
Madurai,Rabi,Rice,Alluvial,11.63,117.8,27.4,4.21
Dindigul,Kharif,Soybean,Alluvial,7.32,270.2,37.4,0.51
Namakkal,Kharif,Coconut,Black,4.64,308.6,36.0,2.62
Namakkal,Kharif,Soybean,Loamy,8.0,274.3,28.0,1.0
Kancheepuram,Kharif,Turmeric,Alluvial,1.07,229.8,39.4,2.04
Cuddalore,Summer,Ragi,Alluvial,2.74,77.3,18.5,1.72
Tirunelveli,Rabi,Maize,Alluvial,6.8,72.3,20.6,2.77
Tirunelveli,Summer,Groundnut,Black,7.29,26.7,20.4,1.33
Namakkal,Summer,Cotton,Red,9.17,30.7,33.8,1.4
Dindigul,Rabi,Turmeric,Loamy,3.31,89.2,32.7,3.54
Tiruppur,Summer,Black Gram,Alluvial,6.72,96.5,40.4,0.69
Erode,Summer,Coconut,Red,8.07,67.1,27.1,3.36
Villupuram,Kharif,Maize,Loamy,9.74,245.6,33.7,2.38
Erode,Summer,Groundnut,Alluvial,0.83,12.6,18.7,1.41
Thoothukudi,Rabi,Banana,Red,4.69,74.7,26.3,4.12
Thoothukudi,Rabi,Turmeric,Black,6.01,73.8,32.2,2.96
Salem,Summer,Millets,Loamy,9.96,94.6,27.0,1.4
Tiruppur,Rabi,Sunflower,Black,11.46,159.7,33.2,0.84
Salem,Kharif,Groundnut,Loamy,7.28,215.6,25.2,1.84
Namakkal,Rabi,Sugarcane,Clay,4.89,96.3,33.9,5.19
Dindigul,Summer,Black Gram,Alluvial,10.5,41.0,20.6,0.68
Tiruppur,Rabi,Green Gram,Clay,3.44,84.3,23.3,0.96
Kancheepuram,Summer,Rice,Black,2.39,95.4,28.6,3.71
Salem,Summer,Rice,Alluvial,2.84,73.4,24.3,3.19
Villupuram,Summer,Rice,Alluvial,11.3,21.5,41.3,1.8
Kancheepuram,Rabi,Coconut,Black,3.18,44.4,25.7,3.41
Vellore,Rabi,Banana,Red,11.24,141.6,29.5,5.28
Salem,Kharif,Sugarcane,Loamy,7.24,188.2,36.1,5.13
Salem,Summer,Cotton,Clay,2.11,92.0,38.2,1.12
Kancheepuram,Rabi,Sugarcane,Loamy,6.34,85.0,33.0,4.68
Coimbatore,Summer,Coconut,Loamy,6.91,31.2,21.5,3.15
Tiruppur,Summer,Sesame,Clay,4.93,96.1,29.5,0.57
Trichy,Rabi,Groundnut,Black,11.39,90.8,23.4,2.25
Tiruppur,Rabi,Soybean,Red,1.42,136.4,29.0,1.67
Kancheepuram,Rabi,Coconut,Loamy,8.28,80.8,24.4,2.85
Vellore,Summer,Rice,Loamy,5.19,12.6,26.5,3.56
Tirunelveli,Summer,Soybean,Alluvial,7.85,58.8,38.1,0.87
Cuddalore,Rabi,Sesame,Red,7.2,39.6,18.5,0.89
Coimbatore,Kharif,Turmeric,Clay,6.84,262.6,23.6,5.32
Trichy,Kharif,Maize,Clay,9.58,159.1,32.1,2.98
Cuddalore,Rabi,Ragi,Clay,0.58,27.0,21.4,2.16
Thanjavur,Kharif,Coconut,Black,6.08,307.7,29.6,3.0
Villupuram,Summer,Sesame,Loamy,11.68,74.4,25.9,0.49
Tiruppur,Kharif,Soybean,Black,2.82,229.1,23.6,1.83
Namakkal,Summer,Groundnut,Alluvial,1.02,94.7,22.3,2.18
Vellore,Kharif,Sunflower,Clay,5.6,111.7,27.5,1.23
Kancheepuram,Rabi,Green Gram,Alluvial,7.41,133.5,19.4,0.38
Tiruppur,Summer,Rice,Alluvial,11.67,96.1,18.3,2.18
Tiruppur,Rabi,Sunflower,Alluvial,2.84,97.2,36.5,0.95
Thanjavur,Kharif,Millets,Clay,8.65,155.1,26.6,1.23
Cuddalore,Summer,Sesame,Alluvial,8.31,43.9,26.6,0.67
Salem,Rabi,Cotton,Black,8.26,55.0,35.9,1.28
Vellore,Kharif,Maize,Alluvial,3.35,84.2,34.2,2.8
Erode,Rabi,Sunflower,Alluvial,11.17,73.9,21.7,1.7
Tiruppur,Summer,Sunflower,Loamy,2.22,96.4,20.8,1.29
Coimbatore,Kharif,Turmeric,Red,10.84,135.9,20.6,4.65
Vellore,Kharif,Sesame,Loamy,5.31,254.0,22.5,0.31
Salem,Kharif,Rice,Alluvial,9.15,270.3,19.5,3.6
Tirunelveli,Rabi,Black Gram,Loamy,10.0,135.2,30.4,0.95
Salem,Summer,Sesame,Loamy,5.68,71.1,25.6,0.6
Villupuram,Summer,Banana,Black,10.4,16.8,30.3,3.87
Tiruppur,Kharif,Rice,Alluvial,5.28,310.0,20.8,3.16
Tirunelveli,Rabi,Sunflower,Alluvial,9.0,139.3,33.6,1.16
Madurai,Summer,Rice,Black,9.63,60.9,20.9,2.98
Thanjavur,Rabi,Sunflower,Clay,11.53,147.5,20.5,1.22
Trichy,Summer,Banana,Red,9.64,60.4,25.0,4.79
Thanjavur,Kharif,Cotton,Red,1.9,226.8,39.8,1.11
Madurai,Kharif,Chilli,Alluvial,5.37,175.6,28.2,2.62
Namakkal,Summer,Millets,Loamy,10.45,89.1,34.5,0.99
Vellore,Summer,Millets,Alluvial,6.35,61.7,29.2,1.47
Trichy,Rabi,Cotton,Black,0.82,84.0,31.5,1.72
Villupuram,Summer,Black Gram,Clay,11.54,77.5,30.5,0.94
Vellore,Rabi,Black Gram,Alluvial,0.91,133.8,18.7,1.07
Namakkal,Summer,Sunflower,Loamy,11.52,52.4,34.9,0.91
Kancheepuram,Summer,Green Gram,Clay,4.69,81.1,34.8,0.95
Thanjavur,Rabi,Turmeric,Clay,7.7,115.2,28.6,3.53
Dindigul,Kharif,Rice,Alluvial,6.43,224.6,26.0,4.51
Tirunelveli,Rabi,Groundnut,Black,2.23,29.4,41.4,1.42
Tiruppur,Kharif,Maize,Black,7.41,62.2,24.1,3.91
Cuddalore,Summer,Banana,Red,11.15,59.0,41.8,2.85
Erode,Rabi,Groundnut,Black,7.05,142.6,40.7,1.1
Tiruppur,Kharif,Ragi,Red,1.6,203.1,24.4,1.79
Villupuram,Summer,Ragi,Red,1.54,96.3,28.7,1.99
Thanjavur,Rabi,Cotton,Red,3.89,90.2,31.1,2.13
Tiruppur,Rabi,Soybean,Black,8.36,31.1,28.9,1.22
Kancheepuram,Rabi,Sugarcane,Alluvial,6.09,113.2,30.7,6.45
Erode,Summer,Chilli,Loamy,5.11,101.5,31.6,1.79
Namakkal,Rabi,Sugarcane,Black,2.16,37.8,35.1,4.22
Erode,Summer,Turmeric,Clay,9.58,42.0,32.1,2.99
Trichy,Kharif,Groundnut,Black,11.43,126.8,33.7,1.32
Madurai,Summer,Banana,Black,11.33,70.7,30.1,5.21
Trichy,Rabi,Green Gram,Clay,6.47,106.3,37.3,1.08
Namakkal,Kharif,Turmeric,Alluvial,2.02,104.6,22.1,4.27
Tiruppur,Summer,Sesame,Red,3.28,37.4,28.1,0.71
Villupuram,Summer,Millets,Black,11.7,22.4,26.4,1.61
Namakkal,Rabi,Rice,Loamy,0.62,152.7,20.1,3.78
Trichy,Summer,Coconut,Red,9.87,95.5,31.8,3.51
Namakkal,Summer,Coconut,Clay,11.11,102.3,41.6,1.94
Kancheepuram,Rabi,Turmeric,Clay,10.58,103.9,18.6,2.93
Tirunelveli,Rabi,Black Gram,Clay,4.46,158.2,31.3,0.75
Coimbatore,Summer,Turmeric,Red,7.57,104.5,26.5,4.26
Tiruppur,Kharif,Chilli,Clay,9.18,165.1,40.2,2.0
Thanjavur,Rabi,Turmeric,Clay,11.88,21.1,37.3,2.32
Trichy,Rabi,Chilli,Red,3.2,133.6,20.5,1.89
Villupuram,Rabi,Turmeric,Clay,11.15,76.6,31.1,2.6
Salem,Summer,Ragi,Black,10.31,108.5,25.4,2.2
Villupuram,Rabi,Soybean,Red,1.96,155.5,40.5,1.04
Coimbatore,Summer,Soybean,Alluvial,10.34,88.5,29.5,1.69
Cuddalore,Kharif,Cotton,Black,7.39,241.1,21.1,1.65
Kancheepuram,Summer,Banana,Red,5.54,46.7,34.8,3.42
Trichy,Kharif,Groundnut,Loamy,10.57,199.4,36.7,0.81
Kancheepuram,Summer,Banana,Alluvial,1.61,57.2,22.7,3.07
Coimbatore,Summer,Banana,Clay,11.91,68.3,22.0,4.43
Kancheepuram,Summer,Green Gram,Alluvial,8.03,40.7,30.9,1.09
Thanjavur,Kharif,Soybean,Red,3.25,113.9,20.6,2.21
Thoothukudi,Rabi,Banana,Clay,9.55,97.7,31.9,3.6
Coimbatore,Kharif,Soybean,Alluvial,9.08,299.9,35.0,1.4
Madurai,Kharif,Sugarcane,Black,7.89,168.1,28.9,7.34
Erode,Kharif,Ragi,Clay,5.33,169.8,40.4,1.09
Tirunelveli,Summer,Black Gram,Red,9.89,81.2,31.2,1.46
Namakkal,Summer,Black Gram,Clay,6.09,99.8,26.8,0.73
Coimbatore,Rabi,Green Gram,Black,2.88,96.7,18.0,0.79
Thanjavur,Kharif,Soybean,Clay,5.24,134.2,27.4,1.68
Thanjavur,Rabi,Black Gram,Loamy,3.62,86.7,26.4,1.16
Cuddalore,Kharif,Coconut,Loamy,1.2,318.2,25.5,4.34
Tirunelveli,Kharif,Groundnut,Clay,10.01,156.7,38.1,1.85
Cuddalore,Rabi,Millets,Black,6.94,153.1,31.7,1.01
Tirunelveli,Summer,Chilli,Clay,5.4,22.1,29.8,1.91
Madurai,Rabi,Ragi,Alluvial,9.36,75.2,30.7,1.29
Tirunelveli,Rabi,Soybean,Clay,11.44,30.8,27.8,1.38
Namakkal,Kharif,Green Gram,Alluvial,2.58,287.9,26.5,0.59
Madurai,Kharif,Sunflower,Clay,4.56,135.3,18.9,1.11
Madurai,Rabi,Maize,Clay,3.07,128.1,35.6,2.78
Kancheepuram,Summer,Soybean,Clay,6.02,40.1,36.3,1.21
Erode,Summer,Sesame,Red,11.31,64.2,33.8,0.71
Dindigul,Kharif,Sunflower,Alluvial,0.52,119.9,24.0,1.21
Trichy,Rabi,Ragi,Red,1.12,37.9,23.8,2.41
Tiruppur,Rabi,Rice,Red,0.61,107.0,31.5,3.9
Villupuram,Rabi,Millets,Red,1.69,71.1,31.3,2.18
Erode,Kharif,Maize,Black,7.22,126.3,25.9,3.17
Dindigul,Summer,Rice,Alluvial,10.44,72.7,21.6,3.02
Erode,Kharif,Black Gram,Alluvial,10.54,187.3,41.0,0.85
Namakkal,Rabi,Rice,Red,11.75,112.2,24.6,4.95
Cuddalore,Summer,Sunflower,Loamy,2.23,40.1,41.3,0.62
Madurai,Summer,Rice,Clay,1.55,14.7,20.6,2.9
Tirunelveli,Rabi,Groundnut,Black,5.87,46.1,18.5,1.71
Villupuram,Rabi,Black Gram,Alluvial,11.01,131.0,34.5,1.06
Villupuram,Summer,Ragi,Black,8.83,62.8,24.7,2.41
Thanjavur,Kharif,Soybean,Red,7.86,173.6,25.7,2.33
Namakkal,Summer,Green Gram,Clay,5.6,95.5,24.5,0.87
Madurai,Kharif,Chilli,Alluvial,9.7,76.4,30.1,3.08
Villupuram,Kharif,Soybean,Alluvial,6.43,78.6,26.2,2.12
Salem,Kharif,Turmeric,Black,7.24,190.0,25.2,5.53
Thoothukudi,Summer,Banana,Red,3.51,83.3,41.1,2.53
Trichy,Kharif,Chilli,Red,1.64,143.9,39.6,1.31
Erode,Kharif,Ragi,Red,0.99,160.9,31.7,1.49
Kancheepuram,Summer,Sugarcane,Red,8.62,102.7,28.5,4.83
Salem,Summer,Sugarcane,Alluvial,3.4,13.4,32.9,5.42
Dindigul,Kharif,Rice,Clay,10.72,201.9,33.4,4.4
Namakkal,Summer,Groundnut,Clay,5.09,39.7,28.5,1.89
Trichy,Summer,Turmeric,Clay,0.64,29.7,33.1,3.39
Tirunelveli,Summer,Sugarcane,Clay,2.86,28.4,41.8,2.23
Vellore,Rabi,Chilli,Red,7.06,42.3,33.5,2.37
Trichy,Rabi,Turmeric,Loamy,3.02,23.5,26.7,4.47
Thanjavur,Kharif,Millets,Alluvial,7.82,81.1,29.5,1.54
Coimbatore,Rabi,Sesame,Red,2.65,157.6,22.0,0.72
Vellore,Summer,Maize,Clay,8.69,47.4,38.5,2.44
Dindigul,Summer,Soybean,Alluvial,3.06,12.4,30.0,0.91
Salem,Rabi,Sunflower,Black,4.04,29.8,18.8,1.68
Dindigul,Kharif,Green Gram,Red,9.76,81.2,40.1,0.77
Tiruppur,Summer,Green Gram,Black,11.1,30.9,38.5,0.49
Tirunelveli,Rabi,Cotton,Black,8.88,79.1,31.2,1.76
Salem,Rabi,Turmeric,Alluvial,2.98,148.5,28.1,3.79
Kancheepuram,Rabi,Cotton,Red,1.05,33.0,25.4,1.86
Salem,Summer,Millets,Red,9.92,96.6,22.5,1.58
Villupuram,Kharif,Millets,Black,2.68,128.1,20.8,1.01
Thoothukudi,Kharif,Chilli,Loamy,3.09,293.7,26.4,1.61
Namakkal,Rabi,Chilli,Loamy,9.58,56.1,39.9,1.59
Tiruppur,Kharif,Soybean,Clay,11.47,246.9,36.3,1.19
Thoothukudi,Summer,Green Gram,Alluvial,8.57,53.6,41.5,0.76
Salem,Rabi,Black Gram,Alluvial,0.95,131.1,34.3,1.34
Trichy,Rabi,Groundnut,Alluvial,4.37,146.4,22.5,1.75
Trichy,Rabi,Black Gram,Loamy,3.32,120.2,41.7,0.68
Tiruppur,Kharif,Soybean,Alluvial,0.55,163.7,19.3,1.14
Madurai,Summer,Turmeric,Red,1.09,29.7,22.1,3.94
Erode,Kharif,Chilli,Alluvial,7.49,66.8,40.3,2.5
Coimbatore,Summer,Black Gram,Loamy,7.1,50.6,40.0,0.56
Erode,Rabi,Millets,Red,3.1,30.3,38.1,1.19
Namakkal,Rabi,Banana,Clay,7.23,45.5,39.5,2.45
Erode,Summer,Millets,Loamy,4.37,63.2,36.7,0.74
Erode,Kharif,Millets,Alluvial,2.92,214.4,29.2,1.21
Villupuram,Kharif,Chilli,Clay,10.42,203.8,25.3,2.05
Madurai,Summer,Sugarcane,Loamy,3.78,107.3,38.1,4.52
Tiruppur,Summer,Green Gram,Clay,10.49,105.8,41.8,0.68
Dindigul,Summer,Coconut,Red,5.9,47.8,32.6,3.05
Madurai,Kharif,Sesame,Red,10.08,243.6,38.6,0.67
Villupuram,Summer,Banana,Black,1.95,16.1,37.2,2.54
Thanjavur,Rabi,Rice,Black,6.99,99.3,38.4,2.84
Cuddalore,Rabi,Ragi,Black,10.92,23.8,33.5,1.15
Tiruppur,Kharif,Sugarcane,Loamy,11.0,153.6,41.4,4.72
Thanjavur,Rabi,Coconut,Black,3.44,130.0,34.0,2.65
Villupuram,Rabi,Turmeric,Red,8.42,93.5,37.0,2.04
Vellore,Rabi,Black Gram,Clay,8.29,145.6,32.6,1.07
Madurai,Kharif,Cotton,Clay,8.02,63.1,23.1,1.62
Coimbatore,Kharif,Maize,Alluvial,4.21,293.4,37.7,1.29
Villupuram,Kharif,Maize,Black,8.87,232.1,40.6,1.29
Villupuram,Rabi,Banana,Alluvial,8.1,81.6,35.3,2.75
Thanjavur,Rabi,Cotton,Loamy,9.79,93.6,39.8,0.84
Vellore,Kharif,Chilli,Loamy,3.06,206.3,35.8,2.21
Coimbatore,Summer,Coconut,Alluvial,11.25,104.1,36.8,3.39
Thanjavur,Rabi,Coconut,Loamy,9.68,132.7,34.1,2.22
Vellore,Summer,Millets,Clay,3.23,82.3,39.9,0.86
Coimbatore,Summer,Sesame,Red,6.93,82.6,41.9,0.44
Thoothukudi,Summer,Millets,Black,7.42,45.9,29.7,1.91
Tiruppur,Summer,Soybean,Loamy,2.5,108.2,36.1,1.03
Trichy,Kharif,Coconut,Loamy,4.77,203.1,20.0,2.94
Trichy,Summer,Rice,Loamy,8.01,50.9,29.8,3.27
Villupuram,Kharif,Coconut,Clay,0.58,153.9,23.6,4.0
Villupuram,Rabi,Rice,Red,8.12,109.8,32.3,3.18
Kancheepuram,Kharif,Green Gram,Black,3.77,261.4,35.4,0.52
Thoothukudi,Kharif,Groundnut,Black,10.58,64.0,20.9,2.19
Coimbatore,Rabi,Black Gram,Clay,7.96,121.4,19.3,0.83
Dindigul,Summer,Soybean,Loamy,0.77,94.9,28.2,1.46
Thoothukudi,Rabi,Groundnut,Loamy,1.64,92.8,33.9,2.04
Vellore,Summer,Maize,Black,4.85,48.1,36.4,1.85
Madurai,Rabi,Soybean,Alluvial,11.58,33.9,30.2,1.5
Thanjavur,Summer,Coconut,Loamy,8.84,27.1,26.5,4.34
Trichy,Summer,Soybean,Black,7.78,85.7,18.3,1.2
Thanjavur,Summer,Banana,Black,11.31,33.5,36.1,2.99
Cuddalore,Kharif,Millets,Loamy,8.86,163.4,24.9,1.0
Salem,Rabi,Millets,Alluvial,8.59,103.2,19.1,1.03
Coimbatore,Rabi,Chilli,Alluvial,11.02,85.0,26.5,3.69
Erode,Kharif,Millets,Loamy,8.68,91.7,29.0,1.57
Salem,Kharif,Sesame,Clay,2.73,264.8,35.2,0.54
Vellore,Kharif,Green Gram,Black,8.61,137.4,40.8,0.85
Thoothukudi,Kharif,Groundnut,Alluvial,3.64,165.9,18.4,1.86
Thanjavur,Summer,Chilli,Black,4.9,10.6,19.1,1.99
Namakkal,Kharif,Turmeric,Clay,10.56,138.2,41.8,2.72
Dindigul,Summer,Cotton,Alluvial,6.23,56.4,25.7,1.46
Kancheepuram,Summer,Maize,Black,11.58,10.4,35.7,2.01
Cuddalore,Summer,Rice,Alluvial,3.81,67.3,31.0,3.6
Coimbatore,Kharif,Banana,Alluvial,4.98,271.3,29.1,4.5
Madurai,Summer,Chilli,Red,3.98,64.3,29.8,2.95
Dindigul,Summer,Rice,Loamy,6.51,103.5,22.9,3.38
Salem,Rabi,Coconut,Black,9.99,157.1,25.6,3.74
Cuddalore,Rabi,Maize,Alluvial,5.37,72.7,26.4,3.77
Villupuram,Summer,Chilli,Alluvial,7.07,23.9,20.8,1.67
Thoothukudi,Summer,Sesame,Alluvial,2.54,97.4,23.1,0.4
Tiruppur,Rabi,Rice,Loamy,2.32,81.8,26.3,3.9
Salem,Summer,Cotton,Clay,5.48,54.6,32.3,1.26
Namakkal,Summer,Groundnut,Alluvial,11.51,46.1,36.5,1.26
Tirunelveli,Summer,Maize,Red,8.1,51.5,25.9,4.0
Villupuram,Summer,Turmeric,Clay,11.96,79.1,38.8,2.32
Villupuram,Rabi,Coconut,Loamy,2.62,75.2,27.0,3.72
Trichy,Rabi,Sunflower,Red,11.78,50.0,31.3,1.31
Madurai,Summer,Cotton,Clay,1.62,11.5,36.4,0.6
Coimbatore,Summer,Chilli,Black,3.19,93.2,18.7,2.63
Tirunelveli,Kharif,Chilli,Clay,8.49,309.9,22.0,2.42
Vellore,Rabi,Maize,Alluvial,1.48,90.3,36.6,2.16
Erode,Rabi,Rice,Red,8.71,52.8,26.1,4.12
Villupuram,Rabi,Sugarcane,Alluvial,9.08,73.5,28.4,5.52
Tirunelveli,Rabi,Groundnut,Clay,7.75,123.7,28.5,1.98
Tirunelveli,Summer,Sugarcane,Loamy,2.71,87.9,28.9,5.18
Coimbatore,Rabi,Black Gram,Red,9.82,88.2,36.6,1.2
Trichy,Kharif,Soybean,Loamy,1.44,91.3,22.6,1.72
Kancheepuram,Rabi,Black Gram,Loamy,3.74,117.8,38.5,0.66
Erode,Kharif,Maize,Alluvial,1.41,299.4,41.4,1.77
Trichy,Kharif,Ragi,Alluvial,11.68,256.0,39.0,1.13
Villupuram,Rabi,Sesame,Loamy,10.93,145.1,30.4,0.64
Tirunelveli,Kharif,Turmeric,Clay,3.59,148.4,38.0,3.14
Thanjavur,Summer,Cotton,Alluvial,2.14,83.3,28.4,1.81
Cuddalore,Summer,Coconut,Red,9.94,66.3,34.8,3.0
Kancheepuram,Summer,Millets,Red,4.06,55.0,30.1,1.67
Dindigul,Summer,Ragi,Red,9.67,61.7,40.5,0.91
Cuddalore,Rabi,Rice,Black,7.47,154.9,35.2,4.21
Thoothukudi,Kharif,Black Gram,Red,11.61,271.0,18.7,0.88
Salem,Kharif,Ragi,Red,3.06,200.9,26.9,2.12
Cuddalore,Kharif,Banana,Red,6.46,222.5,19.7,3.86
Erode,Kharif,Black Gram,Black,7.2,319.7,28.5,0.76
Erode,Summer,Coconut,Red,2.84,99.7,20.8,3.34
Madurai,Kharif,Rice,Loamy,11.41,82.1,24.0,3.59
Salem,Rabi,Green Gram,Alluvial,8.09,116.6,18.2,0.59
Coimbatore,Kharif,Cotton,Black,5.31,245.0,39.4,0.89
Vellore,Kharif,Sunflower,Red,8.1,105.7,34.5,1.28
Coimbatore,Summer,Coconut,Alluvial,3.5,35.4,37.5,1.9
Salem,Kharif,Green Gram,Red,8.62,119.1,21.5,0.91
Dindigul,Summer,Chilli,Red,7.63,51.7,25.2,2.95
Thoothukudi,Summer,Coconut,Black,9.02,98.2,40.9,1.39
Namakkal,Kharif,Green Gram,Clay,3.96,263.4,39.9,0.56
Erode,Rabi,Millets,Red,3.49,113.9,22.0,0.85
Tirunelveli,Rabi,Sunflower,Red,9.23,74.7,29.8,1.03
Villupuram,Rabi,Groundnut,Loamy,7.06,31.5,42.0,1.5
Tiruppur,Kharif,Cotton,Alluvial,10.07,319.0,41.7,0.47
Vellore,Rabi,Sugarcane,Red,10.51,78.5,31.8,5.65
Cuddalore,Summer,Millets,Red,1.46,42.7,19.8,1.24
Namakkal,Rabi,Sunflower,Alluvial,7.21,41.1,31.8,1.01
Namakkal,Summer,Soybean,Loamy,7.76,33.9,33.9,0.76
Tiruppur,Rabi,Millets,Red,1.71,27.2,40.9,1.36
Tiruppur,Rabi,Banana,Clay,10.96,32.5,24.1,3.4
Villupuram,Rabi,Maize,Loamy,6.52,118.1,20.3,3.21
Erode,Summer,Black Gram,Black,7.37,30.4,21.9,0.8
Dindigul,Kharif,Groundnut,Alluvial,8.07,174.1,38.9,1.03
Madurai,Rabi,Black Gram,Loamy,8.53,126.7,23.0,0.93
Erode,Rabi,Sugarcane,Red,7.77,154.2,20.2,4.03
Tiruppur,Rabi,Rice,Alluvial,7.67,75.6,19.9,3.99
Namakkal,Kharif,Rice,Red,5.27,146.0,29.2,4.18
Tirunelveli,Rabi,Rice,Clay,11.87,96.1,29.9,4.2
Madurai,Rabi,Coconut,Alluvial,2.54,39.7,40.6,2.02
Thanjavur,Rabi,Sesame,Alluvial,6.19,63.9,41.7,0.37
Cuddalore,Kharif,Green Gram,Red,9.5,136.7,20.5,0.98
Namakkal,Summer,Sunflower,Alluvial,10.89,97.2,28.9,1.36
Thoothukudi,Summer,Maize,Alluvial,6.14,108.4,40.0,2.45
Kancheepuram,Summer,Black Gram,Red,1.73,28.8,28.8,1.23
Madurai,Summer,Green Gram,Black,9.29,97.0,28.5,1.03
Erode,Summer,Sesame,Alluvial,8.87,85.0,25.9,0.54
Thoothukudi,Summer,Coconut,Clay,5.35,19.2,18.3,2.51
Kancheepuram,Kharif,Black Gram,Clay,8.18,61.3,20.3,0.85
Tiruppur,Kharif,Green Gram,Loamy,4.14,68.1,27.9,1.13
Vellore,Summer,Turmeric,Black,5.21,33.6,31.1,2.84
Madurai,Rabi,Sesame,Alluvial,7.2,28.5,26.4,0.72
Tirunelveli,Rabi,Sunflower,Black,0.82,146.6,21.8,1.29
Coimbatore,Kharif,Millets,Black,7.59,301.6,24.1,0.81
Tirunelveli,Kharif,Sunflower,Loamy,10.93,244.6,18.4,0.97
Namakkal,Summer,Cotton,Red,7.1,74.6,34.4,1.75
Coimbatore,Kharif,Millets,Black,4.95,137.3,25.9,1.16
Coimbatore,Kharif,Banana,Alluvial,11.73,247.1,24.8,4.79
Namakkal,Summer,Black Gram,Loamy,9.43,16.1,40.0,0.36
Dindigul,Kharif,Turmeric,Clay,0.78,119.8,32.7,3.31
Tiruppur,Kharif,Groundnut,Black,3.32,118.7,33.5,1.85
Salem,Kharif,Black Gram,Black,6.16,119.9,41.8,1.04
Cuddalore,Kharif,Banana,Clay,2.51,89.3,35.4,4.07
Thanjavur,Summer,Chilli,Clay,7.61,77.6,35.7,2.06
Erode,Rabi,Cotton,Black,2.47,48.5,33.3,1.44
Namakkal,Summer,Sesame,Alluvial,8.67,84.5,28.5,0.58
Cuddalore,Summer,Chilli,Alluvial,0.53,27.9,37.2,1.44
Kancheepuram,Rabi,Millets,Alluvial,3.95,79.8,23.6,1.57
Madurai,Rabi,Millets,Clay,11.77,50.0,27.3,1.68
Coimbatore,Summer,Cotton,Red,9.64,79.4,35.8,1.48
Coimbatore,Rabi,Maize,Alluvial,8.85,125.7,28.3,3.72
Dindigul,Summer,Maize,Red,10.74,24.7,22.0,2.44
Erode,Summer,Green Gram,Alluvial,8.65,31.8,30.4,1.05
Vellore,Summer,Soybean,Red,4.9,46.9,31.4,1.03
Villupuram,Rabi,Soybean,Clay,10.32,52.0,33.3,0.95
Namakkal,Summer,Cotton,Alluvial,8.94,19.4,30.1,1.08
Salem,Summer,Cotton,Red,4.67,95.6,20.4,1.68
Namakkal,Kharif,Soybean,Red,7.51,108.1,28.5,2.12
Cuddalore,Rabi,Banana,Alluvial,10.46,25.9,27.7,4.05
Madurai,Rabi,Chilli,Red,4.29,155.7,33.6,2.4
Thoothukudi,Kharif,Sesame,Black,4.7,253.8,19.7,0.53
Tiruppur,Kharif,Banana,Clay,1.81,234.0,37.5,2.99
Villupuram,Kharif,Sesame,Loamy,3.56,180.3,19.2,0.36
Dindigul,Kharif,Banana,Black,0.77,68.1,20.9,3.41
Kancheepuram,Kharif,Green Gram,Black,10.28,295.6,35.3,0.59
Salem,Rabi,Cotton,Alluvial,9.33,89.9,41.8,0.82
Tirunelveli,Kharif,Millets,Black,3.11,98.8,31.6,1.78
Erode,Rabi,Coconut,Loamy,6.38,76.1,36.7,2.65
Tirunelveli,Summer,Turmeric,Clay,7.12,42.8,39.2,2.77
Madurai,Rabi,Sunflower,Clay,2.69,113.5,38.9,0.96
Tiruppur,Summer,Green Gram,Clay,9.95,39.5,21.8,0.64
Dindigul,Kharif,Millets,Loamy,3.33,65.1,29.9,1.64
Cuddalore,Kharif,Ragi,Black,4.01,114.1,30.1,1.76
Vellore,Rabi,Black Gram,Loamy,5.92,57.4,21.0,0.97
Tirunelveli,Summer,Banana,Clay,3.7,69.8,34.1,3.44
Kancheepuram,Summer,Sesame,Black,2.71,34.9,33.7,0.59
Kancheepuram,Rabi,Black Gram,Black,2.25,128.6,41.0,0.84
Coimbatore,Rabi,Chilli,Black,10.21,41.5,23.5,2.8
Thanjavur,Rabi,Sesame,Red,8.19,58.0,26.4,1.06
Namakkal,Summer,Soybean,Black,11.48,85.6,24.6,2.13
Cuddalore,Rabi,Green Gram,Loamy,4.62,105.5,37.8,1.03
Tirunelveli,Summer,Black Gram,Red,9.8,44.4,21.5,0.73
Kancheepuram,Rabi,Cotton,Black,7.13,59.9,33.4,1.37
Cuddalore,Summer,Rice,Black,4.69,17.0,33.9,3.38
Villupuram,Rabi,Coconut,Black,3.26,128.8,32.1,2.86
Thanjavur,Summer,Sugarcane,Alluvial,3.64,66.6,30.7,6.1
Vellore,Kharif,Sugarcane,Clay,5.62,160.9,24.4,5.07
Thanjavur,Kharif,Green Gram,Black,9.27,284.3,32.1,0.58
Dindigul,Rabi,Chilli,Clay,6.81,90.0,28.3,2.53
Dindigul,Kharif,Banana,Red,9.55,82.3,18.2,3.46
Tiruppur,Kharif,Sunflower,Clay,4.84,208.8,36.0,0.36
Erode,Rabi,Coconut,Black,11.28,143.0,28.3,2.63
Trichy,Rabi,Black Gram,Clay,2.29,107.9,40.0,0.75
Erode,Summer,Groundnut,Black,11.57,48.8,24.2,2.06
Cuddalore,Summer,Cotton,Alluvial,10.53,103.2,36.4,0.92
Trichy,Rabi,Groundnut,Black,11.71,127.4,18.5,2.23
Cuddalore,Summer,Ragi,Black,2.02,75.2,34.2,1.33
Tiruppur,Summer,Sugarcane,Alluvial,7.93,96.6,35.0,5.48
Vellore,Kharif,Rice,Loamy,3.03,78.5,33.1,4.17
Kancheepuram,Summer,Banana,Alluvial,8.85,62.2,33.5,3.66
Tirunelveli,Rabi,Coconut,Black,3.5,115.8,40.0,2.14
Coimbatore,Kharif,Green Gram,Loamy,8.27,261.6,40.9,0.9
Tirunelveli,Summer,Rice,Loamy,4.87,41.7,35.2,2.56
Villupuram,Rabi,Green Gram,Alluvial,3.62,89.5,22.0,0.7
Salem,Summer,Sesame,Red,2.38,105.5,37.0,0.48
Madurai,Rabi,Black Gram,Red,4.13,106.9,25.8,1.48
Cuddalore,Rabi,Soybean,Alluvial,3.2,31.9,30.9,1.17
Tirunelveli,Summer,Cotton,Loamy,6.07,37.0,30.5,0.72
Dindigul,Summer,Groundnut,Black,7.83,58.4,33.8,1.15
Tiruppur,Rabi,Sesame,Red,5.79,82.4,32.9,0.85
Dindigul,Rabi,Groundnut,Alluvial,8.38,74.1,39.8,1.52
Villupuram,Rabi,Black Gram,Red,7.29,133.6,35.8,1.15
Dindigul,Summer,Coconut,Red,5.68,100.1,27.6,3.54
Thoothukudi,Kharif,Sugarcane,Clay,2.97,80.3,34.2,5.89
Coimbatore,Kharif,Chilli,Red,2.6,177.1,35.8,1.71
Trichy,Rabi,Turmeric,Clay,5.18,25.7,32.6,2.49
Tirunelveli,Rabi,Cotton,Clay,5.88,77.3,37.3,1.3
Thanjavur,Summer,Rice,Clay,9.88,107.8,30.8,3.47
Salem,Rabi,Turmeric,Clay,8.93,69.8,18.7,3.77
Trichy,Summer,Sunflower,Red,4.99,100.8,25.7,1.52
Salem,Rabi,Groundnut,Clay,9.51,65.4,34.8,1.24
Trichy,Rabi,Groundnut,Black,11.47,25.9,40.7,1.38
Villupuram,Summer,Ragi,Alluvial,10.47,102.1,33.1,1.02
Madurai,Kharif,Groundnut,Black,3.96,80.9,23.7,2.4
Tirunelveli,Kharif,Maize,Clay,6.13,210.1,24.4,3.05
Kancheepuram,Kharif,Green Gram,Alluvial,1.02,189.0,20.5,0.52
Namakkal,Summer,Rice,Red,6.26,107.4,19.3,2.14
Villupuram,Rabi,Turmeric,Black,10.93,146.5,29.8,3.73
Salem,Rabi,Sugarcane,Loamy,10.81,36.8,40.5,3.7
Dindigul,Kharif,Ragi,Alluvial,11.48,199.6,40.1,0.96
Salem,Rabi,Soybean,Alluvial,1.14,141.7,34.6,1.04
Namakkal,Kharif,Cotton,Red,10.85,105.2,39.4,1.2
Erode,Summer,Black Gram,Alluvial,5.72,95.9,33.6,0.94
Tiruppur,Summer,Banana,Loamy,4.45,44.0,20.0,3.72
Trichy,Kharif,Green Gram,Alluvial,10.63,269.1,35.7,0.62
Tiruppur,Kharif,Black Gram,Black,2.46,149.5,40.2,0.99
Tirunelveli,Rabi,Green Gram,Red,9.38,156.0,20.0,0.75
Vellore,Kharif,Ragi,Loamy,6.17,202.6,28.6,1.19
Tirunelveli,Summer,Sugarcane,Red,8.91,100.0,21.3,4.4
Tirunelveli,Summer,Coconut,Alluvial,4.79,93.3,19.1,2.98
Madurai,Rabi,Banana,Loamy,10.07,28.6,34.5,2.75
Villupuram,Rabi,Soybean,Loamy,1.41,44.0,30.6,1.12
Madurai,Summer,Black Gram,Red,10.44,21.2,28.0,1.18
Villupuram,Rabi,Soybean,Loamy,10.39,151.3,35.9,0.47
Cuddalore,Summer,Black Gram,Red,0.58,79.3,25.5,0.98
Madurai,Rabi,Cotton,Alluvial,3.1,143.1,27.2,1.99
Kancheepuram,Kharif,Maize,Alluvial,8.16,231.1,22.2,2.36
Kancheepuram,Rabi,Ragi,Loamy,5.02,149.2,27.9,1.45
Kancheepuram,Kharif,Maize,Black,4.42,106.1,37.3,2.43
Vellore,Kharif,Green Gram,Alluvial,4.56,221.8,26.1,0.53
Tirunelveli,Rabi,Turmeric,Loamy,3.91,40.4,41.8,2.71
Vellore,Kharif,Sugarcane,Black,9.29,215.7,22.0,5.58
Trichy,Rabi,Cotton,Alluvial,8.34,68.0,25.6,1.68
Coimbatore,Kharif,Sesame,Clay,9.85,217.7,19.4,0.36
Villupuram,Summer,Coconut,Red,6.42,81.5,27.5,3.47
Tiruppur,Summer,Rice,Black,11.88,20.2,37.9,2.83
Erode,Kharif,Millets,Red,6.49,267.3,34.5,1.16
Madurai,Summer,Ragi,Red,11.58,59.3,37.1,1.24
Cuddalore,Kharif,Coconut,Alluvial,3.35,311.0,31.0,3.92
Tiruppur,Rabi,Green Gram,Loamy,10.48,153.4,23.1,0.82
Namakkal,Rabi,Sunflower,Loamy,2.49,22.5,20.0,1.0
Madurai,Rabi,Sesame,Red,4.33,91.0,39.0,0.88
Dindigul,Summer,Maize,Clay,9.41,54.7,19.9,2.53
Thanjavur,Summer,Soybean,Loamy,3.89,56.5,35.7,0.39
Dindigul,Summer,Millets,Red,0.55,46.2,23.7,1.53
Tiruppur,Summer,Groundnut,Clay,8.4,12.9,24.4,1.91
Thanjavur,Rabi,Banana,Loamy,0.86,142.1,40.2,2.63
Thoothukudi,Summer,Millets,Black,10.68,73.5,27.7,1.51
Namakkal,Summer,Rice,Alluvial,7.14,87.3,37.6,3.32
Trichy,Summer,Green Gram,Black,2.36,109.2,38.5,0.91
Thanjavur,Rabi,Cotton,Clay,3.66,111.4,26.8,2.31
Dindigul,Summer,Rice,Clay,9.54,41.9,28.0,3.64
Tiruppur,Kharif,Soybean,Alluvial,7.11,162.9,25.3,1.6
Thoothukudi,Rabi,Soybean,Black,1.15,128.3,22.8,1.74
Trichy,Kharif,Soybean,Black,10.02,239.4,41.3,1.37
Cuddalore,Kharif,Ragi,Black,0.71,103.9,41.4,1.87
Kancheepuram,Summer,Black Gram,Red,11.74,65.6,24.3,1.02
Salem,Kharif,Black Gram,Red,7.33,157.3,32.0,1.35
Tiruppur,Summer,Black Gram,Alluvial,9.01,54.3,32.2,1.34
Villupuram,Rabi,Turmeric,Loamy,2.84,159.0,23.1,4.94
Tiruppur,Kharif,Maize,Red,3.72,95.7,22.8,3.62
Kancheepuram,Rabi,Groundnut,Red,0.6,65.1,21.6,2.45
Coimbatore,Rabi,Banana,Red,11.92,60.8,22.9,4.81
Coimbatore,Summer,Groundnut,Alluvial,1.64,102.1,37.2,1.54
Cuddalore,Kharif,Sunflower,Black,0.76,319.0,41.8,0.74
Coimbatore,Summer,Maize,Black,8.57,26.4,40.9,1.9
Salem,Summer,Ragi,Black,10.09,104.5,24.2,1.9
Villupuram,Summer,Groundnut,Black,5.07,104.1,42.0,1.15
Thanjavur,Summer,Sunflower,Black,6.26,93.7,35.7,0.81
Vellore,Rabi,Ragi,Clay,7.83,59.4,38.9,1.41
Vellore,Rabi,Coconut,Black,4.16,51.9,40.1,2.02
Vellore,Kharif,Black Gram,Red,9.34,60.3,18.3,1.27
Vellore,Kharif,Rice,Alluvial,6.94,309.2,23.6,4.37
Coimbatore,Summer,Black Gram,Clay,3.73,100.3,35.8,0.78
Erode,Kharif,Green Gram,Clay,5.53,298.8,30.4,0.45
Coimbatore,Rabi,Maize,Clay,1.32,85.8,22.6,3.25
Cuddalore,Kharif,Turmeric,Alluvial,0.6,263.0,36.9,2.57
Vellore,Kharif,Coconut,Clay,0.67,314.2,31.3,2.93
Madurai,Rabi,Turmeric,Clay,5.5,92.1,34.6,2.07
Villupuram,Summer,Banana,Black,7.96,40.2,23.9,4.34
Namakkal,Kharif,Rice,Alluvial,4.09,178.4,23.0,3.89
Tirunelveli,Summer,Banana,Black,5.07,25.2,18.2,2.91
Erode,Kharif,Sunflower,Loamy,7.81,178.0,39.9,0.99
Tirunelveli,Summer,Rice,Red,4.07,55.2,19.4,2.25
Kancheepuram,Summer,Groundnut,Red,7.97,45.7,29.0,2.02
Dindigul,Rabi,Green Gram,Alluvial,2.89,115.8,37.7,0.63
Tiruppur,Kharif,Maize,Loamy,2.54,215.4,33.1,2.0
Villupuram,Summer,Maize,Clay,7.91,17.3,34.1,2.3
Cuddalore,Rabi,Green Gram,Loamy,2.55,32.0,32.0,1.36
Thanjavur,Rabi,Chilli,Black,5.48,94.9,22.1,3.21
Thoothukudi,Summer,Banana,Red,2.3,72.6,38.9,2.32
Erode,Kharif,Sugarcane,Black,11.03,224.2,39.1,5.43
Tirunelveli,Kharif,Chilli,Red,7.61,249.6,41.7,1.16
Thanjavur,Summer,Rice,Black,3.27,72.0,24.1,3.93
Tirunelveli,Rabi,Black Gram,Alluvial,7.49,112.4,26.8,1.32
Tiruppur,Rabi,Coconut,Clay,10.73,81.2,21.6,2.47
Vellore,Kharif,Black Gram,Red,1.79,311.4,35.8,0.91
Cuddalore,Summer,Rice,Red,8.25,37.2,33.9,2.51
Dindigul,Kharif,Turmeric,Clay,8.34,203.2,23.2,4.46
Villupuram,Summer,Soybean,Clay,5.2,23.5,30.7,1.41
Vellore,Summer,Maize,Loamy,8.82,32.4,40.9,2.03
Tirunelveli,Summer,Sugarcane,Black,2.49,77.0,35.7,4.77
Vellore,Summer,Coconut,Loamy,10.35,44.8,21.9,3.45
Madurai,Kharif,Coconut,Black,7.74,145.3,21.8,2.78
Villupuram,Kharif,Cotton,Alluvial,9.11,301.8,27.6,0.9
Salem,Kharif,Banana,Clay,7.81,214.0,32.4,4.87
Madurai,Summer,Soybean,Black,6.45,42.2,37.3,1.47
Tirunelveli,Kharif,Soybean,Clay,6.48,219.7,37.0,1.09
Cuddalore,Kharif,Green Gram,Clay,5.11,311.3,18.8,0.48
Cuddalore,Kharif,Millets,Clay,10.05,81.4,36.8,1.05
Salem,Rabi,Sugarcane,Red,2.73,131.5,34.4,5.08
Kancheepuram,Summer,Millets,Clay,5.89,32.7,28.9,1.92
Coimbatore,Summer,Coconut,Clay,11.42,69.4,34.5,2.37
Thoothukudi,Kharif,Millets,Clay,0.72,144.8,35.4,0.91
Coimbatore,Rabi,Rice,Black,7.83,56.7,35.8,3.05
Madurai,Summer,Black Gram,Red,9.54,83.8,24.8,1.35
Thoothukudi,Rabi,Chilli,Clay,8.88,59.6,28.7,3.19
Dindigul,Summer,Sugarcane,Clay,11.7,91.8,27.0,6.32
Villupuram,Summer,Ragi,Alluvial,3.34,17.5,21.1,2.13
Trichy,Rabi,Turmeric,Clay,4.59,123.3,31.3,2.95
Trichy,Rabi,Rice,Loamy,9.1,96.5,32.5,3.79
Villupuram,Rabi,Black Gram,Black,5.35,24.4,27.9,1.27
Thanjavur,Kharif,Maize,Alluvial,10.15,97.8,18.7,3.38
Thanjavur,Rabi,Cotton,Loamy,6.0,136.0,29.9,1.28
Kancheepuram,Rabi,Soybean,Black,8.22,51.6,36.0,0.93
Madurai,Kharif,Maize,Loamy,0.75,312.8,24.8,2.15
Salem,Kharif,Sesame,Clay,5.96,227.2,29.7,0.41
Thoothukudi,Summer,Rice,Alluvial,6.35,37.3,38.0,3.29
Salem,Summer,Groundnut,Black,0.95,78.8,32.7,1.52
Thanjavur,Kharif,Black Gram,Clay,7.69,248.2,18.9,0.39
Thoothukudi,Rabi,Maize,Alluvial,2.65,26.2,28.6,3.17
Tirunelveli,Rabi,Black Gram,Black,8.73,78.6,41.1,1.22
Cuddalore,Rabi,Cotton,Red,1.21,55.1,18.9,1.48
Trichy,Rabi,Sugarcane,Alluvial,2.38,121.9,39.5,4.54
Cuddalore,Rabi,Chilli,Clay,0.99,120.8,32.5,2.81
Trichy,Rabi,Rice,Red,8.84,98.3,41.8,2.04
Tirunelveli,Kharif,Sunflower,Clay,5.32,135.3,31.4,1.07
Vellore,Rabi,Groundnut,Loamy,8.19,33.5,29.8,2.11
Thoothukudi,Kharif,Chilli,Loamy,11.23,107.6,22.4,2.67
Erode,Kharif,Maize,Black,8.88,306.7,40.8,1.47
Coimbatore,Rabi,Soybean,Clay,7.72,130.9,38.9,1.06
Dindigul,Kharif,Soybean,Loamy,7.27,173.0,38.0,1.28
Trichy,Kharif,Sunflower,Clay,6.83,63.1,31.3,1.19
Kancheepuram,Rabi,Sesame,Alluvial,2.57,103.5,33.4,0.62
Cuddalore,Kharif,Chilli,Alluvial,7.57,104.1,30.1,2.78
Tiruppur,Kharif,Chilli,Alluvial,7.95,205.9,36.4,2.34
Vellore,Summer,Maize,Red,5.08,79.1,19.4,3.98
Tirunelveli,Rabi,Green Gram,Loamy,4.93,114.8,19.3,0.86
Vellore,Rabi,Maize,Clay,3.54,111.7,31.7,3.61
Salem,Summer,Ragi,Alluvial,4.9,106.6,20.6,2.16
Cuddalore,Kharif,Coconut,Alluvial,6.65,198.5,30.0,4.05
Trichy,Rabi,Groundnut,Loamy,10.85,156.1,33.5,1.45
Tiruppur,Rabi,Green Gram,Red,6.05,94.7,34.4,1.19
Villupuram,Summer,Ragi,Black,11.16,82.9,29.6,1.71
Thoothukudi,Summer,Maize,Alluvial,11.51,11.1,39.0,2.13
Tirunelveli,Kharif,Black Gram,Clay,2.16,180.3,27.1,0.98
Madurai,Kharif,Sugarcane,Black,6.33,277.1,38.6,5.68
Cuddalore,Summer,Ragi,Loamy,3.94,106.5,40.2,0.88
Thanjavur,Kharif,Banana,Clay,2.29,240.4,36.1,3.05
Dindigul,Rabi,Coconut,Alluvial,3.94,32.1,20.2,3.05
Kancheepuram,Rabi,Sesame,Clay,1.28,50.7,20.6,0.6
Namakkal,Kharif,Soybean,Red,11.86,89.1,34.0,2.02
Madurai,Summer,Millets,Black,6.21,100.8,38.5,0.99
Vellore,Rabi,Black Gram,Black,5.42,95.8,33.9,1.58
Dindigul,Kharif,Turmeric,Black,3.14,203.6,22.3,4.3
Trichy,Rabi,Coconut,Red,6.82,138.9,21.5,3.34
Tirunelveli,Rabi,Maize,Clay,4.28,112.3,34.6,3.07
Madurai,Rabi,Ragi,Alluvial,5.5,123.3,41.8,1.54
Villupuram,Rabi,Black Gram,Red,3.78,51.5,41.4,1.28
Tirunelveli,Summer,Cotton,Loamy,4.4,81.5,36.9,0.39
Villupuram,Summer,Banana,Clay,2.44,50.4,23.2,3.9
Erode,Kharif,Sunflower,Loamy,3.34,154.9,27.7,1.3
Dindigul,Rabi,Ragi,Red,7.73,130.1,41.4,1.51
Thanjavur,Summer,Soybean,Loamy,6.77,32.5,30.2,1.18
Tiruppur,Summer,Sugarcane,Red,3.64,25.7,20.7,4.91
Coimbatore,Rabi,Banana,Clay,9.62,80.5,37.4,2.51
Namakkal,Summer,Maize,Red,8.56,17.3,40.3,1.65
Dindigul,Summer,Rice,Alluvial,7.52,29.2,23.9,3.89
Erode,Kharif,Sesame,Red,9.47,160.4,38.0,0.64
Madurai,Kharif,Sugarcane,Alluvial,8.67,172.6,24.2,5.9
Tirunelveli,Rabi,Sesame,Loamy,3.57,144.6,32.4,0.68
Kancheepuram,Kharif,Ragi,Alluvial,5.65,139.9,29.3,1.57
Coimbatore,Summer,Soybean,Black,1.83,89.0,20.3,1.63
Namakkal,Summer,Black Gram,Black,7.35,14.7,20.6,0.89
Kancheepuram,Summer,Coconut,Clay,4.92,25.0,33.0,2.86
Erode,Summer,Maize,Loamy,0.96,93.6,25.9,4.67
Erode,Summer,Groundnut,Loamy,6.74,74.1,35.7,1.69
Coimbatore,Kharif,Chilli,Alluvial,11.48,237.0,19.6,1.4
Kancheepuram,Rabi,Chilli,Clay,1.67,34.1,35.2,2.14
Trichy,Rabi,Sesame,Loamy,4.7,55.8,39.4,0.52
Thanjavur,Kharif,Turmeric,Red,8.18,275.9,27.0,5.27
Coimbatore,Summer,Soybean,Loamy,8.46,97.8,25.7,1.75
Tiruppur,Kharif,Sugarcane,Black,8.34,142.3,31.7,5.31
Madurai,Kharif,Coconut,Red,0.99,268.4,26.9,4.42
Dindigul,Kharif,Sugarcane,Loamy,1.16,224.2,35.1,5.93
Erode,Summer,Rice,Loamy,7.16,51.8,21.7,2.97
Namakkal,Kharif,Chilli,Black,1.19,105.8,40.6,1.87
Namakkal,Rabi,Banana,Black,4.75,155.9,19.5,3.98
Thoothukudi,Kharif,Groundnut,Red,9.4,271.0,30.8,1.1
Kancheepuram,Rabi,Black Gram,Clay,5.41,146.7,32.1,1.05
Madurai,Summer,Coconut,Red,7.71,72.4,19.4,3.03
Thanjavur,Summer,Sunflower,Black,10.55,58.4,32.3,1.08
Tirunelveli,Summer,Banana,Loamy,10.22,32.9,28.7,4.61
Kancheepuram,Summer,Chilli,Clay,5.67,109.4,32.4,2.44
Coimbatore,Kharif,Green Gram,Alluvial,10.2,60.5,18.3,0.57
Erode,Kharif,Sesame,Black,6.14,116.9,33.2,0.97
Tirunelveli,Summer,Banana,Red,3.89,87.2,39.3,2.87
Cuddalore,Rabi,Maize,Alluvial,10.32,59.1,22.3,2.94
Trichy,Rabi,Sugarcane,Red,5.7,53.7,31.4,4.6
Salem,Summer,Cotton,Loamy,11.48,47.0,26.7,1.84
Madurai,Kharif,Groundnut,Loamy,0.64,145.0,25.4,2.19
Dindigul,Summer,Sesame,Alluvial,5.89,54.0,21.4,0.31
Namakkal,Rabi,Sugarcane,Loamy,0.76,64.3,31.7,5.53
Kancheepuram,Summer,Millets,Clay,9.7,51.6,25.8,1.59
Coimbatore,Summer,Chilli,Clay,7.75,42.0,25.2,2.39
Tiruppur,Rabi,Green Gram,Loamy,2.72,59.0,32.0,1.21
Tirunelveli,Kharif,Green Gram,Loamy,3.55,95.4,36.6,1.19
Coimbatore,Rabi,Black Gram,Black,2.7,144.2,22.7,1.0
Thanjavur,Rabi,Black Gram,Clay,11.68,55.8,35.5,1.34
Vellore,Rabi,Rice,Loamy,9.72,135.6,36.3,4.08
Coimbatore,Kharif,Black Gram,Alluvial,10.59,235.9,33.2,0.79
Salem,Summer,Sesame,Black,1.8,27.3,31.3,0.71
Erode,Kharif,Sesame,Black,1.12,188.6,25.5,0.9
Coimbatore,Kharif,Chilli,Clay,7.59,119.3,37.2,2.56
Tiruppur,Kharif,Turmeric,Red,0.99,151.9,19.9,4.08
Trichy,Rabi,Cotton,Loamy,10.51,156.0,22.0,1.05
Thanjavur,Kharif,Chilli,Clay,9.68,80.2,28.9,3.65
Trichy,Rabi,Groundnut,Red,9.79,97.5,40.9,0.71
Salem,Summer,Coconut,Black,10.58,94.8,22.3,3.36
Erode,Summer,Ragi,Loamy,9.73,98.5,24.1,1.88
Thoothukudi,Rabi,Black Gram,Black,4.14,46.7,36.3,1.25
Trichy,Summer,Chilli,Loamy,9.2,26.6,28.1,2.13
Salem,Summer,Millets,Loamy,7.29,30.9,28.8,1.31
Madurai,Kharif,Ragi,Clay,9.07,180.3,30.9,1.3
Thanjavur,Kharif,Banana,Loamy,3.6,66.4,23.2,4.59
Madurai,Kharif,Millets,Alluvial,0.95,159.4,29.2,0.6
Villupuram,Rabi,Chilli,Alluvial,3.48,46.0,31.5,3.2
Tiruppur,Kharif,Green Gram,Red,7.62,194.0,35.6,0.84
Tirunelveli,Summer,Coconut,Loamy,3.15,92.8,29.0,4.51
Kancheepuram,Kharif,Sugarcane,Red,7.26,254.0,21.1,5.31
Namakkal,Rabi,Coconut,Red,1.56,47.8,24.7,2.85
Madurai,Kharif,Coconut,Clay,4.57,63.3,31.0,2.65
Villupuram,Summer,Turmeric,Black,11.43,89.3,29.3,2.92
Vellore,Summer,Coconut,Alluvial,1.24,64.3,33.0,3.3
Coimbatore,Summer,Sugarcane,Alluvial,11.75,24.8,28.8,5.59
Cuddalore,Kharif,Chilli,Loamy,8.57,168.6,22.1,2.39
Villupuram,Summer,Sugarcane,Alluvial,1.02,83.9,31.5,6.29
Coimbatore,Rabi,Groundnut,Loamy,3.47,92.1,32.7,1.65
Tiruppur,Rabi,Cotton,Red,0.87,79.0,22.8,2.02
Dindigul,Summer,Ragi,Black,2.48,20.0,30.8,1.14
Madurai,Rabi,Chilli,Loamy,8.05,54.2,37.4,2.71
Tirunelveli,Summer,Sesame,Black,7.17,89.9,31.9,0.86
Erode,Rabi,Maize,Alluvial,1.49,83.9,26.9,3.93
Madurai,Rabi,Black Gram,Black,8.79,111.0,40.0,1.27
Villupuram,Rabi,Coconut,Clay,10.05,119.4,18.4,1.68
Namakkal,Kharif,Coconut,Alluvial,8.6,180.5,22.7,4.26
Dindigul,Summer,Cotton,Clay,8.3,107.2,34.6,1.01
Coimbatore,Rabi,Rice,Red,3.87,72.5,21.5,3.13
Namakkal,Kharif,Turmeric,Black,5.88,143.2,37.9,3.24
Cuddalore,Summer,Ragi,Red,1.54,81.8,41.0,1.54
Vellore,Rabi,Ragi,Red,5.9,32.8,19.2,1.87
Namakkal,Rabi,Millets,Alluvial,5.12,30.7,35.5,1.51
Vellore,Summer,Cotton,Clay,7.24,83.4,36.1,1.4
Salem,Kharif,Millets,Black,8.15,194.9,33.9,1.22
Coimbatore,Rabi,Cotton,Clay,1.87,83.4,32.4,1.24
Cuddalore,Kharif,Soybean,Red,11.85,162.0,26.9,2.07
Coimbatore,Rabi,Soybean,Black,4.75,96.2,24.4,1.81
Vellore,Kharif,Turmeric,Red,5.35,147.1,41.8,3.18
Villupuram,Kharif,Sesame,Clay,11.61,179.0,28.4,0.42
Cuddalore,Rabi,Millets,Clay,3.21,149.4,28.4,1.32
Madurai,Rabi,Sesame,Black,4.21,114.3,20.2,0.84
Kancheepuram,Summer,Sunflower,Clay,8.31,67.0,35.0,0.57
Dindigul,Kharif,Sugarcane,Alluvial,6.63,164.2,27.9,6.49
Thanjavur,Summer,Rice,Red,2.32,51.6,29.1,4.52
Coimbatore,Summer,Chilli,Black,5.81,75.9,25.7,2.7
Vellore,Rabi,Turmeric,Alluvial,9.84,44.6,24.0,4.4
Tirunelveli,Kharif,Turmeric,Loamy,6.63,80.9,20.7,3.94
Dindigul,Rabi,Maize,Clay,8.93,23.0,27.1,3.49
Namakkal,Kharif,Groundnut,Black,4.19,119.2,26.7,1.9
Dindigul,Kharif,Millets,Loamy,7.62,170.3,26.0,1.17
Tirunelveli,Summer,Rice,Black,4.09,81.8,35.6,2.35
Tiruppur,Kharif,Sugarcane,Alluvial,1.0,138.4,18.2,4.81
Vellore,Summer,Sunflower,Red,9.81,99.4,30.4,1.07
Coimbatore,Rabi,Ragi,Black,8.34,123.3,27.9,1.98
Tiruppur,Rabi,Turmeric,Alluvial,10.39,46.3,19.7,3.55
Dindigul,Kharif,Sunflower,Clay,10.36,293.9,25.0,1.05
Erode,Rabi,Soybean,Loamy,11.74,109.0,40.7,0.91
Thoothukudi,Rabi,Sugarcane,Clay,2.53,113.8,19.0,3.79
Namakkal,Kharif,Millets,Black,0.88,166.8,28.8,1.37
Thoothukudi,Kharif,Black Gram,Red,2.62,136.5,26.5,1.34
Coimbatore,Rabi,Sunflower,Clay,7.17,125.7,40.8,0.93
Coimbatore,Rabi,Maize,Loamy,2.69,114.7,33.0,2.71
Erode,Rabi,Coconut,Loamy,7.88,47.3,25.4,2.87
Erode,Summer,Sesame,Black,1.56,49.8,22.7,0.83
Vellore,Rabi,Rice,Clay,7.9,24.4,42.0,2.57
Cuddalore,Kharif,Sunflower,Alluvial,10.31,243.9,38.6,0.8
Thoothukudi,Summer,Maize,Clay,7.94,104.0,35.9,2.28
Tirunelveli,Rabi,Cotton,Red,11.38,143.8,24.3,2.0
Thoothukudi,Summer,Maize,Loamy,10.02,99.7,36.6,2.48
Thoothukudi,Rabi,Rice,Loamy,9.87,144.9,28.2,4.25
Namakkal,Kharif,Maize,Red,2.27,143.9,19.2,3.29
Cuddalore,Rabi,Black Gram,Black,6.76,54.7,28.2,1.37
Cuddalore,Kharif,Ragi,Red,5.46,79.8,33.9,1.63
Vellore,Summer,Banana,Loamy,7.76,35.2,24.4,4.81
Kancheepuram,Kharif,Sugarcane,Clay,3.49,108.0,31.5,5.41
Namakkal,Summer,Coconut,Alluvial,8.17,45.7,23.7,3.27
Coimbatore,Kharif,Millets,Red,2.62,103.9,23.0,1.43
Kancheepuram,Summer,Sugarcane,Loamy,9.64,88.8,19.9,3.11
Dindigul,Rabi,Rice,Red,5.08,46.6,20.9,2.99
Coimbatore,Summer,Soybean,Black,3.54,82.5,32.8,1.76
Tirunelveli,Kharif,Sunflower,Alluvial,2.28,151.8,27.2,1.18
Thanjavur,Kharif,Sugarcane,Loamy,8.87,262.1,18.5,3.15
Erode,Summer,Maize,Alluvial,9.01,34.3,26.8,3.69
Erode,Rabi,Soybean,Clay,6.54,152.8,40.0,0.9
Madurai,Rabi,Sesame,Alluvial,0.7,39.4,37.1,0.8
Cuddalore,Kharif,Sesame,Loamy,4.64,195.2,28.3,0.58
Cuddalore,Summer,Turmeric,Loamy,5.85,73.0,40.0,2.56
Thanjavur,Summer,Sugarcane,Black,1.92,19.4,38.8,4.58
Trichy,Kharif,Chilli,Black,9.7,165.6,21.2,2.06
Erode,Kharif,Sesame,Alluvial,7.06,81.4,21.1,0.88
Vellore,Kharif,Banana,Clay,8.42,221.3,26.4,4.38
Trichy,Kharif,Millets,Red,8.22,286.9,33.8,1.49
Salem,Rabi,Turmeric,Black,8.44,31.0,26.3,4.02
Tiruppur,Kharif,Millets,Black,4.96,209.9,25.1,1.24
Thoothukudi,Rabi,Sesame,Clay,9.83,49.8,33.7,0.77
Namakkal,Kharif,Soybean,Black,6.86,120.5,32.1,1.63
Salem,Summer,Millets,Red,8.14,101.4,34.2,1.03
Dindigul,Summer,Sunflower,Alluvial,9.83,94.1,24.4,1.26
Madurai,Kharif,Sesame,Red,1.38,115.9,30.0,1.01
Kancheepuram,Summer,Groundnut,Alluvial,5.97,54.0,25.1,1.78
Vellore,Kharif,Cotton,Loamy,5.18,145.6,20.1,1.25
Coimbatore,Rabi,Maize,Black,11.86,106.3,41.8,2.48
Thoothukudi,Summer,Sunflower,Clay,7.17,56.3,35.7,0.18
Tiruppur,Kharif,Banana,Black,7.19,90.1,19.0,3.43
Kancheepuram,Rabi,Banana,Red,1.66,31.5,35.7,2.66
Kancheepuram,Kharif,Coconut,Alluvial,11.94,151.0,27.1,3.95
Thoothukudi,Summer,Turmeric,Clay,4.35,14.3,34.4,2.89
Dindigul,Rabi,Millets,Alluvial,2.75,27.6,19.5,1.33
Tiruppur,Kharif,Turmeric,Black,7.89,261.2,32.2,3.18
Vellore,Summer,Chilli,Red,11.24,102.8,23.7,2.08
Villupuram,Kharif,Turmeric,Loamy,11.51,284.4,38.8,2.3
Erode,Kharif,Chilli,Black,8.24,107.9,36.2,1.85
Tirunelveli,Kharif,Turmeric,Alluvial,7.36,151.2,25.2,4.5
Coimbatore,Summer,Ragi,Red,9.18,39.2,41.9,0.93
Erode,Summer,Sesame,Alluvial,6.0,38.9,36.4,0.43
Thoothukudi,Kharif,Maize,Red,4.96,163.3,25.8,3.28
Coimbatore,Kharif,Sugarcane,Clay,1.78,132.1,30.0,6.62
Tirunelveli,Rabi,Soybean,Red,6.23,46.8,21.1,1.24
Tirunelveli,Summer,Chilli,Loamy,7.07,103.8,21.6,3.43
Villupuram,Kharif,Turmeric,Black,6.68,236.0,34.3,3.81
Dindigul,Rabi,Rice,Loamy,11.61,63.9,27.3,5.23
Tiruppur,Summer,Sugarcane,Black,7.97,53.6,33.0,5.83
Madurai,Rabi,Turmeric,Loamy,5.91,109.4,32.8,2.93
Namakkal,Summer,Cotton,Clay,3.6,27.0,21.3,1.13
Erode,Summer,Black Gram,Alluvial,4.18,16.0,22.9,0.79
Salem,Rabi,Cotton,Clay,3.72,104.9,28.3,1.82
Erode,Summer,Ragi,Clay,1.06,59.7,33.4,1.1
Tirunelveli,Rabi,Cotton,Clay,6.03,156.2,32.4,1.14
Tiruppur,Rabi,Sugarcane,Black,11.4,40.1,39.5,4.24
Coimbatore,Summer,Coconut,Black,11.96,60.1,34.7,2.39
Coimbatore,Rabi,Rice,Loamy,4.39,110.0,37.9,2.75
Trichy,Kharif,Maize,Black,6.73,225.3,34.6,1.96
Trichy,Summer,Soybean,Loamy,10.77,68.4,28.8,1.58
Trichy,Rabi,Sesame,Loamy,4.05,98.7,28.4,0.72
Trichy,Kharif,Turmeric,Alluvial,0.97,242.1,28.7,4.48
Tiruppur,Rabi,Black Gram,Black,7.1,157.3,36.4,1.12
Coimbatore,Rabi,Banana,Alluvial,2.62,33.0,21.3,4.46
Coimbatore,Summer,Cotton,Black,6.29,11.1,38.0,1.31
Thanjavur,Summer,Sugarcane,Black,3.78,28.3,36.4,3.52
Trichy,Summer,Sesame,Loamy,3.77,53.2,38.6,0.26
Vellore,Kharif,Banana,Clay,7.93,162.8,25.8,5.34
Coimbatore,Summer,Millets,Alluvial,1.68,49.0,31.8,1.07
Tiruppur,Rabi,Millets,Clay,11.12,91.5,36.3,1.15
Coimbatore,Summer,Sesame,Black,5.34,84.6,27.3,1.0
Salem,Summer,Black Gram,Red,5.04,84.7,19.4,0.58
Madurai,Summer,Cotton,Loamy,9.53,81.7,18.8,1.41
Thoothukudi,Summer,Black Gram,Clay,3.89,67.3,41.7,0.66
Tiruppur,Rabi,Green Gram,Loamy,11.67,76.2,21.1,1.14
Tiruppur,Summer,Sunflower,Clay,9.72,77.7,28.2,1.01
Thanjavur,Summer,Groundnut,Clay,2.81,61.8,18.9,1.99
Dindigul,Rabi,Banana,Red,4.87,154.8,36.2,4.0
Villupuram,Kharif,Coconut,Alluvial,10.49,78.0,18.1,2.88
Dindigul,Rabi,Cotton,Loamy,8.68,56.1,31.7,1.38
Madurai,Summer,Cotton,Black,3.32,27.6,24.0,1.67
Salem,Rabi,Turmeric,Red,1.0,57.0,27.1,3.74
Dindigul,Kharif,Turmeric,Clay,9.74,102.6,28.3,2.79
Coimbatore,Kharif,Maize,Clay,5.24,204.9,18.0,2.59
Dindigul,Summer,Turmeric,Clay,4.87,30.9,41.3,0.7
Tiruppur,Kharif,Turmeric,Clay,7.9,150.0,32.3,3.97
Salem,Rabi,Green Gram,Loamy,9.53,65.8,20.2,0.76
Cuddalore,Rabi,Chilli,Clay,2.02,77.0,24.0,3.11
Tiruppur,Rabi,Sesame,Alluvial,7.1,54.5,35.4,0.7
Thoothukudi,Rabi,Banana,Clay,4.86,43.9,18.5,4.58
Trichy,Rabi,Millets,Loamy,1.69,133.4,34.1,1.07
Salem,Kharif,Groundnut,Clay,11.86,89.2,29.4,2.48
Tirunelveli,Summer,Turmeric,Alluvial,1.24,64.4,40.6,2.46
Thanjavur,Kharif,Maize,Clay,7.56,258.7,31.0,1.74
Namakkal,Summer,Groundnut,Black,3.68,77.1,32.5,1.84
Kancheepuram,Summer,Black Gram,Black,1.19,67.7,26.7,1.03
Tiruppur,Kharif,Maize,Loamy,9.25,123.7,18.2,2.48
Tiruppur,Rabi,Sugarcane,Loamy,1.83,63.5,19.1,3.72
Villupuram,Rabi,Rice,Red,7.91,156.8,20.2,4.07
Tiruppur,Summer,Groundnut,Clay,9.15,85.7,26.2,2.23
Madurai,Kharif,Ragi,Red,2.39,96.3,29.0,2.39
Tirunelveli,Rabi,Rice,Red,8.86,147.6,32.8,4.14
Namakkal,Kharif,Banana,Red,2.39,94.3,41.5,2.31
Tiruppur,Kharif,Coconut,Clay,7.86,178.9,28.0,3.35
Tirunelveli,Kharif,Green Gram,Clay,7.09,130.8,36.6,0.75
Salem,Summer,Groundnut,Alluvial,3.44,84.8,18.6,1.54
Vellore,Rabi,Sunflower,Red,4.64,87.5,34.6,1.11
Thanjavur,Summer,Rice,Clay,2.06,56.2,19.2,2.25
Villupuram,Kharif,Turmeric,Clay,9.92,194.4,24.8,5.34
Thanjavur,Summer,Turmeric,Loamy,5.0,72.6,29.8,3.67
Trichy,Summer,Ragi,Black,1.31,46.0,27.8,1.66
Thoothukudi,Summer,Banana,Alluvial,3.6,71.6,39.3,3.49
Vellore,Rabi,Groundnut,Loamy,3.76,110.3,24.3,2.83
Dindigul,Summer,Maize,Red,4.07,53.7,40.9,2.15
Vellore,Rabi,Turmeric,Clay,5.42,87.9,38.9,2.47
Namakkal,Rabi,Millets,Alluvial,11.86,62.5,36.8,1.28
Coimbatore,Rabi,Coconut,Alluvial,10.92,136.2,33.7,3.07
Vellore,Kharif,Sugarcane,Red,4.38,89.6,23.4,4.58
Erode,Kharif,Sesame,Clay,7.5,303.5,26.3,0.52
Salem,Kharif,Rice,Loamy,11.4,88.6,18.5,2.19
Madurai,Summer,Soybean,Loamy,3.72,58.1,41.4,0.59
Trichy,Kharif,Ragi,Alluvial,9.05,318.5,28.9,0.84
Vellore,Rabi,Ragi,Red,4.9,38.4,20.6,2.23
Madurai,Rabi,Green Gram,Alluvial,1.8,21.1,41.0,0.66
Vellore,Kharif,Maize,Red,10.9,227.5,29.0,2.3
Tiruppur,Kharif,Sesame,Alluvial,7.19,86.6,39.6,0.54
Namakkal,Kharif,Coconut,Red,7.77,117.1,34.9,3.19
Coimbatore,Summer,Soybean,Alluvial,6.96,54.0,30.5,1.19
Dindigul,Kharif,Green Gram,Loamy,2.55,319.5,28.4,0.94
Dindigul,Summer,Green Gram,Black,2.86,17.3,26.1,0.76
Tirunelveli,Rabi,Cotton,Alluvial,2.82,72.6,33.4,1.34
Dindigul,Rabi,Chilli,Clay,0.53,59.9,32.1,2.66
Dindigul,Kharif,Sesame,Black,5.65,141.8,22.4,0.76
Coimbatore,Kharif,Millets,Alluvial,6.59,309.9,28.3,0.81
Thoothukudi,Rabi,Sesame,Clay,8.75,53.5,21.8,0.67
Thanjavur,Rabi,Millets,Alluvial,2.64,120.4,19.1,1.0
Namakkal,Summer,Sesame,Black,4.15,103.7,41.0,0.58
Vellore,Kharif,Sugarcane,Alluvial,0.79,220.6,23.3,6.46
Thanjavur,Summer,Sugarcane,Red,6.33,26.7,20.8,3.82
Villupuram,Rabi,Sunflower,Loamy,10.74,89.5,33.6,0.82
Dindigul,Summer,Cotton,Clay,6.07,16.8,31.2,1.05
Erode,Rabi,Cotton,Alluvial,1.28,142.0,41.2,1.11
Kancheepuram,Summer,Green Gram,Loamy,9.13,45.3,38.7,0.85
Tirunelveli,Rabi,Chilli,Black,8.53,79.5,30.0,2.89
Trichy,Summer,Ragi,Clay,2.66,37.9,27.2,1.16
Villupuram,Rabi,Black Gram,Loamy,7.14,94.5,23.9,1.23
Tirunelveli,Rabi,Millets,Red,9.22,101.2,32.6,2.06
Madurai,Summer,Sesame,Loamy,5.88,77.9,33.5,0.35
Madurai,Summer,Rice,Red,10.77,96.0,39.3,1.95
Madurai,Rabi,Black Gram,Clay,7.08,102.0,32.7,0.91
Salem,Kharif,Cotton,Alluvial,7.97,155.9,19.6,1.63
Cuddalore,Kharif,Ragi,Red,1.8,255.0,28.3,1.8
Vellore,Rabi,Ragi,Black,9.57,85.7,21.6,2.46
Namakkal,Summer,Banana,Red,3.79,18.8,26.8,4.59
Madurai,Kharif,Sesame,Black,10.31,61.3,31.3,1.03
Namakkal,Summer,Rice,Clay,2.62,98.9,41.8,2.82
Madurai,Kharif,Black Gram,Clay,0.98,74.5,31.4,1.46
Dindigul,Summer,Cotton,Red,3.8,25.6,39.1,0.64
Coimbatore,Kharif,Coconut,Alluvial,3.65,264.8,28.0,4.12
Tirunelveli,Summer,Sesame,Clay,1.72,70.2,23.2,0.51
Trichy,Rabi,Turmeric,Clay,7.27,105.6,24.2,4.18
Dindigul,Summer,Soybean,Red,4.17,36.3,29.9,1.26
Tirunelveli,Summer,Rice,Alluvial,9.71,82.7,19.9,3.31
Trichy,Rabi,Black Gram,Alluvial,4.89,110.9,41.2,0.86
Namakkal,Summer,Ragi,Clay,3.17,34.4,34.0,1.13
Cuddalore,Rabi,Sunflower,Alluvial,6.36,80.0,24.0,1.5
Coimbatore,Summer,Sesame,Black,0.85,100.2,24.4,0.68
Tiruppur,Summer,Black Gram,Loamy,10.95,64.8,29.7,1.05
Coimbatore,Summer,Soybean,Alluvial,5.97,91.4,22.6,1.66
Dindigul,Kharif,Banana,Alluvial,3.69,133.0,33.6,4.36
Villupuram,Summer,Sugarcane,Loamy,0.78,55.5,36.5,4.0
Salem,Kharif,Cotton,Loamy,8.46,223.1,21.0,1.37
Madurai,Summer,Sesame,Loamy,10.6,109.1,22.2,0.44
Cuddalore,Summer,Cotton,Loamy,7.45,33.8,24.6,1.33
Dindigul,Rabi,Green Gram,Alluvial,10.59,153.6,20.9,0.76
Thanjavur,Kharif,Green Gram,Black,2.64,286.4,25.7,0.7
Thoothukudi,Rabi,Banana,Alluvial,10.12,104.7,40.1,2.96
Salem,Summer,Ragi,Black,2.13,26.1,35.1,1.82
Tiruppur,Rabi,Banana,Clay,3.33,152.2,34.5,2.89
Trichy,Kharif,Groundnut,Clay,2.48,303.4,41.2,0.94
Tiruppur,Summer,Black Gram,Black,10.06,53.8,19.9,1.04
Salem,Kharif,Chilli,Alluvial,11.14,131.8,35.5,2.69
Thoothukudi,Summer,Groundnut,Red,4.23,87.5,27.9,2.22
Thanjavur,Summer,Sunflower,Black,11.23,80.2,21.3,1.27
Tiruppur,Summer,Soybean,Alluvial,2.56,38.4,26.8,1.47
Namakkal,Summer,Millets,Alluvial,5.61,40.1,29.2,1.62
Kancheepuram,Rabi,Sesame,Black,8.06,48.5,38.2,0.58
Erode,Kharif,Chilli,Red,11.76,60.8,26.1,4.02
Dindigul,Kharif,Sesame,Loamy,3.03,132.3,39.2,0.33
Villupuram,Kharif,Turmeric,Black,5.98,102.5,26.6,4.48
Tiruppur,Rabi,Rice,Alluvial,3.97,121.2,18.3,3.54
Tiruppur,Rabi,Green Gram,Red,7.86,40.5,36.9,1.01
Villupuram,Kharif,Black Gram,Black,9.24,209.1,27.1,1.28
Erode,Rabi,Cotton,Black,11.46,68.8,31.2,2.09
Dindigul,Rabi,Sesame,Clay,7.81,75.8,31.8,0.79
Thanjavur,Kharif,Chilli,Loamy,7.94,200.4,33.4,2.31
Coimbatore,Summer,Millets,Red,9.51,89.6,20.7,1.05
Madurai,Rabi,Cotton,Black,9.88,44.7,31.7,1.89
Tirunelveli,Kharif,Groundnut,Red,11.38,209.2,40.8,1.63
Namakkal,Rabi,Turmeric,Loamy,2.78,61.5,35.8,3.03
Thoothukudi,Summer,Chilli,Clay,4.21,85.2,26.6,2.36
Coimbatore,Rabi,Chilli,Clay,3.25,136.1,26.9,3.16
Coimbatore,Summer,Groundnut,Clay,10.4,21.2,39.3,0.66
Tiruppur,Rabi,Coconut,Loamy,7.09,68.3,20.9,2.45
Madurai,Summer,Banana,Black,8.37,88.8,29.7,3.93
Cuddalore,Summer,Sugarcane,Black,0.77,99.0,31.0,6.27
Madurai,Rabi,Maize,Loamy,5.51,29.0,23.3,3.46
Madurai,Summer,Millets,Alluvial,6.16,86.0,31.2,1.14
Thanjavur,Kharif,Cotton,Black,3.75,292.6,20.2,1.22
Erode,Kharif,Cotton,Black,8.4,290.7,24.7,1.33
Vellore,Kharif,Green Gram,Alluvial,3.14,116.1,35.5,1.04
Tiruppur,Kharif,Banana,Clay,10.91,64.5,23.6,4.35
Cuddalore,Summer,Chilli,Clay,2.43,92.7,23.0,2.19
Coimbatore,Kharif,Turmeric,Loamy,2.61,130.1,34.9,3.85
Tiruppur,Summer,Green Gram,Black,7.01,80.4,22.3,0.99
Madurai,Rabi,Sunflower,Clay,3.4,82.4,26.1,1.48
Erode,Kharif,Groundnut,Black,8.93,298.5,39.7,0.47
Dindigul,Summer,Cotton,Black,4.31,84.1,26.7,2.2
Madurai,Rabi,Turmeric,Clay,1.57,51.2,33.9,2.48
Salem,Summer,Ragi,Clay,10.44,34.5,38.5,1.08
Tiruppur,Summer,Sunflower,Clay,6.54,89.3,30.5,0.71
Coimbatore,Rabi,Maize,Alluvial,2.3,57.1,39.4,1.93
Erode,Rabi,Rice,Black,9.75,115.9,25.1,3.55
Thanjavur,Kharif,Sunflower,Clay,8.57,207.8,28.0,0.68
Namakkal,Summer,Sesame,Black,10.5,86.0,36.1,0.68
Madurai,Rabi,Green Gram,Black,8.31,75.6,22.7,0.93
Salem,Kharif,Coconut,Black,4.93,172.8,38.0,2.47
Thanjavur,Rabi,Millets,Clay,6.03,99.0,40.7,1.16
Coimbatore,Kharif,Soybean,Loamy,7.08,205.3,25.0,2.0
Dindigul,Kharif,Soybean,Alluvial,7.01,216.4,25.4,1.69
Vellore,Summer,Turmeric,Clay,9.86,36.5,29.9,3.47
Dindigul,Rabi,Rice,Red,3.04,157.8,19.3,3.28
Thoothukudi,Kharif,Cotton,Alluvial,3.02,183.0,26.5,1.42
Tirunelveli,Rabi,Sesame,Alluvial,7.6,28.1,24.0,0.79
Thoothukudi,Kharif,Sunflower,Black,9.11,231.7,31.7,0.77
Cuddalore,Summer,Sugarcane,Black,4.87,80.6,29.4,6.69
Madurai,Summer,Soybean,Alluvial,8.2,65.3,18.2,0.93
Villupuram,Kharif,Sugarcane,Red,6.22,267.8,23.3,5.72
Dindigul,Summer,Green Gram,Red,10.09,56.7,30.0,1.19
Erode,Rabi,Sesame,Red,7.88,51.2,29.7,0.86
Kancheepuram,Rabi,Sugarcane,Red,7.69,101.1,20.1,4.01
Villupuram,Summer,Black Gram,Red,8.28,96.9,18.9,0.78
Dindigul,Summer,Black Gram,Red,1.14,43.1,26.2,1.06
Vellore,Summer,Cotton,Clay,9.24,92.0,37.0,0.91
Madurai,Summer,Sesame,Loamy,11.5,33.8,30.1,0.79
Dindigul,Summer,Sesame,Alluvial,3.6,53.8,19.4,0.53
Coimbatore,Rabi,Groundnut,Clay,2.46,132.4,29.7,1.44
Thanjavur,Kharif,Green Gram,Alluvial,4.78,258.2,22.7,0.75
Villupuram,Summer,Sugarcane,Alluvial,9.8,32.1,41.5,3.86
Madurai,Kharif,Millets,Alluvial,0.65,263.6,38.3,1.06
Coimbatore,Rabi,Coconut,Red,4.83,40.1,33.8,3.11
Villupuram,Summer,Millets,Red,1.31,83.6,37.6,1.22
Salem,Rabi,Millets,Alluvial,3.36,145.7,34.3,1.07
Cuddalore,Rabi,Soybean,Red,2.46,39.5,35.5,1.02
Salem,Rabi,Green Gram,Red,11.38,147.6,34.0,0.92
Salem,Rabi,Soybean,Black,3.41,31.3,37.2,1.32
Villupuram,Rabi,Millets,Alluvial,3.98,22.1,21.8,1.4
Tirunelveli,Kharif,Sugarcane,Red,4.62,204.2,21.4,3.83
Villupuram,Summer,Sunflower,Red,7.0,49.8,20.4,1.37
Madurai,Rabi,Millets,Loamy,6.01,105.4,22.1,0.93
Madurai,Rabi,Millets,Loamy,5.64,58.6,37.8,1.19
Thanjavur,Summer,Soybean,Alluvial,1.51,12.5,36.0,0.72
Coimbatore,Rabi,Black Gram,Red,5.15,35.8,36.7,1.34
Cuddalore,Kharif,Banana,Alluvial,9.57,151.8,27.3,6.34
Villupuram,Rabi,Cotton,Clay,11.38,135.1,36.2,0.95
Madurai,Summer,Rice,Clay,1.0,46.4,35.3,2.39
Dindigul,Kharif,Rice,Red,9.03,123.7,21.3,3.57
Tirunelveli,Kharif,Sugarcane,Alluvial,6.17,243.1,32.5,7.81
Thoothukudi,Rabi,Ragi,Clay,4.7,134.2,28.5,1.26
Thanjavur,Summer,Turmeric,Black,0.52,39.4,40.1,2.19
Coimbatore,Summer,Banana,Black,2.75,30.9,21.2,3.86
Coimbatore,Kharif,Soybean,Alluvial,10.12,245.8,18.0,1.11
Cuddalore,Kharif,Maize,Clay,11.73,241.5,29.0,2.67
Thoothukudi,Summer,Rice,Alluvial,2.95,59.9,39.2,1.7
Thoothukudi,Kharif,Ragi,Loamy,3.99,207.1,41.8,1.04
Cuddalore,Kharif,Turmeric,Black,9.04,81.5,27.2,2.85
Kancheepuram,Rabi,Sunflower,Loamy,11.95,90.5,25.8,1.42
Salem,Summer,Sesame,Alluvial,9.01,42.0,29.5,0.6
Thanjavur,Kharif,Rice,Black,9.39,316.2,38.5,2.54
Villupuram,Rabi,Sesame,Black,4.62,59.3,34.8,0.97
Trichy,Kharif,Banana,Clay,3.14,271.3,24.4,4.67
Thanjavur,Rabi,Groundnut,Red,9.04,143.7,33.7,1.94
Kancheepuram,Kharif,Sugarcane,Loamy,2.33,185.4,19.6,4.94
Vellore,Summer,Ragi,Alluvial,0.63,83.5,28.4,1.7
Namakkal,Rabi,Green Gram,Loamy,4.64,46.5,26.9,0.98
Thoothukudi,Summer,Ragi,Clay,11.04,35.9,39.2,0.77
Trichy,Summer,Soybean,Loamy,0.86,73.6,36.7,0.66
Cuddalore,Rabi,Ragi,Black,5.07,34.7,28.4,1.77
Thoothukudi,Summer,Rice,Black,4.27,71.3,21.9,2.71
Namakkal,Kharif,Rice,Alluvial,8.14,155.9,31.3,3.91
Tirunelveli,Kharif,Millets,Loamy,11.13,161.3,19.3,0.59
Cuddalore,Rabi,Green Gram,Loamy,7.99,92.2,29.5,1.14
Kancheepuram,Kharif,Sugarcane,Red,8.5,125.9,29.2,6.11
Kancheepuram,Rabi,Green Gram,Alluvial,1.66,134.4,37.8,0.68
Coimbatore,Summer,Sugarcane,Alluvial,10.81,95.3,39.0,3.69
Coimbatore,Summer,Green Gram,Loamy,4.9,96.2,21.9,1.17
Tiruppur,Kharif,Sugarcane,Loamy,10.31,230.9,37.2,5.07
Kancheepuram,Summer,Maize,Clay,1.79,25.0,31.6,3.25
Salem,Summer,Sugarcane,Loamy,7.13,15.3,31.7,5.58
Namakkal,Kharif,Green Gram,Alluvial,6.93,248.7,23.4,0.62
Dindigul,Rabi,Soybean,Alluvial,2.11,80.3,34.5,1.01
Madurai,Rabi,Groundnut,Red,5.46,62.0,19.0,2.13
Tiruppur,Summer,Chilli,Loamy,7.96,15.8,33.8,2.79
Coimbatore,Summer,Ragi,Red,6.6,26.2,39.1,1.56
Coimbatore,Rabi,Turmeric,Black,0.76,141.3,28.1,4.53
Vellore,Rabi,Coconut,Red,9.68,149.2,37.0,2.38
Coimbatore,Kharif,Sugarcane,Black,9.51,169.7,40.5,5.38
Trichy,Kharif,Chilli,Black,3.53,193.1,28.3,2.12
Namakkal,Summer,Banana,Red,1.38,25.6,20.9,4.05
Coimbatore,Summer,Maize,Clay,8.42,25.5,36.5,2.53
Coimbatore,Summer,Green Gram,Clay,6.01,99.7,35.3,1.29
Trichy,Rabi,Sunflower,Red,9.33,139.2,37.1,0.55
Tiruppur,Rabi,Sunflower,Black,3.51,110.7,19.6,1.87
Dindigul,Kharif,Soybean,Clay,1.36,252.7,39.5,0.65
Thanjavur,Rabi,Soybean,Alluvial,4.96,39.3,29.5,1.35
Cuddalore,Rabi,Turmeric,Red,6.41,93.6,30.3,3.98
Kancheepuram,Rabi,Rice,Alluvial,0.88,71.9,28.6,3.98
Namakkal,Rabi,Green Gram,Loamy,3.99,26.6,29.3,1.23
Dindigul,Kharif,Chilli,Loamy,10.29,186.1,32.2,2.48
Tirunelveli,Kharif,Rice,Clay,7.05,123.9,31.2,3.83
Villupuram,Summer,Coconut,Loamy,7.7,106.5,40.3,2.15
Kancheepuram,Summer,Sunflower,Red,7.8,106.1,36.7,0.57
Namakkal,Summer,Turmeric,Loamy,3.86,101.8,21.0,3.73
Tiruppur,Rabi,Rice,Red,11.13,115.8,24.7,3.72
Villupuram,Rabi,Green Gram,Clay,9.72,154.2,28.2,0.74
Trichy,Kharif,Ragi,Red,10.67,257.0,39.2,0.87
Trichy,Rabi,Coconut,Clay,2.77,115.5,37.8,1.09
Thoothukudi,Summer,Soybean,Alluvial,3.84,23.0,27.6,1.31
Villupuram,Summer,Ragi,Red,0.54,34.9,21.1,2.41
Thoothukudi,Summer,Groundnut,Black,8.61,27.7,38.4,0.77
Thoothukudi,Rabi,Millets,Clay,0.55,30.1,29.7,1.55
Kancheepuram,Kharif,Sugarcane,Clay,4.97,266.1,33.4,5.93
Trichy,Rabi,Black Gram,Clay,11.65,100.8,26.8,0.99
Madurai,Summer,Soybean,Black,6.27,88.4,28.7,2.07
Vellore,Kharif,Groundnut,Red,5.64,196.0,23.9,1.5
Dindigul,Rabi,Sesame,Clay,11.1,134.8,32.5,0.73
Madurai,Summer,Sunflower,Loamy,10.59,29.0,39.3,0.3
Kancheepuram,Kharif,Coconut,Red,8.24,103.7,39.6,3.06
Cuddalore,Kharif,Sugarcane,Black,3.52,308.6,38.0,5.5
Tirunelveli,Rabi,Coconut,Clay,11.04,98.9,24.4,2.32
Erode,Kharif,Black Gram,Black,9.96,154.2,38.6,0.8
Trichy,Summer,Maize,Black,7.48,53.4,19.3,2.82
Namakkal,Kharif,Coconut,Red,3.76,133.9,30.5,3.89
Tirunelveli,Rabi,Maize,Red,4.3,138.1,40.8,3.1
Salem,Summer,Sugarcane,Loamy,1.29,92.0,36.3,6.11
Kancheepuram,Summer,Banana,Red,8.31,107.7,30.0,4.44
Villupuram,Rabi,Groundnut,Black,9.63,25.8,19.4,1.69
Thanjavur,Summer,Green Gram,Red,7.98,26.0,32.0,1.1
Namakkal,Kharif,Black Gram,Red,5.04,277.2,33.9,0.71
Trichy,Rabi,Millets,Black,11.34,71.9,29.5,1.93
Namakkal,Rabi,Chilli,Clay,3.95,135.7,40.3,2.11
Kancheepuram,Rabi,Sesame,Red,9.96,121.2,28.0,0.97
Kancheepuram,Kharif,Millets,Alluvial,7.72,231.8,27.2,0.81
Tiruppur,Summer,Cotton,Clay,11.73,42.2,35.5,1.44
Tirunelveli,Summer,Ragi,Clay,8.22,48.3,21.9,2.21
Madurai,Kharif,Cotton,Alluvial,6.25,259.5,23.7,1.31
Cuddalore,Summer,Sugarcane,Black,9.16,86.1,25.7,6.02
Thoothukudi,Summer,Sunflower,Alluvial,3.66,46.8,19.5,1.33
Madurai,Kharif,Chilli,Red,2.86,285.5,22.8,2.34
Coimbatore,Summer,Green Gram,Alluvial,8.79,99.2,32.2,0.95
Dindigul,Summer,Chilli,Red,4.77,108.2,30.7,2.95
Vellore,Summer,Banana,Black,4.19,73.9,27.8,4.31
Madurai,Kharif,Soybean,Alluvial,10.54,153.5,37.3,1.13
Dindigul,Rabi,Millets,Alluvial,9.82,30.8,38.2,1.06
Tirunelveli,Summer,Chilli,Alluvial,1.31,89.1,28.1,2.95
Trichy,Kharif,Cotton,Loamy,9.62,212.8,22.0,0.86
Tirunelveli,Rabi,Black Gram,Alluvial,10.25,69.6,27.8,1.19
Erode,Kharif,Cotton,Black,7.47,199.3,30.4,1.94
Dindigul,Rabi,Turmeric,Alluvial,2.07,87.8,34.7,2.58
Erode,Summer,Sunflower,Alluvial,3.45,76.0,38.1,1.12
Kancheepuram,Summer,Banana,Black,11.46,99.1,20.6,3.51
Dindigul,Rabi,Maize,Clay,6.55,118.2,24.1,3.57
Vellore,Kharif,Sugarcane,Clay,8.23,151.8,37.5,4.47
Salem,Rabi,Soybean,Clay,11.85,137.0,23.8,1.53
Cuddalore,Rabi,Turmeric,Clay,4.85,45.9,32.6,3.26
Thanjavur,Rabi,Cotton,Red,10.04,78.1,25.2,1.73
Salem,Rabi,Soybean,Red,2.03,70.4,41.5,0.99
Erode,Summer,Black Gram,Alluvial,7.84,65.9,18.3,0.9
Cuddalore,Rabi,Millets,Red,6.02,67.3,24.1,1.74
Erode,Kharif,Cotton,Clay,9.21,221.1,19.4,1.0
Tiruppur,Summer,Ragi,Black,4.61,89.0,20.8,2.25
Thanjavur,Rabi,Soybean,Red,4.15,154.0,20.2,1.42
Kancheepuram,Summer,Chilli,Red,7.29,61.6,22.6,2.3
Thanjavur,Summer,Groundnut,Loamy,5.92,76.0,25.2,2.56
Dindigul,Summer,Green Gram,Alluvial,5.58,83.1,30.3,1.22
Tiruppur,Summer,Coconut,Alluvial,5.53,11.2,22.1,3.23
Salem,Kharif,Coconut,Alluvial,7.92,236.4,22.0,4.12
Kancheepuram,Kharif,Banana,Red,11.53,287.9,35.0,3.65
Madurai,Kharif,Turmeric,Loamy,8.78,91.6,38.9,3.54
Vellore,Summer,Groundnut,Clay,0.98,20.8,38.1,0.95
Trichy,Rabi,Millets,Black,4.7,132.1,29.5,1.25
Kancheepuram,Rabi,Groundnut,Clay,0.57,151.6,19.3,1.67
Kancheepuram,Summer,Turmeric,Black,4.21,98.1,19.6,3.52
Madurai,Kharif,Millets,Alluvial,6.77,279.8,27.5,0.89
Dindigul,Summer,Chilli,Black,11.01,59.3,29.2,2.34
Salem,Rabi,Green Gram,Clay,4.56,155.7,41.5,0.42
Kancheepuram,Rabi,Turmeric,Red,8.86,101.1,32.9,3.17
Erode,Rabi,Rice,Clay,9.41,115.0,19.3,2.63
Vellore,Summer,Millets,Red,7.64,56.0,20.3,1.52
Kancheepuram,Kharif,Sugarcane,Black,8.56,93.9,22.1,4.99
Trichy,Summer,Groundnut,Loamy,7.74,54.0,36.9,1.4
Tirunelveli,Summer,Rice,Alluvial,1.82,37.9,23.4,2.46
Salem,Rabi,Rice,Clay,10.9,47.2,34.3,2.72
Cuddalore,Kharif,Rice,Alluvial,1.74,66.7,25.5,4.02
Madurai,Summer,Turmeric,Clay,5.37,24.6,30.4,2.86
Thanjavur,Rabi,Sugarcane,Alluvial,5.75,123.1,34.5,5.43
Villupuram,Rabi,Banana,Red,2.04,33.4,30.5,3.37
Erode,Summer,Black Gram,Alluvial,9.85,85.4,41.5,0.62
Tiruppur,Kharif,Sunflower,Red,5.78,255.2,22.1,1.17
Thoothukudi,Summer,Black Gram,Clay,4.29,76.6,37.1,0.72
Cuddalore,Summer,Cotton,Alluvial,2.69,70.4,21.3,1.19
Villupuram,Kharif,Millets,Clay,5.8,257.1,22.3,1.32
Thoothukudi,Rabi,Coconut,Loamy,6.59,89.0,23.4,3.65
Tiruppur,Summer,Rice,Clay,11.01,21.8,36.6,2.89
Vellore,Kharif,Chilli,Alluvial,10.75,85.7,36.9,2.32
Coimbatore,Rabi,Chilli,Clay,2.49,92.2,35.6,2.15
Villupuram,Rabi,Ragi,Loamy,4.92,43.9,38.9,1.58
Salem,Rabi,Turmeric,Clay,8.68,80.6,33.9,2.95
Tiruppur,Rabi,Sunflower,Alluvial,6.17,141.9,30.9,1.25
Tirunelveli,Rabi,Sugarcane,Alluvial,2.1,81.9,41.7,2.77
Erode,Summer,Millets,Red,10.99,77.9,21.6,1.04
Thoothukudi,Summer,Banana,Red,5.04,32.2,21.4,3.65
Trichy,Summer,Sesame,Red,4.43,98.3,25.5,0.74
Kancheepuram,Rabi,Sugarcane,Black,0.51,150.7,29.6,6.23
Villupuram,Kharif,Black Gram,Loamy,8.59,224.6,31.7,0.78
Trichy,Rabi,Soybean,Alluvial,10.23,103.1,40.2,0.73
Thanjavur,Summer,Millets,Red,2.51,41.9,33.8,1.44
Namakkal,Kharif,Rice,Alluvial,4.73,117.4,41.0,3.01
Kancheepuram,Kharif,Banana,Clay,4.38,239.8,41.4,2.98
Cuddalore,Summer,Groundnut,Red,5.7,67.8,18.6,1.62
Villupuram,Kharif,Sunflower,Clay,0.55,210.5,18.0,0.5
Trichy,Summer,Maize,Alluvial,11.54,24.4,34.3,3.46
Dindigul,Rabi,Rice,Alluvial,1.93,71.5,39.3,2.52
Cuddalore,Rabi,Banana,Loamy,4.92,153.3,24.0,5.13
Namakkal,Rabi,Chilli,Alluvial,8.55,95.6,20.6,3.07
Trichy,Kharif,Cotton,Red,3.38,244.4,21.3,1.08
Thoothukudi,Rabi,Chilli,Alluvial,3.6,65.6,32.3,2.69
Villupuram,Summer,Rice,Alluvial,1.54,49.5,24.3,3.07
Kancheepuram,Rabi,Turmeric,Black,11.24,83.4,29.5,3.29
Tirunelveli,Rabi,Sugarcane,Black,4.61,27.4,26.7,4.73
Thanjavur,Kharif,Sunflower,Clay,9.41,63.2,28.1,1.57
Dindigul,Rabi,Sesame,Loamy,8.56,87.8,26.2,0.88
Kancheepuram,Kharif,Cotton,Clay,3.37,294.0,35.6,0.95
Dindigul,Rabi,Soybean,Loamy,2.06,154.3,37.0,0.64
Erode,Summer,Turmeric,Red,4.92,93.4,31.5,4.19
Trichy,Rabi,Maize,Clay,1.37,131.2,36.5,2.97
Salem,Kharif,Turmeric,Loamy,7.85,86.8,27.7,4.55
Tirunelveli,Rabi,Coconut,Red,6.5,108.7,28.2,3.26
Tirunelveli,Kharif,Banana,Alluvial,5.43,213.3,29.5,3.92
Thoothukudi,Kharif,Cotton,Black,10.95,166.9,36.3,0.66
Tiruppur,Kharif,Ragi,Alluvial,4.92,128.5,33.7,1.58
Kancheepuram,Kharif,Chilli,Black,8.15,72.3,27.1,3.54
Tiruppur,Kharif,Turmeric,Clay,4.69,218.6,26.4,4.84
Kancheepuram,Summer,Sesame,Loamy,3.64,107.5,33.8,0.21
Vellore,Rabi,Sunflower,Alluvial,9.52,108.1,19.1,1.49
Coimbatore,Summer,Maize,Red,8.11,75.4,18.5,2.96
Tirunelveli,Kharif,Sesame,Red,10.77,138.3,28.8,0.97
Villupuram,Rabi,Sesame,Black,5.03,142.7,27.4,0.97
Salem,Summer,Sesame,Clay,6.12,13.4,24.3,0.61
Dindigul,Summer,Groundnut,Clay,0.98,86.7,21.1,1.76
Erode,Kharif,Chilli,Black,4.16,310.7,33.8,1.63
Tirunelveli,Rabi,Sesame,Alluvial,6.14,60.2,38.7,0.46
Coimbatore,Rabi,Green Gram,Clay,4.81,121.2,31.2,1.21
Vellore,Summer,Soybean,Black,10.32,101.7,31.2,1.39
Salem,Rabi,Green Gram,Black,9.29,20.9,29.6,1.02
Madurai,Summer,Sugarcane,Clay,8.67,85.5,21.3,3.84
Salem,Summer,Sesame,Clay,11.0,70.7,39.1,0.54
Cuddalore,Kharif,Soybean,Red,9.62,115.4,25.2,2.1
Namakkal,Kharif,Green Gram,Red,11.05,93.5,30.0,1.27
Tirunelveli,Summer,Sunflower,Loamy,9.77,70.8,18.3,1.38
Villupuram,Summer,Cotton,Loamy,10.99,10.9,25.2,0.85
Thoothukudi,Rabi,Rice,Red,1.55,32.0,28.4,3.47
Madurai,Summer,Turmeric,Black,10.04,12.6,20.1,2.59
Thanjavur,Kharif,Millets,Alluvial,3.1,69.7,40.3,1.2
Madurai,Kharif,Rice,Black,6.32,157.0,32.8,4.54
Trichy,Kharif,Maize,Clay,3.59,275.4,26.1,2.1
Tiruppur,Summer,Millets,Black,5.13,11.1,35.3,0.89
Coimbatore,Kharif,Sunflower,Red,5.41,164.1,30.6,1.09
Villupuram,Summer,Chilli,Red,3.83,68.3,24.8,2.45
Dindigul,Rabi,Coconut,Clay,4.88,106.7,34.5,2.08
Madurai,Summer,Cotton,Clay,2.75,101.6,18.1,0.98
Kancheepuram,Kharif,Maize,Loamy,10.3,265.0,39.5,1.11
Namakkal,Rabi,Groundnut,Red,6.4,49.5,23.2,2.34
Tirunelveli,Summer,Soybean,Red,0.8,47.5,33.7,1.48
Namakkal,Rabi,Sunflower,Clay,11.85,74.5,28.3,1.39
Tirunelveli,Kharif,Turmeric,Red,9.8,106.2,21.1,4.79
Tiruppur,Kharif,Green Gram,Alluvial,10.33,91.5,40.3,0.67
Vellore,Kharif,Sunflower,Black,9.9,171.9,21.7,1.45
Tirunelveli,Summer,Cotton,Alluvial,5.0,79.8,20.6,1.38
Thanjavur,Summer,Chilli,Alluvial,9.92,53.9,18.0,2.15
Thanjavur,Kharif,Ragi,Black,8.95,204.6,24.2,1.62
Tirunelveli,Kharif,Chilli,Loamy,9.98,208.9,28.8,2.56
Kancheepuram,Kharif,Coconut,Red,1.61,235.0,38.0,2.62
Trichy,Rabi,Green Gram,Alluvial,2.21,80.7,36.5,0.93
Cuddalore,Kharif,Millets,Loamy,9.48,147.4,31.7,1.06
Thoothukudi,Summer,Banana,Alluvial,1.27,49.0,22.6,4.82
Tirunelveli,Rabi,Rice,Black,5.25,48.5,30.0,3.08
Dindigul,Kharif,Sunflower,Black,11.34,75.9,40.8,0.98
Trichy,Rabi,Sesame,Clay,1.71,69.5,40.5,0.53
Erode,Summer,Rice,Alluvial,9.28,46.6,27.6,3.58
Dindigul,Rabi,Turmeric,Black,1.16,71.7,37.6,2.57
Thanjavur,Rabi,Sesame,Clay,9.64,24.2,40.5,0.22
Trichy,Summer,Soybean,Red,9.82,40.1,24.7,2.26
Madurai,Summer,Coconut,Red,5.17,72.1,40.1,2.21
Villupuram,Rabi,Sesame,Clay,9.89,23.9,30.0,0.63
Kancheepuram,Kharif,Sunflower,Black,9.24,96.3,31.4,0.96
Vellore,Summer,Green Gram,Black,8.03,38.8,35.1,0.75
Coimbatore,Kharif,Sunflower,Loamy,0.62,292.4,21.7,0.89
Vellore,Kharif,Ragi,Black,2.29,215.7,37.3,1.24
Villupuram,Kharif,Black Gram,Alluvial,4.8,296.6,19.5,0.62
Cuddalore,Kharif,Maize,Clay,10.11,113.5,37.9,2.29
Coimbatore,Summer,Cotton,Loamy,5.66,61.1,35.8,1.42
Trichy,Rabi,Soybean,Black,0.74,112.2,33.1,1.17
Trichy,Rabi,Coconut,Loamy,1.75,39.8,29.1,2.82
Tirunelveli,Summer,Coconut,Red,5.96,72.0,28.8,3.85
Dindigul,Rabi,Turmeric,Clay,11.03,94.8,19.8,3.46
Salem,Summer,Green Gram,Alluvial,8.14,35.6,35.4,0.81
Dindigul,Kharif,Groundnut,Alluvial,3.09,113.7,21.6,1.67
Tirunelveli,Summer,Sesame,Black,8.08,79.2,19.0,0.75
Tirunelveli,Kharif,Groundnut,Alluvial,10.51,301.4,33.8,0.93
Cuddalore,Summer,Banana,Loamy,7.67,72.6,36.4,3.37
Villupuram,Summer,Black Gram,Black,1.6,58.9,34.7,0.8
Thoothukudi,Summer,Green Gram,Black,8.0,73.4,33.9,0.95
Dindigul,Summer,Sunflower,Black,11.74,52.5,40.4,0.84
Kancheepuram,Summer,Banana,Clay,3.8,62.2,36.4,3.13
Villupuram,Kharif,Rice,Loamy,1.57,234.3,30.2,4.59
Madurai,Summer,Sunflower,Black,9.67,45.7,21.4,1.18
Namakkal,Kharif,Black Gram,Red,2.89,172.5,27.2,1.07
Erode,Rabi,Millets,Alluvial,2.38,100.5,33.3,1.07
Kancheepuram,Summer,Sesame,Black,2.97,82.5,34.8,0.48
Thoothukudi,Summer,Rice,Red,1.21,64.8,30.1,3.12
Trichy,Rabi,Millets,Red,11.43,57.5,41.1,1.17
Kancheepuram,Rabi,Banana,Loamy,1.9,38.1,24.8,4.21
Trichy,Summer,Groundnut,Black,3.66,56.2,37.0,0.86
Trichy,Rabi,Maize,Loamy,4.82,136.0,36.9,2.36
Erode,Rabi,Cotton,Alluvial,4.04,146.4,39.8,0.85
Tiruppur,Summer,Rice,Loamy,2.31,106.1,19.9,2.5
Thoothukudi,Kharif,Sugarcane,Black,5.25,292.8,34.9,6.31
Namakkal,Kharif,Cotton,Loamy,2.58,185.9,33.5,1.23
Trichy,Rabi,Cotton,Alluvial,6.36,88.4,34.5,1.33
Salem,Rabi,Millets,Alluvial,7.68,28.8,32.4,1.5
Cuddalore,Kharif,Cotton,Red,1.05,139.1,24.3,1.85
Dindigul,Summer,Millets,Clay,7.26,37.7,38.5,0.99
Trichy,Kharif,Black Gram,Black,4.14,66.6,33.0,1.25
Erode,Summer,Millets,Black,7.84,40.6,41.6,1.11
Kancheepuram,Kharif,Millets,Red,8.95,175.1,26.7,1.46
Tiruppur,Kharif,Chilli,Loamy,3.73,181.2,28.7,2.83
Namakkal,Rabi,Soybean,Alluvial,10.27,55.3,29.1,1.27
Thoothukudi,Kharif,Banana,Loamy,2.7,312.8,22.6,3.73
Erode,Summer,Groundnut,Loamy,4.81,20.1,33.4,1.29
Tiruppur,Kharif,Ragi,Black,8.44,192.5,32.4,1.37
Kancheepuram,Rabi,Sunflower,Black,4.85,67.8,39.1,1.36
Thoothukudi,Kharif,Green Gram,Black,5.88,119.9,35.0,0.64
Salem,Summer,Coconut,Alluvial,5.54,62.4,39.2,2.03
Erode,Rabi,Chilli,Loamy,3.07,35.8,37.4,2.05
Madurai,Kharif,Cotton,Alluvial,11.8,286.6,28.6,1.17
Thanjavur,Summer,Sesame,Clay,1.98,96.1,40.4,0.15
Salem,Kharif,Black Gram,Clay,0.9,243.7,28.8,0.53
Madurai,Rabi,Coconut,Clay,11.91,90.4,40.1,1.37
Namakkal,Rabi,Green Gram,Loamy,6.3,129.1,20.4,0.84
Thanjavur,Rabi,Banana,Black,7.29,98.6,37.1,3.34
Trichy,Kharif,Chilli,Red,7.03,263.4,26.6,1.83
Vellore,Kharif,Black Gram,Loamy,4.73,264.4,19.3,0.53
Dindigul,Summer,Sugarcane,Black,10.93,107.4,22.8,5.07
Tirunelveli,Rabi,Rice,Clay,1.41,154.3,29.0,4.24
Villupuram,Kharif,Coconut,Red,6.8,157.6,40.6,2.27
Kancheepuram,Rabi,Maize,Alluvial,10.33,79.3,26.8,3.76
Kancheepuram,Summer,Groundnut,Alluvial,6.52,47.8,40.2,0.94
Trichy,Kharif,Rice,Loamy,4.2,133.6,29.2,4.65
Kancheepuram,Kharif,Sesame,Black,11.66,93.2,20.2,0.93
Salem,Kharif,Maize,Alluvial,4.09,86.7,30.1,3.64
Tiruppur,Kharif,Groundnut,Alluvial,6.95,218.5,25.3,1.67
Trichy,Kharif,Rice,Red,4.42,259.9,40.9,1.85
Madurai,Rabi,Black Gram,Red,1.87,20.8,37.6,1.07
Coimbatore,Rabi,Sunflower,Red,8.62,89.6,39.2,1.2
Salem,Summer,Rice,Black,9.15,81.3,27.6,4.44
Tirunelveli,Rabi,Millets,Black,7.13,35.8,40.0,1.29
Dindigul,Kharif,Maize,Loamy,0.57,247.3,19.5,1.49
Dindigul,Kharif,Cotton,Clay,9.79,287.5,29.0,0.87
Erode,Summer,Groundnut,Black,2.79,19.4,29.0,1.59
Trichy,Summer,Millets,Clay,8.19,38.1,29.1,1.49
Tirunelveli,Kharif,Coconut,Loamy,0.65,106.5,33.6,3.37
Madurai,Kharif,Turmeric,Black,10.29,166.1,23.1,5.03
Trichy,Kharif,Soybean,Clay,9.83,174.1,21.6,1.35
Salem,Summer,Green Gram,Red,3.5,106.1,30.3,1.35
Madurai,Kharif,Coconut,Alluvial,3.33,294.3,29.2,3.79
Thoothukudi,Rabi,Sugarcane,Red,7.2,105.6,30.3,6.73
Namakkal,Rabi,Maize,Red,5.05,143.1,34.6,2.37
Erode,Rabi,Cotton,Black,10.11,97.2,40.4,0.89
Cuddalore,Rabi,Coconut,Loamy,2.46,46.1,18.3,2.32
Erode,Kharif,Groundnut,Red,6.45,224.1,29.4,2.1
Villupuram,Rabi,Sugarcane,Clay,5.38,92.0,27.8,5.63
Thanjavur,Kharif,Rice,Alluvial,7.5,77.1,24.6,4.21
Vellore,Rabi,Green Gram,Red,8.55,155.2,39.8,0.83
Salem,Kharif,Ragi,Alluvial,1.03,304.7,37.5,1.37
Coimbatore,Rabi,Sesame,Alluvial,0.6,30.9,36.5,0.42
Kancheepuram,Kharif,Rice,Loamy,9.5,150.3,28.3,3.78
Thanjavur,Kharif,Rice,Loamy,2.95,129.0,40.4,2.44
Madurai,Summer,Sugarcane,Loamy,10.69,30.9,20.0,4.08
Tiruppur,Summer,Sugarcane,Clay,11.62,11.6,26.1,6.02
Coimbatore,Rabi,Sugarcane,Clay,9.79,103.0,33.0,4.99
Erode,Summer,Soybean,Clay,0.99,24.3,19.5,1.27
Vellore,Rabi,Groundnut,Loamy,4.15,97.5,23.5,2.69
Villupuram,Kharif,Maize,Loamy,2.58,85.4,21.1,3.04
Trichy,Kharif,Groundnut,Clay,5.54,111.6,36.5,1.37
Thanjavur,Summer,Banana,Loamy,1.08,17.9,40.4,3.25
Coimbatore,Summer,Black Gram,Black,8.48,92.5,27.6,1.11
Madurai,Summer,Turmeric,Red,5.12,74.3,26.3,3.16
Dindigul,Kharif,Ragi,Alluvial,11.4,275.1,26.6,1.18
Namakkal,Summer,Sunflower,Alluvial,7.01,96.4,27.5,1.1
Tirunelveli,Kharif,Cotton,Red,4.31,293.1,30.1,1.12
Trichy,Summer,Cotton,Alluvial,10.86,26.0,22.8,1.4
Cuddalore,Summer,Green Gram,Clay,2.0,18.5,27.1,0.59
Dindigul,Kharif,Banana,Clay,8.09,201.9,31.4,4.42
Kancheepuram,Kharif,Turmeric,Loamy,10.26,136.9,25.2,5.13
Vellore,Summer,Ragi,Red,0.99,42.8,39.1,1.18
Trichy,Rabi,Millets,Loamy,9.59,57.8,18.8,1.81
Trichy,Summer,Banana,Black,4.73,82.5,30.7,3.66
Erode,Kharif,Sugarcane,Alluvial,3.34,223.7,24.7,6.68
Vellore,Kharif,Banana,Clay,8.76,108.8,33.5,3.58
Villupuram,Summer,Sesame,Alluvial,6.92,86.0,39.1,0.15
Kancheepuram,Kharif,Green Gram,Clay,1.15,123.9,23.8,0.66
Kancheepuram,Kharif,Green Gram,Alluvial,4.96,175.9,20.1,0.39
Madurai,Kharif,Green Gram,Alluvial,9.69,108.8,37.3,0.88
Namakkal,Summer,Turmeric,Clay,5.57,77.7,20.4,3.44
Salem,Kharif,Black Gram,Red,7.54,246.1,18.8,0.48
Madurai,Kharif,Black Gram,Black,3.71,151.8,41.1,1.01
Tiruppur,Summer,Ragi,Red,4.43,36.0,27.0,1.94
Vellore,Summer,Millets,Red,2.66,109.3,21.4,1.13
Namakkal,Summer,Banana,Loamy,9.35,74.1,31.8,4.36
Salem,Summer,Groundnut,Red,11.42,72.7,23.9,1.67
Dindigul,Rabi,Maize,Clay,1.81,126.3,23.3,3.54
Erode,Rabi,Cotton,Loamy,1.74,73.6,22.8,1.51
Kancheepuram,Rabi,Banana,Loamy,10.9,82.5,26.1,4.93
Thoothukudi,Summer,Black Gram,Clay,4.12,25.9,23.7,0.6
Namakkal,Kharif,Turmeric,Clay,0.6,147.2,34.3,4.06
Tiruppur,Rabi,Rice,Red,1.56,79.3,24.6,3.51
Madurai,Rabi,Cotton,Red,2.42,66.5,28.9,1.92
Tirunelveli,Summer,Soybean,Loamy,10.54,40.9,40.6,0.83
Villupuram,Kharif,Ragi,Red,7.5,146.3,23.2,1.82
Tiruppur,Summer,Ragi,Black,1.15,103.0,36.7,1.57
Namakkal,Rabi,Green Gram,Black,9.34,53.3,40.4,0.61
Kancheepuram,Kharif,Turmeric,Alluvial,5.59,236.6,28.4,4.03
Coimbatore,Summer,Maize,Red,0.66,31.6,40.1,2.18
Tirunelveli,Summer,Green Gram,Red,8.74,23.0,18.6,0.95
Cuddalore,Rabi,Green Gram,Alluvial,2.77,138.0,26.5,0.78
Thoothukudi,Kharif,Coconut,Loamy,5.63,63.8,35.1,2.96
Coimbatore,Rabi,Green Gram,Black,5.88,115.5,29.4,0.98
Namakkal,Summer,Black Gram,Alluvial,9.49,41.3,34.4,0.97
Thanjavur,Kharif,Maize,Red,10.05,315.5,21.1,1.9
Coimbatore,Rabi,Soybean,Black,2.91,35.4,36.2,1.58
Coimbatore,Kharif,Banana,Black,9.07,250.1,34.4,2.74
Trichy,Rabi,Soybean,Loamy,4.19,146.7,25.6,1.41
Cuddalore,Summer,Groundnut,Clay,7.33,79.4,35.5,1.62
Namakkal,Kharif,Green Gram,Alluvial,7.54,151.3,20.3,0.37
Cuddalore,Rabi,Groundnut,Alluvial,10.49,37.8,33.1,1.8
Trichy,Summer,Maize,Red,10.44,106.7,34.4,2.86
Dindigul,Kharif,Groundnut,Alluvial,5.69,84.4,24.2,2.41
Villupuram,Summer,Groundnut,Clay,4.53,90.6,39.5,0.74
Madurai,Rabi,Chilli,Red,1.72,30.5,29.2,3.27
Dindigul,Rabi,Maize,Loamy,6.79,104.5,36.6,2.52
Thanjavur,Rabi,Black Gram,Red,6.93,47.7,22.4,1.14
Coimbatore,Rabi,Turmeric,Clay,8.24,91.7,22.5,3.37
Tiruppur,Rabi,Cotton,Alluvial,3.83,34.0,32.1,1.36
Dindigul,Rabi,Millets,Black,7.74,68.0,25.3,1.8
Cuddalore,Summer,Coconut,Black,1.39,80.6,26.8,4.1
Villupuram,Summer,Groundnut,Red,7.01,56.3,20.8,1.65
Erode,Summer,Sesame,Clay,2.88,89.4,21.1,0.35
Tirunelveli,Summer,Soybean,Black,4.92,101.5,28.6,2.25
Villupuram,Rabi,Rice,Clay,2.0,71.9,31.5,3.32
Coimbatore,Summer,Cotton,Clay,3.6,73.6,20.0,1.35
Thanjavur,Summer,Millets,Clay,4.83,40.8,25.4,1.18
Thanjavur,Rabi,Millets,Black,1.76,131.7,31.9,1.07
Erode,Kharif,Rice,Black,3.79,284.2,19.1,2.9
Namakkal,Kharif,Cotton,Alluvial,0.74,102.4,22.3,1.81
Salem,Kharif,Coconut,Red,0.69,154.4,39.7,1.98
Thanjavur,Summer,Sunflower,Black,3.48,42.4,19.5,1.36
Trichy,Summer,Banana,Clay,1.4,39.4,37.7,3.65
Tirunelveli,Rabi,Groundnut,Clay,5.52,157.8,20.0,1.76
Villupuram,Kharif,Chilli,Red,9.22,126.6,25.4,3.54
Thoothukudi,Rabi,Soybean,Red,11.8,78.2,23.0,2.04
Kancheepuram,Kharif,Coconut,Red,9.84,171.3,26.0,4.9
Kancheepuram,Rabi,Millets,Black,4.93,68.4,19.9,1.14
Trichy,Rabi,Coconut,Red,4.91,118.1,40.3,2.16
Namakkal,Kharif,Chilli,Clay,5.13,279.3,23.1,1.26
Dindigul,Kharif,Soybean,Loamy,8.37,279.9,25.1,1.6
Cuddalore,Summer,Sesame,Black,3.41,35.1,39.1,0.22
Erode,Kharif,Sesame,Black,7.05,173.5,29.3,0.52
Vellore,Rabi,Millets,Clay,6.65,61.7,40.6,1.04
Tirunelveli,Rabi,Maize,Clay,11.71,95.7,24.5,3.46
Villupuram,Rabi,Soybean,Red,3.42,20.6,31.5,1.18
Tiruppur,Rabi,Sesame,Clay,10.87,101.8,26.1,0.86
Trichy,Rabi,Ragi,Alluvial,6.86,146.2,18.4,1.8
Tirunelveli,Rabi,Soybean,Loamy,7.09,32.4,36.4,0.3
Villupuram,Rabi,Rice,Loamy,4.27,76.1,20.3,3.21
Erode,Rabi,Coconut,Black,10.72,113.3,26.8,2.78
Thanjavur,Summer,Groundnut,Loamy,5.73,17.0,41.5,1.35
Tiruppur,Kharif,Green Gram,Loamy,1.52,169.3,32.0,1.14
Tiruppur,Rabi,Green Gram,Red,4.58,33.2,40.8,0.79
Dindigul,Summer,Black Gram,Alluvial,7.36,91.9,19.8,0.6
Madurai,Rabi,Chilli,Clay,4.77,66.6,38.3,1.88
Namakkal,Summer,Soybean,Alluvial,9.33,103.4,32.3,1.29
Kancheepuram,Rabi,Sugarcane,Loamy,1.23,145.0,28.0,5.73
Vellore,Rabi,Maize,Red,9.31,100.7,34.2,3.12
Tirunelveli,Rabi,Millets,Loamy,4.37,55.6,23.4,1.72
Vellore,Rabi,Chilli,Alluvial,2.09,154.6,29.9,2.04
Kancheepuram,Kharif,Soybean,Red,4.07,229.3,24.0,1.44
Thoothukudi,Kharif,Turmeric,Loamy,5.5,107.8,39.2,3.56
Salem,Kharif,Maize,Red,4.63,238.9,29.4,2.63
Kancheepuram,Kharif,Sugarcane,Clay,10.41,66.0,28.5,5.09
Tirunelveli,Rabi,Rice,Loamy,4.3,118.4,24.5,4.41
Trichy,Summer,Rice,Red,4.5,94.6,32.8,3.81
Thanjavur,Kharif,Maize,Loamy,5.49,171.6,28.3,2.98
Villupuram,Rabi,Sesame,Alluvial,6.43,109.2,20.1,0.57
Madurai,Summer,Groundnut,Alluvial,9.57,15.4,20.2,1.52
Kancheepuram,Summer,Millets,Red,11.21,43.9,36.2,1.46
Tirunelveli,Summer,Groundnut,Black,2.39,81.5,29.4,1.86
Trichy,Rabi,Rice,Red,7.79,129.7,28.8,4.37
Villupuram,Rabi,Sugarcane,Alluvial,3.8,44.0,24.4,5.78
Thoothukudi,Summer,Sugarcane,Black,7.93,10.2,29.4,4.88
Dindigul,Summer,Chilli,Red,0.91,91.3,36.3,2.05
Villupuram,Summer,Chilli,Red,7.1,24.1,20.0,1.93
Madurai,Rabi,Sugarcane,Loamy,5.51,154.4,36.1,5.13
Kancheepuram,Rabi,Sesame,Alluvial,2.4,153.6,35.9,0.44
Namakkal,Summer,Sugarcane,Black,2.35,21.7,41.9,3.51
Dindigul,Rabi,Turmeric,Red,11.96,62.5,29.1,4.06
Villupuram,Summer,Millets,Red,4.09,104.9,26.2,1.5
Thoothukudi,Summer,Groundnut,Red,11.79,15.9,27.0,1.88
Madurai,Kharif,Ragi,Black,8.28,288.6,32.1,1.13
Thoothukudi,Summer,Coconut,Loamy,9.98,17.5,38.0,2.4
Thanjavur,Kharif,Rice,Black,5.33,266.4,29.0,4.22
Madurai,Rabi,Banana,Alluvial,6.07,64.0,39.2,2.89
Cuddalore,Summer,Turmeric,Loamy,1.19,23.2,19.7,3.91
Thanjavur,Summer,Sugarcane,Black,0.54,105.4,37.6,3.08
Vellore,Kharif,Green Gram,Black,7.13,265.6,23.8,0.66
Dindigul,Summer,Cotton,Red,11.26,99.2,38.4,1.24
Thanjavur,Summer,Groundnut,Black,2.15,57.5,18.0,1.46
Madurai,Summer,Coconut,Black,3.24,89.2,21.6,2.65
Madurai,Summer,Groundnut,Loamy,5.1,67.5,39.7,1.24
Salem,Summer,Green Gram,Loamy,3.25,86.3,19.7,0.88
Dindigul,Summer,Millets,Loamy,6.31,53.6,41.1,0.58
Salem,Kharif,Maize,Alluvial,1.17,317.8,30.7,2.43
Vellore,Summer,Rice,Clay,6.95,21.2,40.7,2.5
Thanjavur,Rabi,Maize,Clay,6.01,102.7,33.5,3.04
Namakkal,Kharif,Banana,Red,5.48,238.3,23.0,4.1
Thoothukudi,Summer,Black Gram,Red,7.96,54.7,24.5,0.95
Salem,Rabi,Millets,Loamy,2.43,73.4,31.3,1.45
Coimbatore,Rabi,Chilli,Clay,11.18,122.2,18.7,1.79
Tiruppur,Summer,Sunflower,Alluvial,4.6,83.6,19.6,1.37
Coimbatore,Summer,Millets,Loamy,1.79,76.9,38.8,0.83
Dindigul,Rabi,Soybean,Loamy,5.34,22.6,19.2,1.66
Vellore,Rabi,Soybean,Clay,1.13,92.6,40.8,0.62
Erode,Summer,Ragi,Black,10.78,107.8,28.1,1.44
Madurai,Rabi,Sunflower,Black,6.63,144.6,40.5,1.33
Dindigul,Kharif,Green Gram,Black,4.17,141.2,29.2,0.95
Coimbatore,Rabi,Millets,Black,2.03,95.4,24.5,1.53
Namakkal,Summer,Sesame,Clay,8.11,50.5,36.9,0.2
Erode,Rabi,Rice,Clay,2.52,38.5,30.9,3.65
Thanjavur,Rabi,Groundnut,Red,10.9,112.3,40.0,1.8
Salem,Summer,Banana,Black,11.52,40.8,19.6,3.7
Coimbatore,Kharif,Rice,Clay,2.08,224.0,19.6,4.43
Coimbatore,Kharif,Maize,Alluvial,1.57,299.5,39.5,1.64
Salem,Summer,Sugarcane,Loamy,7.0,99.4,33.1,4.88
Villupuram,Rabi,Sunflower,Loamy,8.58,151.6,41.2,0.89
Dindigul,Rabi,Groundnut,Black,2.91,127.9,31.1,1.93
Thoothukudi,Kharif,Sesame,Alluvial,9.1,220.4,25.1,0.44
Erode,Rabi,Cotton,Red,7.58,36.6,40.2,1.5
Cuddalore,Rabi,Soybean,Clay,9.37,131.7,23.6,1.23
Trichy,Rabi,Rice,Red,1.36,109.3,26.7,4.33
Namakkal,Rabi,Rice,Alluvial,4.65,32.8,40.6,2.38
Trichy,Kharif,Ragi,Alluvial,8.9,265.6,19.1,1.29
Madurai,Rabi,Sugarcane,Black,8.51,97.5,28.5,6.46
Coimbatore,Rabi,Banana,Black,4.17,54.1,29.5,3.57
Trichy,Kharif,Banana,Alluvial,5.69,175.8,41.2,3.18
Tiruppur,Summer,Cotton,Red,6.12,34.8,20.6,1.58
Trichy,Rabi,Maize,Alluvial,3.5,61.2,38.4,2.29
Thoothukudi,Summer,Turmeric,Clay,11.25,77.8,32.0,3.53
Namakkal,Summer,Black Gram,Alluvial,6.21,50.5,40.5,0.64
Namakkal,Summer,Coconut,Loamy,5.54,85.8,38.8,2.49
Dindigul,Kharif,Chilli,Red,7.33,164.9,25.1,2.85
Thanjavur,Kharif,Green Gram,Red,4.75,113.2,19.0,1.11
Coimbatore,Summer,Chilli,Clay,1.89,90.9,23.5,2.53
Dindigul,Summer,Sesame,Alluvial,9.14,50.3,34.5,0.3
Trichy,Rabi,Green Gram,Alluvial,8.02,47.4,24.7,0.98
Salem,Kharif,Maize,Loamy,1.75,87.5,28.8,3.67
Thanjavur,Rabi,Sesame,Alluvial,8.77,62.6,32.9,0.56
Vellore,Kharif,Sugarcane,Clay,3.46,148.5,26.5,6.77
Namakkal,Rabi,Maize,Alluvial,9.63,28.2,32.8,2.99
Coimbatore,Kharif,Chilli,Alluvial,2.62,163.4,29.9,2.56
Erode,Summer,Sugarcane,Clay,5.63,94.6,30.0,5.85
Dindigul,Rabi,Soybean,Black,5.76,51.7,26.9,1.77
Erode,Summer,Chilli,Alluvial,4.61,61.2,24.3,2.37
Erode,Kharif,Millets,Black,1.54,112.9,26.8,1.76
Kancheepuram,Rabi,Black Gram,Red,2.27,102.7,23.0,1.38
Tirunelveli,Rabi,Maize,Clay,5.29,141.5,38.9,1.76
Thanjavur,Rabi,Coconut,Alluvial,7.71,23.5,19.6,2.71
Dindigul,Rabi,Rice,Black,3.55,54.5,31.5,3.26
Tiruppur,Kharif,Sunflower,Red,5.34,206.6,26.7,1.16
Salem,Rabi,Sunflower,Black,11.36,84.9,34.2,1.45
Salem,Kharif,Black Gram,Black,10.16,103.6,32.8,1.37
Vellore,Summer,Sugarcane,Loamy,10.84,55.2,26.8,6.65
Cuddalore,Kharif,Ragi,Loamy,7.51,305.5,24.3,1.6
Namakkal,Summer,Chilli,Clay,11.11,46.3,41.4,2.3
Tirunelveli,Kharif,Sunflower,Loamy,4.56,167.6,20.0,1.11
Tirunelveli,Summer,Turmeric,Red,1.86,83.6,28.2,3.76
Madurai,Kharif,Black Gram,Loamy,6.98,301.1,32.3,0.39
Kancheepuram,Summer,Ragi,Alluvial,2.38,35.7,36.9,0.93
Trichy,Kharif,Sugarcane,Black,3.81,110.0,26.3,5.75
Salem,Kharif,Sugarcane,Black,8.41,139.9,23.0,4.65
Cuddalore,Kharif,Cotton,Alluvial,3.32,115.9,26.9,1.79
Madurai,Rabi,Banana,Alluvial,1.67,98.7,39.6,1.79
Salem,Rabi,Coconut,Red,10.75,96.3,25.4,3.52
Madurai,Summer,Green Gram,Clay,9.61,68.3,18.3,0.74
Salem,Kharif,Sunflower,Red,11.12,92.0,31.2,1.64
Madurai,Rabi,Sugarcane,Black,6.07,155.9,36.5,5.51
Tiruppur,Rabi,Green Gram,Red,4.14,155.2,34.6,1.0
Thoothukudi,Summer,Sesame,Alluvial,11.4,103.8,29.0,0.5
Tiruppur,Summer,Ragi,Alluvial,11.63,24.9,39.4,0.76
Erode,Rabi,Cotton,Loamy,9.92,37.5,30.0,1.55
Madurai,Summer,Turmeric,Clay,10.74,48.8,40.6,2.4
Tiruppur,Rabi,Cotton,Black,4.99,88.7,18.5,1.52
Thanjavur,Kharif,Coconut,Clay,7.29,238.1,37.5,2.18
Thoothukudi,Kharif,Chilli,Black,9.77,80.9,40.2,1.52
Cuddalore,Rabi,Chilli,Black,10.31,141.9,35.5,2.29
Dindigul,Rabi,Ragi,Clay,9.24,76.5,32.2,1.62
Kancheepuram,Summer,Black Gram,Black,11.78,89.6,39.4,0.58
Madurai,Kharif,Rice,Clay,4.81,291.7,28.8,5.21
Salem,Rabi,Millets,Loamy,0.56,137.4,26.0,1.64
Namakkal,Rabi,Sugarcane,Red,5.74,115.8,35.0,5.15
Erode,Summer,Millets,Loamy,3.7,106.1,37.2,0.76
Cuddalore,Rabi,Green Gram,Black,3.28,79.3,37.2,0.89
Kancheepuram,Kharif,Ragi,Red,2.71,159.5,28.4,1.43
Erode,Kharif,Millets,Red,2.23,201.2,22.5,1.04
Trichy,Kharif,Maize,Black,4.37,183.7,35.9,2.72
Kancheepuram,Summer,Chilli,Loamy,1.57,93.9,37.7,1.71
Thoothukudi,Kharif,Maize,Clay,11.08,89.4,27.9,3.97
Trichy,Kharif,Cotton,Black,1.51,248.3,37.5,1.0
Cuddalore,Rabi,Ragi,Loamy,11.22,158.2,23.4,2.25
Coimbatore,Summer,Chilli,Alluvial,6.43,78.7,33.0,2.72
Trichy,Rabi,Green Gram,Red,2.12,67.7,40.6,1.07
Thoothukudi,Kharif,Groundnut,Black,0.57,60.9,19.4,1.67
Coimbatore,Kharif,Sesame,Alluvial,0.98,141.8,19.6,0.45
Kancheepuram,Summer,Rice,Loamy,1.2,41.4,19.2,1.92
Tiruppur,Summer,Millets,Black,8.86,81.2,18.7,1.05
Cuddalore,Rabi,Groundnut,Black,3.54,66.2,34.6,1.22
Coimbatore,Summer,Sunflower,Black,10.29,64.4,22.3,1.62
Dindigul,Kharif,Coconut,Black,5.53,141.6,37.1,2.08
Thanjavur,Summer,Millets,Loamy,10.58,67.4,35.9,1.18
Coimbatore,Kharif,Coconut,Loamy,5.49,161.6,39.2,2.49
Cuddalore,Rabi,Cotton,Red,7.8,30.7,23.8,1.66
Dindigul,Summer,Black Gram,Black,10.56,71.5,32.6,1.21
Vellore,Kharif,Soybean,Alluvial,2.86,318.8,22.6,1.16
Cuddalore,Summer,Rice,Clay,11.7,84.9,40.2,1.87
Villupuram,Kharif,Coconut,Loamy,9.11,198.0,20.9,3.13
Salem,Rabi,Turmeric,Black,10.67,39.5,29.1,3.12
Thanjavur,Kharif,Coconut,Clay,5.01,117.2,21.3,2.45
Namakkal,Rabi,Rice,Loamy,7.36,143.7,21.7,3.06
Trichy,Kharif,Chilli,Alluvial,9.69,225.8,38.4,0.94
Kancheepuram,Rabi,Millets,Clay,8.22,140.2,38.0,0.77
Tiruppur,Rabi,Millets,Clay,1.14,43.2,24.0,1.26
Trichy,Kharif,Sunflower,Loamy,1.37,152.4,32.1,1.05
Tiruppur,Summer,Maize,Alluvial,10.47,98.8,28.3,3.34
Erode,Kharif,Cotton,Red,3.72,154.5,20.1,1.26
Tiruppur,Kharif,Chilli,Black,3.93,107.8,25.1,3.03
Vellore,Kharif,Coconut,Red,6.79,246.5,29.5,4.53
Tirunelveli,Summer,Chilli,Black,7.13,52.1,37.0,1.3
Namakkal,Rabi,Black Gram,Alluvial,8.13,29.0,34.8,1.14
Tirunelveli,Kharif,Banana,Alluvial,7.47,125.7,41.2,3.48
Thanjavur,Summer,Sesame,Loamy,6.61,39.9,38.6,0.15
Thanjavur,Rabi,Cotton,Red,2.92,78.8,39.4,1.13
Cuddalore,Rabi,Ragi,Clay,9.39,85.6,18.9,2.35
Erode,Kharif,Millets,Alluvial,7.45,103.0,22.9,1.17
Villupuram,Summer,Soybean,Alluvial,3.13,77.9,26.4,2.19
Salem,Kharif,Banana,Red,5.71,61.0,26.5,4.52
Thoothukudi,Rabi,Rice,Red,6.3,44.2,23.9,4.25
Cuddalore,Kharif,Ragi,Clay,10.15,273.4,36.6,0.37
Cuddalore,Summer,Soybean,Black,3.27,15.5,36.8,0.82
Dindigul,Rabi,Cotton,Black,3.6,34.6,26.7,2.11
Thanjavur,Rabi,Sesame,Alluvial,4.76,111.4,29.8,0.72
Trichy,Kharif,Groundnut,Black,11.88,94.4,38.8,1.37
Villupuram,Rabi,Sesame,Alluvial,11.98,80.6,36.4,0.43
Thoothukudi,Rabi,Banana,Loamy,9.64,128.7,22.5,4.41
Dindigul,Summer,Black Gram,Red,1.57,107.2,34.1,0.93
Erode,Summer,Cotton,Clay,8.04,94.8,20.5,1.71
Vellore,Summer,Groundnut,Loamy,9.25,15.9,29.8,1.65
Namakkal,Kharif,Black Gram,Black,4.31,163.0,28.4,1.14
Trichy,Kharif,Banana,Loamy,1.48,291.8,21.5,4.31
Madurai,Summer,Sesame,Alluvial,6.53,65.6,36.8,0.35
Namakkal,Summer,Black Gram,Black,1.9,93.6,35.0,1.03
Thanjavur,Kharif,Turmeric,Alluvial,8.17,274.8,40.7,2.06
Vellore,Rabi,Rice,Clay,4.25,117.6,31.3,4.44
Cuddalore,Kharif,Sesame,Black,8.56,260.9,25.9,0.73
Dindigul,Rabi,Rice,Loamy,11.74,156.3,39.5,2.24
Trichy,Kharif,Chilli,Red,7.89,266.1,24.2,2.04
Dindigul,Summer,Chilli,Clay,8.63,28.7,31.4,2.01
Tiruppur,Kharif,Soybean,Loamy,11.02,225.4,24.9,1.87
Cuddalore,Kharif,Ragi,Red,6.9,200.3,31.3,0.89
Namakkal,Kharif,Black Gram,Clay,2.59,199.6,37.8,0.64
Namakkal,Summer,Millets,Alluvial,7.53,35.4,36.3,0.84
Coimbatore,Rabi,Sesame,Red,0.79,58.1,27.1,0.95
Thoothukudi,Rabi,Groundnut,Clay,11.24,136.8,26.9,1.67
Tirunelveli,Rabi,Millets,Clay,8.32,107.2,28.1,1.54
Salem,Rabi,Rice,Black,1.38,108.7,30.7,3.56
Trichy,Kharif,Maize,Loamy,5.17,272.5,26.3,2.5
Trichy,Kharif,Sugarcane,Red,2.41,99.6,34.9,4.74
Madurai,Rabi,Chilli,Red,1.82,117.5,32.1,2.59
Vellore,Kharif,Maize,Black,9.46,303.8,34.7,0.66
Namakkal,Kharif,Maize,Clay,9.51,306.8,20.4,1.43
Cuddalore,Kharif,Groundnut,Red,3.0,157.4,20.0,1.8
Thanjavur,Rabi,Cotton,Loamy,9.87,46.0,19.4,0.94
Tiruppur,Summer,Sesame,Loamy,2.5,35.2,27.3,0.56
Namakkal,Rabi,Coconut,Alluvial,8.06,101.9,33.4,3.36
Trichy,Summer,Cotton,Red,2.34,102.9,39.7,1.14
Coimbatore,Kharif,Banana,Black,11.21,250.1,22.1,4.2
Thanjavur,Rabi,Sugarcane,Black,8.18,117.3,41.6,4.9
Vellore,Summer,Black Gram,Red,8.63,69.3,20.8,0.9
Tirunelveli,Rabi,Cotton,Alluvial,7.67,151.6,19.0,0.96
Salem,Rabi,Groundnut,Red,6.97,65.2,34.2,1.88
Vellore,Rabi,Sunflower,Red,9.26,34.4,20.7,1.8
Trichy,Rabi,Sugarcane,Clay,8.98,103.4,31.3,5.88
Villupuram,Kharif,Millets,Alluvial,7.12,281.3,36.1,0.55
Namakkal,Summer,Turmeric,Loamy,7.85,82.8,18.9,3.89
Dindigul,Summer,Banana,Loamy,7.11,102.4,40.1,2.97
Vellore,Summer,Ragi,Black,5.54,75.7,41.4,1.5
Thanjavur,Summer,Coconut,Alluvial,5.65,24.8,18.7,2.36
Cuddalore,Kharif,Sesame,Alluvial,3.91,166.8,22.8,0.48
Thoothukudi,Summer,Coconut,Clay,5.22,85.3,21.4,2.59
Kancheepuram,Rabi,Green Gram,Alluvial,8.99,134.8,37.4,0.64
Villupuram,Summer,Coconut,Clay,11.94,34.6,40.3,1.79
Salem,Summer,Soybean,Red,2.29,26.4,33.3,1.43
Namakkal,Rabi,Rice,Clay,11.94,111.0,28.5,4.36
Cuddalore,Kharif,Soybean,Alluvial,6.43,251.4,23.3,1.37
Coimbatore,Rabi,Coconut,Loamy,6.32,130.9,28.8,3.7
Thoothukudi,Summer,Sugarcane,Alluvial,3.46,88.1,24.7,5.66
Cuddalore,Summer,Rice,Black,2.7,83.9,24.6,3.64
Trichy,Kharif,Chilli,Black,1.14,109.4,41.7,2.37
Tirunelveli,Summer,Black Gram,Loamy,1.99,82.9,41.6,0.72
Thanjavur,Kharif,Coconut,Black,9.86,147.1,41.3,1.67
Namakkal,Rabi,Turmeric,Clay,10.41,33.3,27.8,2.99
Dindigul,Kharif,Groundnut,Alluvial,2.3,259.3,36.9,0.97
Trichy,Rabi,Millets,Alluvial,9.72,50.6,41.4,1.45
Villupuram,Kharif,Cotton,Red,3.04,289.4,37.1,0.81
Salem,Kharif,Sesame,Red,5.84,270.5,24.3,0.64
Tiruppur,Summer,Maize,Clay,11.64,98.5,29.8,3.23
Trichy,Rabi,Millets,Black,4.11,119.7,35.5,1.22
Trichy,Kharif,Sugarcane,Clay,4.4,71.9,34.1,5.15
Thanjavur,Summer,Ragi,Red,5.36,72.9,26.9,2.74
Cuddalore,Kharif,Chilli,Loamy,10.44,237.5,28.6,1.99
Salem,Summer,Turmeric,Red,4.51,75.9,38.4,3.17
Tiruppur,Summer,Black Gram,Red,9.77,94.0,29.2,1.16
Trichy,Summer,Groundnut,Red,4.49,77.0,41.3,1.29
Tiruppur,Rabi,Ragi,Clay,3.32,27.1,40.1,1.31
Salem,Summer,Turmeric,Red,0.88,105.6,20.6,3.81
Erode,Rabi,Sunflower,Loamy,4.36,90.9,30.2,1.2
Kancheepuram,Rabi,Maize,Clay,8.96,139.7,33.8,3.02
Villupuram,Summer,Soybean,Red,11.92,70.3,27.2,1.76
Vellore,Kharif,Maize,Clay,11.95,313.7,21.5,2.03
Tirunelveli,Summer,Turmeric,Clay,9.23,14.9,23.2,3.8
Dindigul,Summer,Turmeric,Black,0.6,71.3,29.9,2.9
Vellore,Rabi,Maize,Alluvial,9.71,106.0,34.4,2.92
Coimbatore,Rabi,Maize,Alluvial,7.64,88.9,41.6,2.45
Madurai,Rabi,Green Gram,Black,9.96,99.9,29.4,1.12
Madurai,Summer,Banana,Alluvial,1.44,59.1,32.5,4.72
Vellore,Rabi,Sugarcane,Black,9.33,35.1,24.0,5.54
Tirunelveli,Summer,Sugarcane,Alluvial,6.91,14.1,25.9,4.96
Villupuram,Rabi,Millets,Alluvial,2.37,27.2,32.3,1.72
Madurai,Summer,Soybean,Red,10.61,64.4,31.8,1.69
Thoothukudi,Kharif,Coconut,Clay,2.5,116.1,31.5,2.93
Thanjavur,Kharif,Sunflower,Clay,9.22,222.2,38.3,0.74
Dindigul,Rabi,Green Gram,Loamy,2.45,111.7,40.8,0.9
Kancheepuram,Rabi,Turmeric,Loamy,5.22,88.3,31.5,3.3
Vellore,Summer,Banana,Loamy,2.98,54.9,22.1,4.08
Tirunelveli,Summer,Turmeric,Clay,5.7,49.7,23.7,3.58
Thanjavur,Kharif,Cotton,Loamy,8.49,61.4,28.7,2.19
Tirunelveli,Kharif,Sesame,Black,8.86,109.7,28.0,1.18
Trichy,Rabi,Rice,Loamy,4.87,140.7,28.6,4.07
Salem,Kharif,Green Gram,Clay,5.05,188.1,28.2,0.64
Erode,Kharif,Coconut,Black,10.06,228.7,32.2,3.27
Dindigul,Summer,Rice,Clay,8.08,11.6,30.8,3.25
Vellore,Kharif,Sugarcane,Black,11.59,104.7,36.1,4.37
Thoothukudi,Summer,Sesame,Red,2.76,45.3,25.2,0.72
Thanjavur,Rabi,Millets,Loamy,3.3,54.0,24.4,1.51
Thoothukudi,Rabi,Sunflower,Black,5.66,148.2,28.3,1.12
Tiruppur,Summer,Chilli,Black,3.03,57.4,28.8,3.53
Erode,Rabi,Rice,Alluvial,10.1,85.8,36.0,3.11
Namakkal,Rabi,Turmeric,Clay,10.48,145.7,39.7,1.84
Coimbatore,Summer,Coconut,Clay,11.91,18.3,34.5,2.42
Kancheepuram,Summer,Cotton,Black,6.86,27.6,27.1,1.8
Tirunelveli,Rabi,Green Gram,Loamy,2.67,121.0,20.9,0.77
Tiruppur,Summer,Groundnut,Clay,5.36,15.5,28.2,1.88
Thoothukudi,Rabi,Rice,Black,9.09,80.8,20.4,2.67
Thanjavur,Rabi,Sunflower,Clay,7.31,60.6,35.9,0.83
Salem,Summer,Rice,Black,3.54,18.1,23.8,3.6
Thanjavur,Summer,Soybean,Alluvial,2.38,36.0,37.0,0.8
Tiruppur,Summer,Turmeric,Black,11.51,37.4,37.1,1.94
Namakkal,Kharif,Sugarcane,Red,3.42,221.1,25.3,5.8
Namakkal,Kharif,Sunflower,Red,2.77,129.9,36.3,1.31
Madurai,Summer,Groundnut,Alluvial,1.2,32.8,32.1,1.15
Dindigul,Rabi,Black Gram,Clay,2.41,127.4,19.7,0.93
Dindigul,Rabi,Sunflower,Black,7.59,72.5,22.1,1.91
Coimbatore,Rabi,Turmeric,Black,11.84,134.7,36.0,3.02
Tirunelveli,Kharif,Sunflower,Alluvial,9.35,177.5,26.1,1.02
Madurai,Rabi,Cotton,Black,6.52,60.6,31.4,1.39
Trichy,Rabi,Green Gram,Red,0.88,119.1,34.5,0.95
Cuddalore,Summer,Sunflower,Black,9.33,64.7,38.9,0.92
Madurai,Kharif,Banana,Clay,4.08,195.3,23.6,4.43
Tiruppur,Kharif,Maize,Alluvial,6.93,185.8,41.7,1.81
Kancheepuram,Summer,Groundnut,Alluvial,11.31,47.9,32.0,1.68
Salem,Rabi,Chilli,Loamy,1.26,101.6,25.7,3.35
Trichy,Summer,Rice,Red,9.59,46.0,39.5,1.89
Salem,Summer,Cotton,Black,6.96,106.7,21.3,1.05
Dindigul,Rabi,Turmeric,Black,7.7,34.3,22.5,3.75
Dindigul,Rabi,Maize,Loamy,5.34,142.5,34.7,2.47
Trichy,Rabi,Millets,Loamy,5.44,61.8,32.1,1.83
Madurai,Summer,Sugarcane,Black,8.08,47.0,22.2,3.67
Dindigul,Summer,Rice,Loamy,11.43,110.0,34.1,3.23
Madurai,Kharif,Sugarcane,Alluvial,10.18,196.0,25.1,5.98
Tiruppur,Rabi,Chilli,Red,11.9,44.1,29.3,2.97
Cuddalore,Rabi,Coconut,Loamy,8.73,36.3,39.4,2.44
Thanjavur,Rabi,Groundnut,Clay,11.65,65.6,33.9,1.66
Thanjavur,Rabi,Turmeric,Red,10.21,66.3,41.5,1.78
Madurai,Summer,Millets,Loamy,0.68,13.8,41.3,0.6
Thanjavur,Summer,Banana,Clay,11.04,98.2,34.3,2.81
Salem,Summer,Chilli,Red,2.71,74.2,26.7,2.78
Trichy,Rabi,Turmeric,Clay,6.84,46.4,19.7,3.32
Madurai,Rabi,Banana,Red,9.3,60.4,41.9,2.3
Cuddalore,Summer,Sugarcane,Clay,5.26,43.4,31.4,5.09
Dindigul,Rabi,Turmeric,Alluvial,5.0,112.9,32.3,3.35
Trichy,Summer,Sunflower,Alluvial,10.74,13.2,38.5,0.67
Vellore,Kharif,Maize,Clay,1.36,207.6,28.4,2.53
Vellore,Kharif,Sesame,Loamy,11.23,112.5,33.1,0.45
Coimbatore,Rabi,Sugarcane,Black,11.08,109.4,34.6,5.89
Tiruppur,Kharif,Black Gram,Alluvial,8.66,265.1,19.0,0.67
Cuddalore,Rabi,Sugarcane,Loamy,2.52,139.4,41.1,2.97
Erode,Rabi,Sugarcane,Black,2.61,123.6,18.1,4.12
Kancheepuram,Summer,Sunflower,Alluvial,5.04,103.3,33.9,1.19
Kancheepuram,Rabi,Sunflower,Alluvial,11.21,87.6,33.1,1.25
Thanjavur,Summer,Sugarcane,Clay,3.18,70.0,33.8,4.88
Tirunelveli,Rabi,Green Gram,Alluvial,2.22,84.0,21.3,0.95
Erode,Rabi,Green Gram,Black,11.34,86.7,20.0,0.66
Coimbatore,Kharif,Sesame,Clay,6.3,173.4,32.6,0.57
Dindigul,Rabi,Turmeric,Red,1.94,129.7,21.8,4.58
Tirunelveli,Rabi,Soybean,Loamy,9.25,71.5,36.1,0.84
Salem,Rabi,Ragi,Loamy,6.67,94.7,41.9,1.39
Tiruppur,Summer,Maize,Alluvial,1.48,80.7,35.4,2.91
Madurai,Rabi,Sesame,Black,4.34,157.3,23.4,0.9
Namakkal,Kharif,Banana,Red,5.25,148.8,28.7,5.19
Thoothukudi,Rabi,Sunflower,Alluvial,7.5,92.2,37.4,0.98
Villupuram,Rabi,Sugarcane,Alluvial,9.97,110.4,24.2,4.48
Vellore,Kharif,Soybean,Red,2.53,261.3,26.2,1.52
Kancheepuram,Rabi,Rice,Clay,9.35,128.9,30.1,4.25
Tirunelveli,Summer,Maize,Red,3.06,32.3,38.9,2.97
Kancheepuram,Kharif,Banana,Red,11.39,301.8,25.3,4.38
Cuddalore,Kharif,Banana,Black,1.06,141.0,36.3,2.95
Villupuram,Kharif,Banana,Red,5.42,281.1,22.9,4.22
Trichy,Kharif,Black Gram,Clay,6.23,259.7,32.5,0.83
Vellore,Summer,Coconut,Red,7.09,102.5,40.5,2.56
Madurai,Summer,Maize,Clay,9.61,106.1,33.6,2.54
Dindigul,Rabi,Turmeric,Alluvial,10.77,20.3,33.2,2.61
Thanjavur,Kharif,Green Gram,Loamy,5.22,140.2,20.6,0.92
Namakkal,Summer,Black Gram,Black,7.15,47.8,33.6,0.85
Salem,Kharif,Soybean,Clay,2.35,301.4,29.3,0.78
Trichy,Kharif,Ragi,Black,6.21,86.1,35.5,1.81
Namakkal,Rabi,Sesame,Loamy,7.63,83.6,36.4,0.5
Thoothukudi,Rabi,Black Gram,Loamy,10.44,120.6,21.4,1.0
Tirunelveli,Rabi,Cotton,Clay,5.2,106.8,34.3,0.83
Coimbatore,Kharif,Soybean,Clay,10.56,103.8,19.1,1.7
Villupuram,Summer,Black Gram,Alluvial,5.66,13.6,21.7,0.71
Thoothukudi,Rabi,Ragi,Loamy,1.9,99.7,32.5,1.54
Thanjavur,Rabi,Maize,Black,7.5,128.9,38.0,2.74
Tirunelveli,Summer,Ragi,Loamy,2.27,91.6,41.8,0.82
Salem,Summer,Millets,Clay,5.12,55.8,30.5,1.48
Tirunelveli,Summer,Coconut,Loamy,1.36,15.3,35.0,2.75
Namakkal,Kharif,Coconut,Loamy,7.48,144.7,33.9,3.13
Villupuram,Rabi,Turmeric,Black,6.51,111.6,24.6,4.84
Dindigul,Rabi,Sesame,Loamy,4.29,113.3,27.9,0.84
Tiruppur,Summer,Groundnut,Red,10.8,57.7,35.0,1.43
Dindigul,Summer,Chilli,Black,7.88,43.4,30.5,2.62
Coimbatore,Summer,Sunflower,Alluvial,6.6,13.3,31.4,1.2
Vellore,Rabi,Black Gram,Alluvial,10.04,29.7,34.4,0.95
Vellore,Rabi,Chilli,Alluvial,6.04,152.1,22.2,2.79
Thanjavur,Kharif,Banana,Clay,2.22,130.0,23.5,4.54
Tirunelveli,Rabi,Black Gram,Red,5.21,76.4,37.8,1.22
Vellore,Rabi,Cotton,Black,0.54,109.3,40.6,0.69
Trichy,Summer,Chilli,Black,5.44,48.8,21.0,3.02
Coimbatore,Summer,Black Gram,Red,11.39,46.6,23.2,0.85
Vellore,Rabi,Soybean,Clay,2.22,86.1,18.2,1.06
Erode,Kharif,Chilli,Black,6.4,166.9,22.2,2.07
Thoothukudi,Summer,Black Gram,Black,8.8,68.1,34.6,0.98
Coimbatore,Summer,Ragi,Alluvial,9.46,33.6,39.4,1.19
Tirunelveli,Kharif,Maize,Black,5.21,204.1,40.2,2.29
Tiruppur,Summer,Coconut,Clay,3.02,90.8,25.0,3.42
Villupuram,Summer,Black Gram,Loamy,2.52,24.0,40.5,0.33
Coimbatore,Kharif,Sugarcane,Clay,4.1,280.4,19.6,3.86
Madurai,Summer,Black Gram,Loamy,2.95,90.3,18.9,0.61
Salem,Summer,Ragi,Clay,11.65,28.6,21.1,2.08
Madurai,Rabi,Ragi,Red,6.4,90.8,39.4,1.24
Dindigul,Summer,Black Gram,Black,8.29,18.0,26.9,0.92
Tirunelveli,Kharif,Sunflower,Alluvial,0.97,113.9,34.3,1.23
Salem,Kharif,Ragi,Alluvial,1.53,275.6,25.5,1.34
Villupuram,Summer,Groundnut,Clay,11.97,73.2,29.8,1.5
Salem,Rabi,Banana,Loamy,3.06,57.1,39.4,2.31
Thanjavur,Rabi,Soybean,Red,5.55,137.3,38.4,0.86
Tiruppur,Rabi,Groundnut,Red,8.74,148.7,20.9,2.31
Tirunelveli,Kharif,Sunflower,Clay,10.54,257.9,22.3,1.22
Erode,Kharif,Sesame,Loamy,4.57,65.8,37.0,0.47
Trichy,Summer,Sesame,Black,11.84,100.0,39.7,0.25
Coimbatore,Kharif,Turmeric,Red,8.91,99.0,33.2,3.92
Salem,Summer,Maize,Black,0.73,57.8,26.0,3.69
Vellore,Rabi,Black Gram,Black,6.25,32.5,24.4,1.3
Villupuram,Summer,Banana,Clay,0.54,28.9,40.4,3.11
Tiruppur,Rabi,Green Gram,Loamy,6.16,88.3,31.6,1.34
Madurai,Kharif,Banana,Black,11.47,168.1,29.7,4.92
Thoothukudi,Summer,Green Gram,Loamy,6.78,74.6,18.6,0.79
Namakkal,Rabi,Millets,Red,11.18,65.7,24.5,1.46
Tirunelveli,Summer,Sunflower,Loamy,9.45,97.6,22.6,1.21
Tirunelveli,Kharif,Green Gram,Clay,6.19,216.1,18.1,0.69
Madurai,Rabi,Groundnut,Loamy,9.34,112.8,30.1,1.95
Erode,Rabi,Green Gram,Alluvial,2.72,55.2,24.1,0.75
Trichy,Summer,Soybean,Alluvial,3.54,27.2,39.7,0.55
Coimbatore,Rabi,Black Gram,Red,2.21,113.1,31.6,1.3
Cuddalore,Summer,Rice,Loamy,3.12,15.1,29.5,3.09
Thoothukudi,Rabi,Coconut,Black,10.83,92.8,33.8,3.22
Thoothukudi,Kharif,Turmeric,Loamy,2.1,84.5,36.7,2.0
Coimbatore,Kharif,Coconut,Red,2.53,244.4,20.4,3.57
Erode,Rabi,Soybean,Loamy,3.31,89.0,18.9,1.4
Villupuram,Rabi,Ragi,Loamy,9.06,86.0,36.7,1.6
Dindigul,Kharif,Green Gram,Red,8.18,169.3,30.6,0.99
Erode,Summer,Sesame,Alluvial,11.44,48.4,35.4,0.18
Thanjavur,Kharif,Black Gram,Black,9.18,279.1,37.0,1.04
Erode,Kharif,Rice,Alluvial,9.31,195.5,33.0,4.25
Vellore,Summer,Ragi,Red,9.18,56.5,36.0,1.38
Madurai,Rabi,Black Gram,Clay,6.79,32.2,29.8,1.09
Coimbatore,Rabi,Turmeric,Red,5.76,139.5,33.4,3.65
Thoothukudi,Rabi,Coconut,Red,8.06,159.4,21.3,3.79
Tirunelveli,Kharif,Groundnut,Red,1.6,104.0,38.8,1.35
Madurai,Rabi,Chilli,Clay,1.65,66.9,24.6,2.99
Tiruppur,Summer,Green Gram,Black,9.22,36.2,32.0,0.95
Trichy,Kharif,Turmeric,Red,4.97,169.3,23.8,5.53
Tiruppur,Summer,Sunflower,Black,7.03,79.2,29.3,1.12
Thanjavur,Kharif,Maize,Alluvial,10.48,228.8,23.5,2.49
Madurai,Kharif,Sunflower,Clay,3.84,202.8,33.3,0.41
Tiruppur,Rabi,Chilli,Clay,7.04,105.3,19.7,2.21
Tiruppur,Summer,Chilli,Red,5.97,105.2,26.7,3.67
Salem,Rabi,Maize,Clay,3.34,159.2,22.8,3.46
Namakkal,Rabi,Sesame,Clay,6.43,39.8,23.0,0.76
Villupuram,Summer,Turmeric,Alluvial,0.63,49.5,31.7,2.74
Namakkal,Summer,Sesame,Alluvial,7.38,14.6,35.2,0.17
Coimbatore,Summer,Millets,Black,11.04,32.6,30.1,1.42
Trichy,Summer,Sunflower,Loamy,1.61,15.1,38.8,0.69
Namakkal,Summer,Sunflower,Alluvial,6.74,75.1,25.7,1.39
Salem,Summer,Black Gram,Alluvial,2.63,24.7,29.3,1.13
Coimbatore,Rabi,Millets,Clay,11.3,63.8,24.9,1.08
Madurai,Rabi,Turmeric,Clay,2.1,118.2,31.8,2.83
Thoothukudi,Kharif,Millets,Clay,1.05,124.6,21.2,0.96
Dindigul,Kharif,Sesame,Clay,3.83,83.8,28.7,1.02
Kancheepuram,Summer,Black Gram,Red,10.87,35.9,34.9,0.86
Kancheepuram,Summer,Groundnut,Red,2.78,19.1,32.4,1.52
Dindigul,Summer,Millets,Red,8.62,24.7,33.2,1.38
Trichy,Rabi,Sunflower,Clay,2.11,43.1,26.7,1.22
Thanjavur,Kharif,Ragi,Red,4.37,225.7,38.2,1.11
Coimbatore,Kharif,Millets,Alluvial,11.49,135.4,25.7,0.54
Erode,Rabi,Green Gram,Loamy,1.92,46.1,21.8,0.91
Villupuram,Kharif,Coconut,Alluvial,2.59,100.3,40.9,2.58
Cuddalore,Summer,Groundnut,Clay,6.95,93.7,27.0,2.0
Tirunelveli,Rabi,Turmeric,Alluvial,5.57,60.3,23.9,3.86
Namakkal,Kharif,Cotton,Clay,2.78,243.7,37.4,1.03
Salem,Kharif,Millets,Black,1.64,188.7,31.4,1.42
Namakkal,Summer,Turmeric,Clay,11.83,19.4,32.9,2.48
Trichy,Rabi,Sugarcane,Red,3.77,69.2,41.5,2.68
Thoothukudi,Kharif,Chilli,Clay,6.72,98.9,36.7,2.66
Dindigul,Summer,Soybean,Black,1.8,53.5,31.9,1.77
Tiruppur,Summer,Black Gram,Alluvial,7.2,16.1,18.6,0.71
Dindigul,Rabi,Green Gram,Alluvial,11.02,82.2,22.7,0.85
Vellore,Rabi,Soybean,Red,4.18,71.8,19.3,1.63
Tiruppur,Rabi,Rice,Red,2.66,70.6,36.2,3.06
Trichy,Summer,Maize,Clay,10.0,42.3,23.8,3.22
Salem,Summer,Sugarcane,Clay,10.93,47.0,34.4,4.35
Madurai,Rabi,Ragi,Black,1.57,75.6,21.5,2.42
Cuddalore,Summer,Sunflower,Red,3.01,44.8,22.7,1.27
Salem,Rabi,Turmeric,Loamy,2.8,117.2,21.1,4.18
Coimbatore,Summer,Millets,Red,7.0,59.6,41.5,1.24
Vellore,Summer,Sugarcane,Black,4.53,38.5,36.8,5.39
Vellore,Summer,Banana,Clay,8.55,38.1,38.4,2.16
Erode,Rabi,Rice,Red,7.17,122.5,20.2,3.39
Dindigul,Summer,Soybean,Red,5.73,13.0,23.9,1.9
Cuddalore,Rabi,Green Gram,Alluvial,2.73,118.1,19.3,0.61
Madurai,Summer,Coconut,Clay,9.27,51.2,21.1,3.17
Tirunelveli,Rabi,Groundnut,Black,11.09,34.5,40.9,1.34
Thanjavur,Rabi,Rice,Red,9.82,36.1,38.4,1.61
Coimbatore,Rabi,Maize,Clay,3.06,114.0,22.9,4.11
Cuddalore,Kharif,Millets,Clay,9.36,79.6,20.2,1.08
Madurai,Rabi,Millets,Alluvial,7.98,22.5,20.3,1.31
Villupuram,Rabi,Rice,Clay,8.39,88.6,39.8,4.33
Tiruppur,Kharif,Cotton,Black,10.18,202.1,37.7,1.22
Namakkal,Rabi,Maize,Alluvial,10.48,103.8,38.7,2.36
Trichy,Rabi,Green Gram,Loamy,1.59,116.5,35.4,1.17
Cuddalore,Rabi,Banana,Black,4.68,128.9,29.4,4.57
Thanjavur,Rabi,Turmeric,Black,7.77,115.9,41.0,1.55
Villupuram,Kharif,Cotton,Alluvial,6.92,309.0,40.1,0.7
Trichy,Kharif,Black Gram,Red,6.44,103.3,36.0,1.19
Villupuram,Kharif,Groundnut,Loamy,8.12,144.7,30.4,1.49
Trichy,Rabi,Sugarcane,Red,1.84,38.4,18.4,4.25
Salem,Kharif,Turmeric,Loamy,3.29,292.6,37.2,3.63
Tirunelveli,Kharif,Turmeric,Alluvial,11.62,305.4,40.3,3.18
Thanjavur,Rabi,Ragi,Red,0.81,48.5,37.8,1.34
Thanjavur,Rabi,Sugarcane,Red,4.38,22.8,25.8,5.17
Dindigul,Summer,Turmeric,Black,6.54,32.6,24.7,4.29
Cuddalore,Kharif,Coconut,Red,9.76,115.8,34.0,2.53
Thoothukudi,Summer,Black Gram,Black,6.82,31.5,31.7,1.0
Madurai,Kharif,Turmeric,Alluvial,9.49,275.2,30.7,3.92
Namakkal,Summer,Chilli,Black,10.47,82.2,26.2,2.48
Namakkal,Rabi,Rice,Clay,4.4,46.2,34.6,3.03
Trichy,Rabi,Sunflower,Red,5.08,69.2,30.7,1.36
Coimbatore,Summer,Sugarcane,Loamy,9.94,45.9,38.7,4.39
Thanjavur,Summer,Millets,Black,2.3,73.6,28.7,1.56
Trichy,Rabi,Coconut,Clay,11.9,37.9,39.0,0.96
Vellore,Kharif,Rice,Clay,1.55,296.7,37.6,3.58
Dindigul,Rabi,Groundnut,Clay,11.34,61.2,18.7,1.61
Erode,Kharif,Chilli,Alluvial,1.48,274.3,33.4,1.9
Tirunelveli,Summer,Banana,Clay,0.62,69.8,26.2,4.6
Erode,Kharif,Black Gram,Red,9.69,165.6,39.3,0.69
Vellore,Summer,Black Gram,Clay,9.1,98.2,34.2,0.7
Thanjavur,Kharif,Sugarcane,Clay,1.62,87.0,28.7,6.54
Coimbatore,Kharif,Black Gram,Black,2.22,206.7,27.0,1.06
Dindigul,Rabi,Soybean,Black,6.75,33.4,37.0,0.18
Thanjavur,Rabi,Black Gram,Black,2.59,128.7,22.8,1.17
Cuddalore,Rabi,Soybean,Alluvial,9.08,143.5,35.4,0.94
Kancheepuram,Summer,Coconut,Loamy,1.27,87.8,18.5,3.01
Tirunelveli,Rabi,Ragi,Loamy,6.21,132.7,19.4,1.61
Vellore,Summer,Millets,Clay,9.87,62.9,36.5,1.16
Vellore,Summer,Green Gram,Clay,3.59,105.5,27.3,1.03
Kancheepuram,Kharif,Coconut,Clay,6.59,237.4,33.4,3.1
Thanjavur,Summer,Banana,Black,6.16,23.5,33.5,2.95
Dindigul,Summer,Banana,Loamy,8.89,40.3,35.0,3.36
Salem,Kharif,Chilli,Black,2.49,308.9,23.9,1.29
Thanjavur,Kharif,Maize,Alluvial,9.79,167.6,36.2,1.98
Trichy,Summer,Black Gram,Alluvial,5.18,102.1,19.7,0.7
Namakkal,Kharif,Ragi,Red,7.12,264.7,19.9,1.31
Coimbatore,Rabi,Coconut,Alluvial,1.02,69.3,31.5,2.76
Madurai,Kharif,Chilli,Clay,5.2,69.5,25.6,3.76
Thanjavur,Kharif,Turmeric,Loamy,7.07,274.9,27.2,4.94
Trichy,Summer,Cotton,Loamy,2.66,24.4,28.2,1.46
Vellore,Rabi,Sunflower,Loamy,10.87,121.4,32.4,0.69
Salem,Kharif,Green Gram,Clay,1.5,125.4,39.3,0.8
Coimbatore,Kharif,Coconut,Loamy,7.62,175.2,35.3,2.83
Erode,Kharif,Ragi,Alluvial,2.11,283.4,20.4,1.04
Kancheepuram,Summer,Millets,Red,9.57,74.3,19.1,1.0
Madurai,Summer,Coconut,Loamy,2.43,102.7,40.6,2.29
Kancheepuram,Summer,Chilli,Clay,2.95,78.3,23.0,2.74
Namakkal,Rabi,Groundnut,Alluvial,7.69,156.0,37.8,0.74
Tiruppur,Kharif,Sugarcane,Black,10.19,71.8,28.0,6.4
Trichy,Rabi,Soybean,Black,6.32,87.2,29.9,1.69
Coimbatore,Summer,Green Gram,Red,10.66,102.1,31.9,1.46
Erode,Kharif,Soybean,Clay,9.51,143.8,18.7,1.72
Salem,Summer,Maize,Alluvial,9.84,72.6,39.1,1.94
Madurai,Kharif,Sesame,Loamy,0.57,127.0,41.2,0.61
Tiruppur,Kharif,Cotton,Clay,3.01,170.5,27.0,1.57
Cuddalore,Summer,Coconut,Alluvial,3.27,69.6,21.5,3.15
Tiruppur,Summer,Soybean,Loamy,11.99,84.2,33.4,1.11
Salem,Kharif,Coconut,Loamy,11.55,300.2,40.4,2.53
Trichy,Kharif,Sugarcane,Red,10.62,81.0,18.2,4.3
Villupuram,Rabi,Turmeric,Black,10.78,25.4,30.7,3.56
Cuddalore,Summer,Turmeric,Clay,5.01,11.4,32.9,2.53
Madurai,Summer,Chilli,Clay,0.51,81.7,24.0,3.18
Villupuram,Kharif,Coconut,Black,2.69,76.4,22.8,2.67
Madurai,Kharif,Soybean,Red,0.59,183.6,34.6,1.43
Dindigul,Kharif,Coconut,Red,11.79,96.1,31.6,3.1
Dindigul,Rabi,Rice,Alluvial,9.28,88.4,35.4,4.0
Thoothukudi,Rabi,Turmeric,Black,7.78,78.4,20.1,3.66
Tiruppur,Summer,Groundnut,Clay,1.24,109.6,18.5,1.2
Tiruppur,Rabi,Banana,Red,2.47,24.9,22.2,3.73
Namakkal,Summer,Maize,Black,1.59,20.2,37.1,2.37
Cuddalore,Kharif,Banana,Alluvial,7.43,267.8,18.4,3.75
Cuddalore,Rabi,Sugarcane,Red,5.86,92.8,29.9,5.7
Trichy,Rabi,Rice,Loamy,6.71,81.3,32.4,2.93
Salem,Kharif,Sugarcane,Alluvial,2.5,290.2,35.3,5.62
Thoothukudi,Summer,Green Gram,Loamy,5.28,99.4,32.9,1.18
Namakkal,Rabi,Sesame,Clay,9.7,52.1,25.2,0.87
Namakkal,Kharif,Groundnut,Clay,8.57,202.9,20.8,0.88
Villupuram,Summer,Sugarcane,Alluvial,6.18,84.0,23.4,3.9
Villupuram,Rabi,Soybean,Clay,11.7,59.0,30.6,1.24
Salem,Rabi,Banana,Red,10.36,70.0,36.2,2.59
Villupuram,Kharif,Cotton,Red,6.76,86.7,39.3,1.43
Namakkal,Rabi,Rice,Alluvial,7.09,153.3,30.3,4.36
Salem,Rabi,Banana,Clay,11.42,81.2,24.1,4.58
Thoothukudi,Summer,Soybean,Red,10.82,21.8,33.0,1.13
Namakkal,Summer,Maize,Clay,10.65,26.7,22.3,2.9
Kancheepuram,Summer,Maize,Clay,8.25,99.4,30.8,2.66
Kancheepuram,Rabi,Black Gram,Alluvial,2.09,31.8,35.8,1.18
Madurai,Summer,Sunflower,Black,2.49,67.5,34.1,0.41
Salem,Kharif,Sugarcane,Loamy,4.85,157.3,32.4,7.29
Madurai,Rabi,Coconut,Red,6.89,32.9,38.9,1.31
Tiruppur,Summer,Cotton,Alluvial,4.41,51.9,34.5,1.45
Thoothukudi,Kharif,Millets,Alluvial,3.32,100.1,27.4,1.35
Salem,Summer,Chilli,Loamy,10.48,75.2,19.1,1.86
Coimbatore,Kharif,Ragi,Alluvial,2.84,258.3,24.7,0.88
Tiruppur,Summer,Turmeric,Black,4.28,104.6,40.2,2.93
Kancheepuram,Summer,Green Gram,Clay,9.46,82.8,19.0,0.66
Dindigul,Rabi,Rice,Clay,11.33,47.8,32.2,3.72
Cuddalore,Summer,Cotton,Clay,9.88,40.7,29.5,1.55
Coimbatore,Rabi,Green Gram,Red,10.35,111.3,19.6,0.87
Salem,Kharif,Sugarcane,Red,8.5,108.9,18.6,2.61
Cuddalore,Rabi,Sesame,Black,10.56,29.6,39.7,0.7
Dindigul,Rabi,Black Gram,Black,3.17,39.2,27.8,1.08
Trichy,Rabi,Ragi,Alluvial,5.18,47.3,18.1,1.97
Tiruppur,Rabi,Cotton,Clay,7.47,45.3,35.0,1.14
Madurai,Kharif,Rice,Clay,4.79,316.6,31.4,3.56
Vellore,Rabi,Sesame,Red,7.26,100.5,20.3,1.01
Tirunelveli,Kharif,Sesame,Clay,7.61,258.3,32.8,0.45
Tirunelveli,Kharif,Ragi,Clay,6.21,222.2,39.7,0.92
Villupuram,Kharif,Coconut,Red,11.37,157.5,19.3,2.22
Thoothukudi,Rabi,Black Gram,Black,3.35,49.8,28.6,1.37
Namakkal,Summer,Coconut,Loamy,9.1,48.1,24.1,3.51
Dindigul,Rabi,Maize,Black,10.15,116.7,25.1,3.71
Madurai,Summer,Maize,Loamy,4.69,41.6,28.3,2.86
Kancheepuram,Summer,Chilli,Red,1.33,108.9,35.4,2.54
Namakkal,Summer,Millets,Red,8.16,68.6,31.2,1.48
Namakkal,Rabi,Turmeric,Red,0.84,23.2,37.4,2.51
Dindigul,Rabi,Rice,Red,6.82,60.7,25.2,3.38
Villupuram,Summer,Sugarcane,Clay,9.77,84.4,40.5,3.96
Salem,Rabi,Sesame,Red,8.61,89.0,19.0,1.08
Tirunelveli,Summer,Ragi,Alluvial,8.58,108.0,29.0,1.41
Namakkal,Rabi,Green Gram,Clay,3.5,55.8,32.4,0.93
Erode,Summer,Turmeric,Red,9.17,14.5,34.5,2.27
Madurai,Kharif,Sunflower,Loamy,6.54,149.5,20.2,1.48
Salem,Summer,Cotton,Red,9.2,40.9,31.2,1.6
Villupuram,Rabi,Chilli,Red,1.43,21.5,35.9,2.14
Cuddalore,Rabi,Sunflower,Alluvial,1.66,20.4,40.6,1.1
Thoothukudi,Rabi,Green Gram,Clay,9.07,54.7,38.4,0.7
Tirunelveli,Summer,Groundnut,Clay,7.46,54.9,28.1,1.72
Erode,Kharif,Chilli,Red,8.89,211.7,26.6,2.91
Vellore,Rabi,Millets,Red,9.19,83.5,38.0,1.84
Cuddalore,Rabi,Rice,Clay,7.47,91.6,27.2,4.97
Thoothukudi,Kharif,Ragi,Black,9.68,202.2,34.2,0.88
Trichy,Rabi,Chilli,Clay,10.04,47.8,23.0,2.98
Tiruppur,Rabi,Millets,Red,11.8,54.9,32.3,1.77
Thanjavur,Kharif,Banana,Loamy,10.8,120.1,38.8,3.94
Trichy,Rabi,Chilli,Black,2.65,28.6,19.7,2.84
Trichy,Kharif,Sugarcane,Alluvial,9.65,229.4,25.2,6.44
Erode,Rabi,Cotton,Black,5.1,31.7,24.1,1.46
Trichy,Summer,Chilli,Alluvial,7.49,55.4,19.1,2.46
Tirunelveli,Summer,Chilli,Loamy,12.0,33.0,21.0,2.18
Madurai,Summer,Chilli,Loamy,10.7,18.8,33.2,2.4
Madurai,Rabi,Green Gram,Clay,8.08,128.2,31.6,0.72
Thanjavur,Kharif,Groundnut,Red,2.64,213.7,41.2,0.78
Thanjavur,Summer,Soybean,Red,9.46,12.7,31.3,1.33
Trichy,Rabi,Banana,Red,8.5,57.8,27.0,3.92
Coimbatore,Rabi,Cotton,Red,7.58,66.0,26.5,2.53
Trichy,Kharif,Sugarcane,Clay,1.75,200.6,28.4,6.39
Dindigul,Kharif,Green Gram,Alluvial,4.07,254.4,21.1,0.57
Dindigul,Summer,Black Gram,Clay,0.61,85.7,32.2,1.1
Salem,Kharif,Ragi,Alluvial,10.01,173.0,25.6,1.67
Madurai,Summer,Cotton,Loamy,7.29,20.7,18.2,1.16
Trichy,Kharif,Turmeric,Black,1.38,219.6,30.6,3.88
Trichy,Rabi,Cotton,Alluvial,2.78,27.0,29.9,1.72
Coimbatore,Kharif,Turmeric,Clay,6.18,116.3,19.8,4.17
Trichy,Kharif,Millets,Alluvial,8.19,266.9,37.7,1.08
Tirunelveli,Kharif,Cotton,Alluvial,10.54,312.1,35.7,1.04
Madurai,Rabi,Maize,Clay,4.22,23.5,28.9,2.33
Cuddalore,Kharif,Ragi,Alluvial,0.57,264.9,34.5,0.32
Tiruppur,Summer,Black Gram,Black,6.91,58.8,36.2,0.81
Tirunelveli,Rabi,Sunflower,Black,10.26,40.7,19.8,1.72
Villupuram,Rabi,Maize,Clay,10.15,33.5,35.9,1.94
Villupuram,Kharif,Ragi,Loamy,11.94,315.3,20.5,1.19
Dindigul,Kharif,Ragi,Red,7.52,245.9,28.5,1.47
Coimbatore,Rabi,Groundnut,Alluvial,8.79,124.4,41.9,1.07
Namakkal,Summer,Groundnut,Clay,9.22,32.5,20.5,1.05
Trichy,Summer,Sesame,Loamy,6.19,106.7,35.2,0.16
Dindigul,Summer,Cotton,Red,0.92,84.6,22.5,1.94
Erode,Rabi,Banana,Black,0.98,62.4,40.9,2.66
Thoothukudi,Summer,Rice,Black,7.16,14.0,20.0,2.88
Thanjavur,Rabi,Soybean,Alluvial,11.46,70.3,30.5,1.08
Kancheepuram,Rabi,Sugarcane,Clay,9.75,32.3,21.2,2.95
Erode,Rabi,Sunflower,Red,9.66,80.9,21.0,1.84
Salem,Summer,Coconut,Black,4.45,70.8,34.5,3.07
Thanjavur,Summer,Rice,Loamy,9.52,96.4,18.3,2.78
Coimbatore,Rabi,Groundnut,Loamy,3.37,99.7,29.3,2.18
Dindigul,Rabi,Cotton,Loamy,6.84,134.4,23.3,1.61
Vellore,Rabi,Maize,Clay,2.75,132.0,35.7,2.46
Coimbatore,Summer,Millets,Red,9.22,53.8,18.8,1.23
Trichy,Summer,Banana,Black,9.09,79.1,31.8,3.75
Trichy,Kharif,Black Gram,Clay,10.55,144.5,38.8,0.69
Cuddalore,Kharif,Groundnut,Black,0.84,301.5,35.5,1.34
Salem,Rabi,Maize,Clay,3.9,25.5,29.9,3.21
Thoothukudi,Kharif,Sunflower,Black,9.43,189.9,19.9,1.09
Vellore,Summer,Turmeric,Red,6.89,24.0,35.6,2.89
Vellore,Summer,Sugarcane,Black,10.24,78.6,37.0,4.85
Erode,Kharif,Banana,Black,9.26,111.0,32.8,4.25
Thanjavur,Summer,Ragi,Black,6.79,109.3,19.6,2.33
Erode,Summer,Turmeric,Black,3.26,24.1,24.0,2.82
Kancheepuram,Summer,Sunflower,Alluvial,11.48,17.2,26.5,1.4
Dindigul,Summer,Black Gram,Alluvial,11.31,68.3,32.2,1.18
Vellore,Summer,Black Gram,Alluvial,8.83,18.9,35.5,0.83
Coimbatore,Summer,Sugarcane,Black,6.12,11.9,39.8,4.57
Madurai,Summer,Maize,Black,5.63,27.9,40.8,1.54
Cuddalore,Summer,Soybean,Black,11.82,37.4,34.7,1.38
Coimbatore,Rabi,Groundnut,Alluvial,4.18,135.2,21.6,2.07
Dindigul,Rabi,Groundnut,Red,3.05,22.5,25.8,1.67
Erode,Kharif,Groundnut,Alluvial,7.88,163.6,41.9,1.13
Cuddalore,Rabi,Millets,Loamy,5.71,32.9,34.8,1.13
Thoothukudi,Summer,Millets,Loamy,10.04,17.4,27.3,1.3
Namakkal,Rabi,Turmeric,Red,9.39,35.3,40.7,1.84
Kancheepuram,Kharif,Sugarcane,Alluvial,8.44,82.4,29.6,6.19
Madurai,Kharif,Sugarcane,Clay,1.13,218.8,28.4,6.84
Villupuram,Summer,Cotton,Alluvial,10.13,25.9,25.7,1.85
Madurai,Summer,Cotton,Black,2.46,84.2,31.1,2.05
Erode,Rabi,Banana,Black,1.48,133.8,32.4,3.85
Trichy,Summer,Sunflower,Clay,9.1,84.0,37.0,0.44
Coimbatore,Kharif,Turmeric,Loamy,8.7,99.6,40.5,3.07
Trichy,Kharif,Ragi,Clay,4.2,305.3,32.6,0.88
Kancheepuram,Kharif,Rice,Alluvial,11.45,186.0,22.7,3.62
Salem,Kharif,Groundnut,Red,7.06,106.4,21.8,2.58
Coimbatore,Summer,Chilli,Loamy,2.32,84.2,30.8,3.06
Tirunelveli,Rabi,Coconut,Loamy,3.81,90.3,25.3,3.85
Thoothukudi,Kharif,Sunflower,Black,10.37,201.8,27.1,0.78
Erode,Rabi,Green Gram,Loamy,1.99,45.9,19.4,0.89
Vellore,Rabi,Rice,Red,3.35,29.0,18.5,2.31
Trichy,Rabi,Cotton,Loamy,2.94,50.4,31.5,1.15
Salem,Summer,Black Gram,Clay,10.75,17.3,30.9,0.72
Kancheepuram,Rabi,Chilli,Red,8.66,155.6,35.6,2.25
Salem,Summer,Coconut,Loamy,2.15,99.7,25.8,3.86
Erode,Rabi,Coconut,Loamy,4.41,81.3,19.1,2.48
Salem,Rabi,Millets,Clay,10.2,98.5,21.7,1.27
Vellore,Rabi,Soybean,Black,10.38,23.7,25.8,1.74
Tiruppur,Rabi,Sugarcane,Black,3.75,68.8,31.8,4.78
Thanjavur,Summer,Maize,Red,3.28,58.9,28.7,3.74
Madurai,Summer,Black Gram,Clay,1.99,90.7,41.0,0.69
Trichy,Rabi,Coconut,Red,5.72,118.0,27.7,3.61
Erode,Rabi,Sugarcane,Red,3.44,101.8,29.1,7.11
Trichy,Summer,Banana,Loamy,11.55,19.7,26.8,4.93
Thanjavur,Kharif,Maize,Alluvial,7.61,81.9,40.4,1.79
Erode,Rabi,Chilli,Red,3.1,76.7,30.1,3.75
Madurai,Kharif,Maize,Black,1.73,109.8,18.8,3.32
Tirunelveli,Kharif,Sesame,Red,0.57,99.9,31.9,0.91
Villupuram,Summer,Rice,Black,1.67,87.2,38.4,2.36
Cuddalore,Rabi,Soybean,Black,4.76,159.1,23.2,2.03
Tiruppur,Kharif,Sunflower,Red,6.22,63.6,32.2,1.06
Salem,Rabi,Sesame,Alluvial,1.29,91.3,28.7,0.9
Kancheepuram,Kharif,Soybean,Alluvial,5.06,95.0,28.6,2.08
Vellore,Kharif,Sesame,Loamy,0.82,162.7,35.8,0.18
Kancheepuram,Kharif,Soybean,Black,4.11,313.6,25.7,1.31
Tiruppur,Rabi,Black Gram,Red,1.94,119.1,22.8,1.17
Namakkal,Summer,Cotton,Black,7.41,31.6,23.0,1.59
Namakkal,Summer,Sunflower,Loamy,6.86,23.5,18.8,1.06
Kancheepuram,Kharif,Millets,Loamy,10.75,259.0,35.6,0.68
Trichy,Rabi,Maize,Loamy,8.01,137.0,30.4,3.16
Thoothukudi,Kharif,Soybean,Clay,7.57,64.8,28.5,1.58
Erode,Rabi,Sunflower,Clay,11.73,67.1,29.5,1.27
Madurai,Kharif,Ragi,Red,2.53,99.5,40.8,1.35
Thanjavur,Kharif,Turmeric,Alluvial,1.65,123.6,27.0,4.65
Salem,Summer,Banana,Alluvial,8.84,101.1,32.9,4.73
Thanjavur,Rabi,Ragi,Black,0.58,89.9,35.8,1.42
Trichy,Rabi,Cotton,Loamy,4.98,21.4,36.8,0.99
Dindigul,Kharif,Banana,Alluvial,9.36,293.6,25.2,4.43
Trichy,Summer,Black Gram,Clay,8.86,40.6,24.0,0.45
Erode,Kharif,Sugarcane,Clay,1.3,314.6,22.8,5.7
Coimbatore,Summer,Black Gram,Loamy,3.63,41.8,29.2,0.82
Trichy,Rabi,Black Gram,Loamy,3.4,24.2,25.6,0.87
Salem,Summer,Coconut,Alluvial,10.75,103.1,30.1,3.68
Thoothukudi,Summer,Turmeric,Alluvial,8.17,106.1,25.2,4.06
Tirunelveli,Kharif,Ragi,Red,5.65,169.0,38.7,1.34
Madurai,Summer,Banana,Red,10.49,42.5,27.9,4.22
Villupuram,Summer,Cotton,Black,5.16,80.1,27.5,2.12
Coimbatore,Rabi,Sesame,Red,10.69,59.6,19.6,0.72
Trichy,Summer,Sunflower,Alluvial,10.28,59.9,27.9,1.34
Vellore,Kharif,Groundnut,Loamy,2.32,193.5,38.4,1.77
Cuddalore,Kharif,Groundnut,Black,4.21,89.0,32.0,1.57
Salem,Rabi,Green Gram,Clay,11.25,82.4,26.0,0.82
Tiruppur,Kharif,Banana,Alluvial,4.06,262.1,38.5,2.49
Dindigul,Rabi,Coconut,Red,3.87,104.9,38.6,2.07
Tirunelveli,Kharif,Banana,Alluvial,5.17,255.6,19.0,3.77
Cuddalore,Summer,Turmeric,Black,11.65,57.6,30.2,3.18
Kancheepuram,Rabi,Millets,Alluvial,6.4,108.9,35.0,1.18
Salem,Summer,Black Gram,Loamy,4.2,11.4,39.7,0.34
Cuddalore,Summer,Millets,Loamy,7.03,83.6,38.0,0.81
Thoothukudi,Kharif,Soybean,Alluvial,10.07,210.7,27.9,1.38
Trichy,Rabi,Rice,Red,3.23,100.1,31.8,3.67
Salem,Kharif,Black Gram,Red,0.95,182.6,35.2,0.81
Salem,Rabi,Black Gram,Clay,10.8,92.2,18.7,0.64
Vellore,Kharif,Coconut,Loamy,5.48,204.4,39.5,2.84
Tirunelveli,Rabi,Sugarcane,Alluvial,3.62,117.7,26.7,5.56
Villupuram,Rabi,Groundnut,Red,3.5,153.7,22.3,2.24
Vellore,Summer,Millets,Black,3.83,106.9,23.3,1.45
Dindigul,Summer,Green Gram,Alluvial,1.19,20.6,38.4,0.8
Thoothukudi,Kharif,Green Gram,Alluvial,10.4,192.2,19.9,0.47
Vellore,Rabi,Sunflower,Alluvial,7.78,90.6,38.6,1.04
Tiruppur,Summer,Soybean,Loamy,6.24,76.4,21.9,1.2
Cuddalore,Kharif,Ragi,Black,10.58,310.6,21.9,1.55
Trichy,Summer,Cotton,Clay,6.7,59.3,30.9,1.44
Villupuram,Rabi,Maize,Red,6.88,45.0,25.5,3.5
Coimbatore,Rabi,Maize,Red,4.01,86.0,26.0,4.44
Thoothukudi,Kharif,Coconut,Black,10.23,127.4,19.8,2.77
Villupuram,Rabi,Groundnut,Black,4.53,48.1,33.5,1.42
Coimbatore,Summer,Maize,Clay,11.09,99.7,18.5,2.95
Tirunelveli,Kharif,Coconut,Alluvial,10.2,262.1,27.6,4.57
Coimbatore,Rabi,Turmeric,Red,4.66,59.8,34.1,4.13
Coimbatore,Summer,Maize,Loamy,4.89,88.0,40.1,1.67
Erode,Rabi,Rice,Clay,7.43,79.7,34.6,3.14
Villupuram,Kharif,Sugarcane,Black,5.46,213.4,33.0,6.75
Salem,Kharif,Banana,Black,7.61,208.4,24.4,4.74
Dindigul,Summer,Coconut,Red,7.75,76.0,24.2,4.05
Namakkal,Rabi,Sesame,Red,10.43,30.0,23.0,0.92
Salem,Rabi,Banana,Alluvial,2.66,113.2,40.7,2.41
Erode,Summer,Banana,Clay,5.31,103.0,37.1,3.22
Thoothukudi,Summer,Maize,Loamy,1.0,27.0,24.8,3.75
Thanjavur,Kharif,Green Gram,Loamy,11.56,240.3,27.5,0.72
Thoothukudi,Kharif,Sesame,Red,9.42,268.4,33.3,0.54
Erode,Summer,Rice,Loamy,3.03,42.4,36.4,2.6
Trichy,Rabi,Sugarcane,Red,11.72,100.6,21.3,3.98
Villupuram,Kharif,Black Gram,Clay,3.7,250.4,32.5,0.7
Vellore,Summer,Soybean,Clay,8.23,108.0,26.3,1.98
Trichy,Rabi,Millets,Red,7.46,92.8,25.7,1.76
Dindigul,Summer,Coconut,Clay,4.9,75.8,23.8,3.0
Salem,Rabi,Turmeric,Red,2.75,138.4,30.6,3.41
Madurai,Summer,Sugarcane,Clay,5.52,109.5,40.3,3.87
Thoothukudi,Rabi,Maize,Clay,5.9,83.7,19.1,3.08
Namakkal,Summer,Soybean,Black,1.16,57.0,21.0,1.65
Trichy,Kharif,Sunflower,Black,1.24,173.0,31.1,1.13
Tiruppur,Summer,Ragi,Red,10.06,57.6,33.3,1.44
Thoothukudi,Summer,Ragi,Loamy,8.83,68.3,28.5,1.75
Vellore,Summer,Rice,Red,2.56,95.0,18.4,2.84
Erode,Summer,Maize,Loamy,9.27,28.3,34.3,2.02
Namakkal,Kharif,Groundnut,Red,7.83,90.0,39.7,1.99
Cuddalore,Kharif,Millets,Loamy,6.9,61.7,18.1,1.01
Thoothukudi,Summer,Black Gram,Loamy,3.22,54.5,23.9,0.76
Cuddalore,Summer,Turmeric,Black,1.73,35.5,29.3,2.82
Trichy,Rabi,Turmeric,Clay,4.41,68.2,33.8,2.38
Salem,Rabi,Coconut,Loamy,7.5,60.4,31.1,2.71
Villupuram,Summer,Soybean,Loamy,0.94,45.8,37.8,0.45
Villupuram,Rabi,Chilli,Clay,4.16,113.5,30.2,2.89
Vellore,Rabi,Banana,Clay,3.12,154.1,18.4,3.5
Erode,Kharif,Green Gram,Red,8.4,150.1,34.4,0.92
Thoothukudi,Rabi,Turmeric,Clay,3.44,120.9,31.0,2.7
Thanjavur,Summer,Black Gram,Black,0.97,37.1,42.0,0.86
Kancheepuram,Kharif,Ragi,Loamy,9.77,287.7,25.8,1.13
Dindigul,Kharif,Banana,Loamy,2.92,196.4,24.3,4.25
Namakkal,Rabi,Black Gram,Black,4.42,111.3,30.4,1.58
Trichy,Rabi,Maize,Red,4.9,79.7,26.5,3.92
Coimbatore,Kharif,Sugarcane,Clay,4.76,110.2,18.2,4.54
Dindigul,Rabi,Millets,Alluvial,6.93,106.2,35.6,1.02
Thanjavur,Rabi,Chilli,Black,10.39,69.6,25.6,3.24
Vellore,Summer,Turmeric,Black,8.38,17.7,36.1,3.3
Namakkal,Kharif,Chilli,Clay,10.18,95.6,31.4,2.36
Tiruppur,Kharif,Cotton,Clay,4.74,294.6,20.2,0.96
Vellore,Rabi,Banana,Loamy,7.14,137.3,27.7,5.29
Villupuram,Kharif,Cotton,Red,1.84,84.0,35.1,1.51
Coimbatore,Summer,Ragi,Red,7.66,21.3,40.8,1.19
Dindigul,Rabi,Rice,Clay,7.76,133.6,19.5,3.62
Villupuram,Kharif,Cotton,Loamy,1.84,228.6,33.2,1.23
Namakkal,Summer,Millets,Loamy,4.41,36.1,25.2,0.95
Villupuram,Rabi,Sunflower,Black,2.37,100.5,19.8,1.26
Namakkal,Summer,Coconut,Red,2.58,53.1,41.0,2.15
Trichy,Rabi,Turmeric,Alluvial,0.5,67.4,31.0,3.71
Madurai,Rabi,Sesame,Clay,8.32,34.2,36.2,0.71
Madurai,Rabi,Millets,Black,10.93,78.0,24.2,1.73
Villupuram,Summer,Black Gram,Black,1.58,105.9,23.6,1.19
Cuddalore,Kharif,Banana,Red,2.37,148.9,30.5,4.62
Thanjavur,Kharif,Cotton,Loamy,1.16,253.3,31.3,0.71
Tiruppur,Rabi,Millets,Clay,10.36,21.3,24.7,1.41
Dindigul,Kharif,Sugarcane,Black,11.2,197.1,33.5,5.98
Vellore,Rabi,Chilli,Red,7.28,106.8,25.6,3.88
Erode,Summer,Banana,Clay,2.42,95.8,21.0,4.19
Villupuram,Rabi,Sesame,Black,7.41,30.6,24.0,0.89
Dindigul,Summer,Sesame,Clay,6.98,83.6,38.8,0.37
Namakkal,Kharif,Ragi,Black,1.26,103.3,35.8,1.78
Coimbatore,Summer,Black Gram,Black,2.22,60.6,39.9,0.69
Villupuram,Summer,Banana,Clay,2.27,16.3,39.6,2.12
Kancheepuram,Summer,Groundnut,Loamy,8.72,53.9,37.9,0.47
Erode,Kharif,Turmeric,Clay,5.62,266.2,23.3,4.99
Tiruppur,Kharif,Turmeric,Clay,3.28,205.8,38.9,2.55
Villupuram,Kharif,Ragi,Clay,7.23,265.2,27.2,1.04
Erode,Rabi,Sesame,Black,4.96,81.3,33.8,0.71
Salem,Summer,Soybean,Red,10.43,67.5,26.6,1.9
Namakkal,Kharif,Chilli,Loamy,7.85,288.4,28.8,1.82
Vellore,Summer,Cotton,Red,3.17,71.6,39.5,1.32
Cuddalore,Rabi,Green Gram,Red,4.55,121.0,27.3,1.12
Kancheepuram,Rabi,Turmeric,Black,4.8,141.0,25.0,5.56
Vellore,Kharif,Soybean,Clay,2.21,112.6,40.4,1.61
Villupuram,Rabi,Turmeric,Clay,3.91,96.9,22.5,4.21
Trichy,Rabi,Groundnut,Red,11.66,142.8,36.3,1.93
Trichy,Summer,Chilli,Alluvial,3.2,88.0,32.5,2.54
Thoothukudi,Kharif,Sugarcane,Red,4.68,111.8,22.8,3.81
Coimbatore,Summer,Millets,Red,8.79,66.8,18.2,1.27
Trichy,Kharif,Sugarcane,Loamy,9.04,83.9,38.3,3.85
Tiruppur,Summer,Groundnut,Red,9.74,93.8,38.9,0.94
Thoothukudi,Summer,Cotton,Alluvial,1.12,94.5,21.0,1.67
Salem,Summer,Sunflower,Black,1.53,43.7,29.9,1.13
Namakkal,Kharif,Rice,Clay,2.53,195.7,33.6,5.14
Thanjavur,Rabi,Sesame,Clay,2.74,57.8,19.4,0.77
Coimbatore,Summer,Banana,Black,4.94,76.7,24.6,3.99
Cuddalore,Summer,Black Gram,Red,7.06,98.9,30.4,1.13
Thanjavur,Rabi,Chilli,Alluvial,3.17,76.1,40.7,2.96
Thanjavur,Rabi,Banana,Loamy,10.37,129.0,35.3,3.17
Thanjavur,Summer,Banana,Red,2.66,94.9,36.2,3.85
Villupuram,Kharif,Chilli,Loamy,9.48,184.0,19.9,2.33
Cuddalore,Kharif,Maize,Red,1.65,263.8,29.0,2.09
Coimbatore,Summer,Turmeric,Black,0.74,49.1,19.2,2.7
Thoothukudi,Rabi,Turmeric,Clay,3.74,35.4,38.2,1.94
Villupuram,Kharif,Ragi,Alluvial,3.09,118.9,28.2,2.03
Tirunelveli,Kharif,Sunflower,Red,10.21,287.0,31.1,0.88
Namakkal,Rabi,Black Gram,Black,9.0,112.8,26.8,1.06
Erode,Kharif,Chilli,Loamy,6.77,91.4,38.6,2.02
Coimbatore,Kharif,Banana,Clay,0.99,270.5,27.7,3.93
Tiruppur,Kharif,Turmeric,Alluvial,10.45,146.5,41.5,2.26
Tirunelveli,Summer,Chilli,Black,3.76,93.9,24.8,3.02
Tiruppur,Rabi,Soybean,Clay,3.81,113.0,31.9,1.2
Vellore,Rabi,Rice,Loamy,4.57,128.1,35.3,3.42
Cuddalore,Rabi,Turmeric,Clay,2.46,148.3,18.6,3.54
Vellore,Summer,Banana,Loamy,10.66,63.1,39.6,2.67
Coimbatore,Rabi,Millets,Clay,10.05,58.8,36.1,1.61
Villupuram,Kharif,Chilli,Alluvial,5.15,261.3,26.0,2.04
Tirunelveli,Rabi,Banana,Loamy,10.42,130.9,27.0,4.74
Tiruppur,Summer,Banana,Loamy,3.64,12.3,31.5,4.08
Vellore,Kharif,Black Gram,Black,1.06,96.0,39.2,1.0
Coimbatore,Rabi,Sugarcane,Red,5.75,43.9,32.2,5.26
Cuddalore,Summer,Banana,Red,9.83,64.9,31.9,3.5
Kancheepuram,Kharif,Black Gram,Loamy,1.17,308.6,37.1,0.7
Cuddalore,Summer,Rice,Black,11.46,24.3,32.6,3.27
Tirunelveli,Summer,Cotton,Loamy,10.45,65.2,32.6,1.27
Dindigul,Kharif,Green Gram,Red,5.3,267.0,24.0,0.49
Kancheepuram,Kharif,Soybean,Loamy,11.74,319.2,35.9,0.41
Salem,Summer,Chilli,Loamy,8.31,84.9,38.1,2.5
Villupuram,Summer,Green Gram,Black,3.66,54.3,24.1,0.72
Cuddalore,Summer,Sesame,Black,5.59,103.1,28.1,0.88
Cuddalore,Kharif,Ragi,Red,2.07,95.0,27.6,1.99
Namakkal,Summer,Ragi,Red,7.99,61.4,22.8,2.42
Tiruppur,Summer,Rice,Clay,5.26,31.6,30.3,3.81
Salem,Rabi,Rice,Clay,8.29,146.4,32.8,4.04
Tirunelveli,Summer,Green Gram,Clay,10.06,10.1,25.7,0.72
Coimbatore,Summer,Black Gram,Loamy,0.6,10.4,23.7,0.66
Tiruppur,Summer,Soybean,Black,2.76,105.4,29.1,1.8
Erode,Rabi,Millets,Clay,0.93,84.6,22.6,1.07
Madurai,Rabi,Groundnut,Alluvial,5.25,97.4,24.0,2.58
Villupuram,Kharif,Sunflower,Loamy,4.58,189.5,35.9,0.5
Namakkal,Summer,Sesame,Clay,11.5,66.9,36.9,0.18
Thanjavur,Summer,Sunflower,Black,5.19,26.1,36.1,0.98
Madurai,Kharif,Coconut,Black,10.48,204.3,27.1,3.8
Salem,Rabi,Black Gram,Clay,5.48,124.8,21.1,0.98
Trichy,Kharif,Green Gram,Black,4.05,195.7,24.5,0.46
Thanjavur,Rabi,Cotton,Clay,11.3,151.8,29.4,1.27
Vellore,Rabi,Maize,Black,1.13,20.5,20.1,2.09
Cuddalore,Rabi,Ragi,Black,4.82,23.2,34.2,1.84
Erode,Rabi,Turmeric,Loamy,4.33,140.2,32.2,4.44
Coimbatore,Rabi,Sugarcane,Clay,4.33,28.4,40.9,3.38
Thoothukudi,Kharif,Millets,Clay,4.89,262.6,34.7,0.8
Coimbatore,Rabi,Banana,Clay,10.05,77.7,41.3,2.47
Cuddalore,Summer,Green Gram,Alluvial,2.91,23.8,20.2,0.93
Tiruppur,Rabi,Soybean,Red,6.52,149.1,21.3,1.34
Villupuram,Summer,Soybean,Loamy,6.15,70.8,41.2,1.15
Madurai,Summer,Rice,Alluvial,9.68,21.0,38.8,2.79
Dindigul,Rabi,Groundnut,Alluvial,0.62,36.4,25.5,1.79
Kancheepuram,Rabi,Ragi,Clay,1.84,148.6,34.7,1.04
Cuddalore,Rabi,Turmeric,Red,2.63,26.3,20.3,3.06
Trichy,Rabi,Maize,Loamy,0.87,68.6,38.6,1.69
Trichy,Summer,Banana,Red,6.85,13.9,29.3,4.35
Madurai,Rabi,Millets,Alluvial,1.95,136.7,33.6,0.89
Dindigul,Rabi,Soybean,Black,1.89,90.4,28.2,2.13
Thanjavur,Kharif,Sugarcane,Clay,5.11,213.5,20.4,4.34
Coimbatore,Rabi,Green Gram,Alluvial,2.61,47.8,41.3,0.91
Thoothukudi,Kharif,Cotton,Red,7.42,285.9,24.7,1.27
Trichy,Kharif,Sunflower,Red,1.19,135.2,19.9,1.41
Salem,Kharif,Coconut,Black,3.5,112.6,37.6,2.81
Tiruppur,Kharif,Sesame,Red,3.46,292.4,33.0,0.59
Thanjavur,Rabi,Soybean,Clay,9.36,34.0,39.2,0.54
Salem,Kharif,Sesame,Alluvial,8.53,202.1,21.3,0.42
Thanjavur,Kharif,Banana,Alluvial,9.9,106.5,21.0,4.87
Vellore,Kharif,Millets,Loamy,0.94,71.5,40.0,1.25
Erode,Kharif,Green Gram,Alluvial,0.77,82.7,19.1,0.62
Dindigul,Summer,Sesame,Loamy,7.59,24.2,37.7,0.15
Villupuram,Rabi,Green Gram,Clay,0.75,89.6,40.6,0.75
Kancheepuram,Kharif,Coconut,Alluvial,9.39,257.7,28.3,3.98
Kancheepuram,Kharif,Ragi,Loamy,5.53,104.4,38.4,1.08
Tirunelveli,Rabi,Green Gram,Loamy,10.47,24.6,41.2,0.74
Trichy,Summer,Turmeric,Red,10.25,58.0,34.3,2.54
Kancheepuram,Summer,Coconut,Loamy,11.15,107.7,22.9,3.23
Dindigul,Kharif,Chilli,Alluvial,5.86,313.2,27.0,2.51
Salem,Summer,Maize,Red,10.48,48.2,25.2,3.68
Thoothukudi,Kharif,Maize,Loamy,11.52,215.8,31.5,2.44
Thanjavur,Rabi,Ragi,Red,5.42,120.9,19.7,2.32
Kancheepuram,Kharif,Green Gram,Alluvial,10.24,183.0,34.9,0.77
Thanjavur,Summer,Sesame,Black,2.07,81.4,31.8,0.79
Trichy,Summer,Banana,Black,5.09,11.4,37.0,2.79
Tirunelveli,Kharif,Ragi,Red,2.19,155.8,19.7,2.03
Thoothukudi,Summer,Sugarcane,Clay,3.17,16.1,18.5,3.47
Tiruppur,Rabi,Sunflower,Alluvial,9.05,77.2,23.5,1.92
Coimbatore,Summer,Groundnut,Black,10.46,76.1,26.9,1.68
Cuddalore,Kharif,Millets,Red,5.61,86.8,40.4,1.23
Vellore,Rabi,Turmeric,Clay,3.04,89.7,20.0,2.77
Madurai,Rabi,Banana,Alluvial,8.31,148.5,34.8,3.58
Villupuram,Summer,Black Gram,Red,7.39,59.6,40.0,0.82
Vellore,Rabi,Sunflower,Loamy,5.73,71.7,39.7,1.23
Coimbatore,Kharif,Green Gram,Red,10.44,196.4,27.5,1.17
Coimbatore,Rabi,Sesame,Alluvial,1.95,112.4,33.3,0.68
Tiruppur,Summer,Coconut,Alluvial,11.08,24.2,20.9,2.86
Vellore,Summer,Maize,Clay,7.09,33.6,25.2,3.25
Kancheepuram,Rabi,Banana,Red,4.1,143.3,27.2,4.42
Thanjavur,Kharif,Green Gram,Alluvial,6.85,166.3,20.0,0.49
Salem,Rabi,Groundnut,Loamy,6.79,112.5,31.4,2.29
Vellore,Summer,Cotton,Clay,2.01,105.8,37.0,0.98
Vellore,Rabi,Black Gram,Clay,4.3,59.0,30.3,1.51
Salem,Rabi,Green Gram,Loamy,4.91,26.5,40.5,0.81
Namakkal,Rabi,Sesame,Black,10.8,145.7,34.9,0.84
Coimbatore,Summer,Cotton,Clay,2.22,28.2,35.8,0.73
Vellore,Rabi,Coconut,Red,9.07,82.7,32.1,3.4
Coimbatore,Summer,Maize,Red,7.15,21.8,18.2,2.51
Villupuram,Rabi,Maize,Loamy,6.49,83.0,22.0,3.4
Cuddalore,Kharif,Turmeric,Loamy,9.25,84.9,33.7,3.05
Dindigul,Kharif,Turmeric,Clay,4.07,143.1,30.1,4.39
Coimbatore,Summer,Maize,Alluvial,0.92,95.4,34.0,3.22
Kancheepuram,Kharif,Millets,Red,6.15,313.2,24.7,1.33
Coimbatore,Rabi,Green Gram,Alluvial,8.6,132.2,25.1,0.86
Tirunelveli,Summer,Coconut,Red,6.53,93.1,34.8,2.51
Salem,Kharif,Black Gram,Alluvial,4.8,123.3,21.5,0.97
Cuddalore,Rabi,Rice,Red,11.64,104.1,26.4,4.06
Erode,Rabi,Chilli,Loamy,7.01,22.7,41.6,2.45
Cuddalore,Summer,Sugarcane,Clay,9.58,37.4,19.9,3.02
Coimbatore,Summer,Maize,Alluvial,11.4,66.4,31.5,3.49
Erode,Rabi,Banana,Black,1.88,109.1,40.9,2.8
Vellore,Summer,Rice,Clay,2.28,39.7,41.2,2.01
Trichy,Rabi,Sugarcane,Clay,8.17,153.0,41.7,3.08
Thoothukudi,Summer,Sunflower,Black,9.19,32.0,23.0,1.18
Tiruppur,Rabi,Soybean,Black,10.94,34.2,39.5,1.06
Madurai,Rabi,Coconut,Alluvial,11.4,44.5,21.1,2.62
Dindigul,Summer,Soybean,Red,2.12,38.6,24.3,1.86
Villupuram,Summer,Cotton,Red,11.24,96.8,24.2,1.72
Salem,Rabi,Turmeric,Alluvial,6.01,137.8,27.3,4.71
Madurai,Rabi,Sunflower,Clay,3.29,43.4,18.1,1.51
Coimbatore,Rabi,Turmeric,Loamy,11.59,99.3,19.2,3.66
Tirunelveli,Kharif,Sunflower,Clay,0.52,225.1,29.4,0.72
Thanjavur,Kharif,Sugarcane,Loamy,1.38,263.8,24.0,6.09
Dindigul,Kharif,Maize,Black,2.91,245.7,34.5,1.67
Coimbatore,Kharif,Groundnut,Red,10.11,121.8,27.5,2.07
Madurai,Rabi,Cotton,Alluvial,6.83,38.8,20.0,1.12
Namakkal,Kharif,Maize,Loamy,6.3,92.0,35.1,3.06
Dindigul,Rabi,Turmeric,Clay,1.24,123.6,26.5,4.25
Thoothukudi,Kharif,Banana,Black,8.9,155.8,31.3,4.69
Thanjavur,Summer,Turmeric,Clay,7.46,49.0,36.8,2.04
Salem,Summer,Sunflower,Black,5.61,69.4,40.3,1.1
Namakkal,Kharif,Turmeric,Loamy,5.57,262.2,24.2,4.83
Madurai,Kharif,Maize,Loamy,2.28,136.9,24.3,3.41
Salem,Summer,Green Gram,Clay,5.84,17.6,37.0,0.79
Trichy,Rabi,Banana,Red,3.71,98.0,28.1,4.94
Coimbatore,Rabi,Banana,Red,11.06,77.3,41.8,2.49
Kancheepuram,Rabi,Ragi,Clay,7.29,159.6,19.5,1.89
Trichy,Kharif,Cotton,Black,10.51,140.5,37.6,1.42
Vellore,Summer,Coconut,Clay,10.84,90.4,24.6,3.43
Coimbatore,Kharif,Sesame,Loamy,10.23,72.0,19.9,0.77
Madurai,Rabi,Turmeric,Clay,7.45,86.5,41.8,2.06
Salem,Summer,Green Gram,Red,10.65,47.0,19.8,0.91
Vellore,Rabi,Chilli,Red,2.91,74.5,24.5,3.49
Kancheepuram,Rabi,Chilli,Black,10.66,95.8,41.3,1.99
Cuddalore,Rabi,Soybean,Black,9.55,54.8,19.3,1.64
Tiruppur,Summer,Turmeric,Red,5.74,49.0,21.2,3.25
Kancheepuram,Rabi,Green Gram,Alluvial,10.59,53.2,37.3,0.84
Erode,Summer,Cotton,Clay,3.87,92.7,33.5,1.76
Thanjavur,Rabi,Groundnut,Clay,7.89,155.1,21.0,1.65
Dindigul,Rabi,Cotton,Black,9.72,111.6,23.9,1.87
Cuddalore,Rabi,Black Gram,Red,3.27,134.3,33.1,1.41
Salem,Kharif,Ragi,Clay,2.47,84.3,22.9,2.75
Erode,Kharif,Cotton,Black,9.03,172.9,30.7,1.96
Madurai,Summer,Maize,Alluvial,4.99,73.4,38.0,1.81
Thoothukudi,Summer,Black Gram,Black,8.42,48.7,31.5,0.98
Cuddalore,Summer,Sunflower,Black,1.05,68.7,42.0,0.53
Trichy,Rabi,Sunflower,Clay,2.06,141.0,38.4,0.72
Namakkal,Summer,Banana,Clay,7.03,10.1,22.6,2.74
Villupuram,Kharif,Rice,Alluvial,3.08,111.8,18.6,3.3
Madurai,Kharif,Ragi,Black,7.03,317.5,33.1,0.91
Madurai,Rabi,Sesame,Red,8.63,61.5,21.0,1.19
Thoothukudi,Summer,Coconut,Loamy,7.55,53.1,27.9,3.72
Namakkal,Rabi,Groundnut,Red,2.48,26.2,32.6,2.06
Salem,Rabi,Maize,Clay,2.54,115.6,22.5,3.07
Vellore,Kharif,Groundnut,Black,9.2,91.3,29.7,1.92
Coimbatore,Kharif,Black Gram,Clay,2.49,186.6,31.7,0.62
Villupuram,Summer,Groundnut,Clay,2.92,79.8,34.2,0.79
Tirunelveli,Rabi,Green Gram,Alluvial,0.86,102.3,39.6,0.67
Coimbatore,Rabi,Millets,Clay,8.05,74.0,23.8,1.28
Thanjavur,Summer,Soybean,Black,5.7,63.2,38.6,1.23
Tirunelveli,Rabi,Millets,Black,3.04,98.2,30.7,1.87
Kancheepuram,Kharif,Turmeric,Red,7.13,227.2,23.1,5.0
Cuddalore,Kharif,Black Gram,Clay,1.49,295.3,30.3,0.48
Dindigul,Rabi,Ragi,Alluvial,1.89,121.3,19.0,1.8
Kancheepuram,Summer,Green Gram,Alluvial,11.63,28.3,22.6,0.7
Thoothukudi,Summer,Banana,Clay,2.86,99.1,31.6,4.59
Tirunelveli,Rabi,Sugarcane,Loamy,9.83,113.4,22.0,3.47
Coimbatore,Kharif,Groundnut,Red,9.18,196.9,30.0,1.32
Tirunelveli,Summer,Chilli,Clay,7.93,30.9,30.5,2.28
Tiruppur,Summer,Chilli,Red,10.55,24.2,33.3,2.23
Tiruppur,Kharif,Chilli,Red,9.15,303.4,41.5,1.18
Tirunelveli,Rabi,Maize,Red,9.42,90.8,35.6,3.22
Villupuram,Summer,Rice,Red,1.58,47.9,31.3,3.67
Kancheepuram,Rabi,Sunflower,Alluvial,1.37,101.9,29.4,1.48
Vellore,Rabi,Millets,Black,11.55,75.0,33.7,1.31
Erode,Summer,Green Gram,Loamy,8.56,106.8,38.9,1.08
Villupuram,Summer,Sunflower,Clay,11.61,95.7,33.3,0.54
Tiruppur,Rabi,Sugarcane,Loamy,2.63,114.3,20.6,4.33
Kancheepuram,Summer,Ragi,Alluvial,4.29,37.2,31.7,1.63
Tirunelveli,Summer,Coconut,Clay,11.9,37.1,27.3,3.12
Trichy,Rabi,Sesame,Black,2.9,107.4,29.9,1.05
Coimbatore,Kharif,Sesame,Black,4.05,196.2,35.0,0.51
Vellore,Summer,Sunflower,Loamy,2.02,103.3,41.0,0.6
Cuddalore,Kharif,Green Gram,Red,4.71,213.6,30.0,1.12
Cuddalore,Rabi,Cotton,Black,8.77,113.2,40.8,0.71
Thanjavur,Kharif,Sunflower,Clay,4.09,261.6,28.7,0.56
Erode,Rabi,Chilli,Black,5.76,75.5,27.0,3.41
Namakkal,Summer,Green Gram,Loamy,8.72,59.3,40.0,0.75
Kancheepuram,Summer,Sugarcane,Red,11.0,81.5,20.5,4.08
Kancheepuram,Rabi,Banana,Red,6.72,58.0,39.2,1.3
Tiruppur,Kharif,Groundnut,Black,3.82,298.6,41.7,0.77
Coimbatore,Kharif,Soybean,Clay,9.41,293.7,38.5,1.22
Tirunelveli,Kharif,Black Gram,Red,0.71,154.5,19.9,1.04
Coimbatore,Rabi,Chilli,Loamy,5.2,34.1,30.6,2.45
Trichy,Kharif,Soybean,Red,6.62,167.9,35.8,1.63
Cuddalore,Kharif,Sesame,Clay,5.59,262.7,22.1,0.2
Tirunelveli,Summer,Banana,Clay,4.74,41.5,35.3,2.69
Tiruppur,Rabi,Cotton,Clay,10.01,43.1,37.3,1.01
Thanjavur,Kharif,Black Gram,Alluvial,4.95,68.1,22.8,1.59
Trichy,Rabi,Ragi,Clay,6.14,36.9,22.8,1.95
Cuddalore,Rabi,Maize,Loamy,3.79,119.8,36.4,2.47
Madurai,Summer,Chilli,Clay,2.67,86.0,39.1,1.57
Villupuram,Rabi,Rice,Alluvial,7.97,36.3,19.1,3.02
Dindigul,Kharif,Turmeric,Clay,10.19,137.1,36.0,2.44
Coimbatore,Summer,Sugarcane,Black,2.71,108.7,41.4,4.28
Trichy,Kharif,Coconut,Alluvial,7.45,109.0,23.4,3.61
Namakkal,Summer,Ragi,Red,5.17,99.6,29.8,1.49
Trichy,Rabi,Green Gram,Red,6.37,37.5,29.1,0.95
Namakkal,Rabi,Rice,Black,11.96,60.0,40.0,2.33
Tiruppur,Summer,Ragi,Loamy,5.33,33.7,33.3,1.21
Coimbatore,Summer,Sugarcane,Black,7.75,89.1,21.3,4.58
Madurai,Summer,Rice,Alluvial,0.94,69.7,26.3,3.96
Coimbatore,Summer,Ragi,Loamy,7.82,28.2,21.0,1.99
Erode,Rabi,Turmeric,Loamy,5.21,83.6,35.6,2.81
Kancheepuram,Summer,Banana,Loamy,11.12,70.5,33.9,2.99
Namakkal,Summer,Sunflower,Loamy,8.11,43.0,37.0,0.67
Salem,Summer,Ragi,Red,3.06,63.8,38.4,1.63
Salem,Rabi,Maize,Black,3.2,53.9,24.4,3.07
Thoothukudi,Kharif,Millets,Red,3.41,152.2,23.2,1.09
Villupuram,Summer,Sugarcane,Red,11.91,79.3,30.8,6.33
Tiruppur,Kharif,Chilli,Alluvial,8.38,304.8,25.0,1.89
Tirunelveli,Rabi,Turmeric,Black,9.07,125.5,20.5,4.01
Tiruppur,Summer,Rice,Alluvial,1.51,94.4,23.8,3.3
Thoothukudi,Summer,Rice,Red,2.09,33.1,34.7,2.39
Trichy,Rabi,Banana,Clay,11.61,124.1,30.5,3.88
Trichy,Summer,Coconut,Alluvial,11.64,51.8,41.3,2.53
Salem,Rabi,Ragi,Clay,9.85,53.7,36.0,1.14
Thanjavur,Summer,Soybean,Clay,4.38,35.8,20.5,1.24
Villupuram,Kharif,Chilli,Clay,2.33,99.1,22.0,3.27
Vellore,Rabi,Sesame,Black,6.8,77.8,29.7,1.05
Coimbatore,Kharif,Coconut,Clay,11.58,208.0,31.9,3.28
Coimbatore,Kharif,Chilli,Loamy,11.12,245.1,21.6,1.41
Coimbatore,Rabi,Sesame,Alluvial,11.51,62.7,30.1,0.75
Cuddalore,Kharif,Sugarcane,Loamy,3.18,135.5,22.6,5.32
Erode,Summer,Chilli,Loamy,2.37,109.9,23.6,3.65
Thoothukudi,Rabi,Soybean,Alluvial,4.87,78.7,26.8,1.76
Tirunelveli,Kharif,Groundnut,Red,8.32,225.1,38.6,0.82
Villupuram,Summer,Millets,Red,1.14,98.8,27.7,1.14
Erode,Summer,Turmeric,Alluvial,2.09,45.4,22.6,3.71
Erode,Kharif,Sesame,Alluvial,2.46,191.5,39.2,0.51
Thoothukudi,Rabi,Sesame,Alluvial,10.22,131.6,20.1,0.56
Vellore,Summer,Cotton,Clay,3.67,10.7,21.4,1.16
Salem,Rabi,Groundnut,Alluvial,1.66,121.1,33.3,1.89
Coimbatore,Summer,Turmeric,Loamy,10.14,42.1,22.3,3.3
Dindigul,Rabi,Rice,Alluvial,3.51,91.8,29.9,3.7
Thoothukudi,Kharif,Ragi,Alluvial,10.74,109.5,27.8,1.45
Thoothukudi,Summer,Soybean,Alluvial,0.73,10.5,33.9,0.96
Coimbatore,Rabi,Soybean,Black,9.02,104.9,33.2,1.26
Kancheepuram,Summer,Banana,Loamy,2.76,87.0,35.6,2.68
Cuddalore,Kharif,Sunflower,Red,5.2,168.0,22.4,1.6
Tiruppur,Summer,Soybean,Loamy,7.47,105.2,22.9,1.6
Coimbatore,Summer,Coconut,Clay,6.47,105.6,40.8,1.5
Kancheepuram,Rabi,Black Gram,Loamy,10.97,85.6,40.0,0.5
Coimbatore,Summer,Cotton,Black,3.86,74.0,40.6,0.96
Erode,Kharif,Sesame,Clay,3.36,204.9,25.7,0.45
Erode,Rabi,Millets,Alluvial,6.65,31.0,23.0,1.12
Namakkal,Rabi,Sunflower,Red,2.61,73.0,24.2,1.65
Trichy,Kharif,Green Gram,Loamy,3.45,111.9,20.4,1.02
Thoothukudi,Rabi,Green Gram,Alluvial,7.41,127.4,32.0,0.71
Villupuram,Rabi,Coconut,Red,9.3,118.6,38.3,2.48
Villupuram,Summer,Maize,Loamy,0.83,29.3,38.0,1.75
Tirunelveli,Kharif,Coconut,Alluvial,3.61,292.9,28.6,3.66
Thoothukudi,Summer,Rice,Red,2.06,85.0,27.9,3.51
Villupuram,Summer,Turmeric,Loamy,2.14,92.1,39.9,2.48
Cuddalore,Rabi,Groundnut,Red,6.57,25.8,40.7,1.02
Cuddalore,Kharif,Turmeric,Loamy,9.33,263.6,28.6,4.77
Villupuram,Rabi,Maize,Loamy,6.84,68.2,38.1,2.12
Vellore,Summer,Maize,Alluvial,8.67,86.1,31.5,3.42
Cuddalore,Rabi,Rice,Red,3.87,26.1,22.8,3.25
Madurai,Kharif,Maize,Red,0.56,215.1,30.9,2.67
Tirunelveli,Kharif,Turmeric,Black,7.15,214.2,36.3,3.07
Trichy,Summer,Turmeric,Loamy,1.18,37.2,41.3,2.6
Tirunelveli,Rabi,Coconut,Black,1.73,122.1,26.8,3.71
Tirunelveli,Summer,Turmeric,Clay,5.38,89.9,41.5,1.76
Thanjavur,Summer,Millets,Clay,2.71,35.8,24.1,1.36
Villupuram,Summer,Black Gram,Black,5.87,73.3,40.3,0.9
Erode,Rabi,Rice,Clay,2.18,43.4,24.6,3.26
Thanjavur,Summer,Maize,Alluvial,5.64,36.5,24.0,3.25
Salem,Kharif,Ragi,Alluvial,2.89,142.8,21.7,1.87
Cuddalore,Rabi,Sugarcane,Alluvial,2.43,117.3,32.3,5.45
Cuddalore,Summer,Cotton,Clay,5.36,106.7,20.4,1.33
Trichy,Kharif,Cotton,Red,1.87,163.1,25.3,2.05
Erode,Kharif,Ragi,Clay,6.31,270.2,36.9,0.54
Erode,Kharif,Millets,Clay,3.67,189.6,21.3,1.33
Thoothukudi,Rabi,Banana,Clay,11.25,97.1,37.7,2.91
Thanjavur,Rabi,Cotton,Clay,2.36,69.5,28.4,1.75
Trichy,Kharif,Soybean,Red,7.56,60.7,39.6,1.57
Cuddalore,Summer,Turmeric,Black,5.79,50.2,32.2,3.07
Thoothukudi,Rabi,Chilli,Alluvial,9.95,98.8,27.9,3.58
Trichy,Rabi,Banana,Black,2.28,29.2,34.7,3.25
Salem,Kharif,Sesame,Black,8.68,273.2,26.5,0.83
Cuddalore,Kharif,Sesame,Red,5.05,270.9,28.5,0.57
Villupuram,Rabi,Black Gram,Red,6.93,107.4,40.6,0.82
Namakkal,Rabi,Groundnut,Loamy,6.88,123.6,35.6,1.55
Kancheepuram,Summer,Chilli,Black,10.86,75.4,20.2,2.28
Coimbatore,Summer,Rice,Black,11.05,22.1,21.2,3.01
Salem,Kharif,Groundnut,Alluvial,8.81,304.8,32.2,1.26
Thanjavur,Summer,Banana,Black,3.34,85.3,38.2,2.18
Kancheepuram,Rabi,Millets,Red,4.91,23.4,28.9,1.94
Erode,Rabi,Black Gram,Loamy,0.88,81.1,29.4,1.42
Tiruppur,Kharif,Sesame,Loamy,1.76,316.5,26.3,0.45
Vellore,Kharif,Banana,Loamy,5.29,265.3,34.7,3.81
Thanjavur,Summer,Millets,Clay,1.77,79.2,38.6,0.92
Kancheepuram,Summer,Coconut,Alluvial,6.33,39.2,21.1,2.65
Namakkal,Summer,Sugarcane,Loamy,7.74,79.0,28.7,5.1
Dindigul,Rabi,Millets,Loamy,3.25,90.9,25.6,1.33
Madurai,Kharif,Banana,Alluvial,8.79,195.7,34.6,3.47
Cuddalore,Kharif,Turmeric,Red,3.65,219.5,37.5,3.3
Madurai,Summer,Turmeric,Red,1.81,30.7,37.8,2.12
Tirunelveli,Rabi,Groundnut,Loamy,9.24,53.7,27.4,2.3
Tiruppur,Rabi,Ragi,Alluvial,11.76,94.2,36.6,2.1
Namakkal,Kharif,Sesame,Clay,8.66,134.9,35.5,0.62
Namakkal,Rabi,Millets,Clay,4.07,141.4,29.9,0.96
Namakkal,Summer,Sugarcane,Red,10.22,26.3,19.4,3.65
Thoothukudi,Summer,Groundnut,Alluvial,10.37,103.8,29.1,1.76
Erode,Summer,Maize,Clay,11.05,11.2,34.8,2.41
Namakkal,Summer,Sunflower,Red,8.13,10.8,35.1,0.83
Villupuram,Rabi,Maize,Alluvial,8.39,151.3,20.0,2.26
Vellore,Summer,Sunflower,Black,4.16,99.8,39.3,0.79
Namakkal,Summer,Cotton,Clay,7.79,80.2,40.5,0.92
Thoothukudi,Rabi,Sugarcane,Loamy,2.01,113.2,38.0,4.33
Coimbatore,Summer,Ragi,Red,4.92,85.3,33.1,1.9
Villupuram,Summer,Soybean,Loamy,2.64,47.6,19.3,1.07
Thanjavur,Summer,Groundnut,Loamy,4.29,70.5,18.5,2.0
Kancheepuram,Rabi,Sesame,Black,6.47,149.7,25.7,0.93
Dindigul,Kharif,Coconut,Clay,7.07,305.2,39.8,1.86
Villupuram,Rabi,Chilli,Red,4.96,26.9,34.7,2.24
Salem,Summer,Cotton,Loamy,8.37,14.2,28.8,1.39
Cuddalore,Summer,Maize,Loamy,0.58,16.5,34.1,2.0
Erode,Summer,Millets,Loamy,7.03,94.6,22.0,1.29
Cuddalore,Kharif,Sesame,Clay,4.87,255.2,21.5,0.51
Trichy,Summer,Groundnut,Red,2.39,26.6,25.2,1.91
Trichy,Summer,Rice,Black,10.68,75.5,38.0,2.67
Tirunelveli,Summer,Sugarcane,Red,3.91,85.3,34.8,4.64
Namakkal,Rabi,Sesame,Loamy,4.12,57.9,19.8,0.61
Tiruppur,Summer,Millets,Black,0.82,22.9,19.8,1.25
Salem,Kharif,Maize,Alluvial,7.38,201.4,24.2,3.17
Kancheepuram,Summer,Millets,Alluvial,9.98,17.8,32.4,1.01
Coimbatore,Rabi,Groundnut,Black,4.02,107.5,39.8,1.56
Trichy,Summer,Soybean,Clay,2.66,24.4,19.5,1.18
Tirunelveli,Summer,Coconut,Loamy,4.42,14.6,27.3,4.32
Tiruppur,Summer,Sunflower,Black,9.14,81.2,20.3,1.48
Namakkal,Rabi,Millets,Loamy,3.96,34.0,36.7,1.52
Vellore,Summer,Groundnut,Loamy,6.34,102.8,24.8,2.78
Kancheepuram,Summer,Banana,Alluvial,10.69,25.7,41.9,2.14
Namakkal,Rabi,Sesame,Clay,11.22,143.9,24.8,0.66
Salem,Kharif,Sunflower,Clay,5.9,177.3,23.9,0.89
Kancheepuram,Kharif,Maize,Red,6.38,232.2,38.2,1.71
Tiruppur,Kharif,Sunflower,Red,2.28,150.8,28.1,1.3
Madurai,Rabi,Green Gram,Black,3.65,154.5,26.2,0.96
Tiruppur,Summer,Ragi,Red,9.64,20.0,20.0,2.47
Tirunelveli,Rabi,Ragi,Black,6.94,79.5,28.2,2.22
Salem,Summer,Sesame,Red,8.09,25.5,24.0,0.59
Namakkal,Rabi,Rice,Clay,9.62,33.0,23.3,3.81
Namakkal,Summer,Cotton,Black,4.84,12.6,41.2,0.91
Namakkal,Kharif,Banana,Red,11.46,259.6,24.1,4.88
Coimbatore,Rabi,Chilli,Loamy,5.56,28.7,21.1,2.18
Villupuram,Summer,Coconut,Alluvial,2.64,34.7,40.8,1.87
Kancheepuram,Rabi,Green Gram,Red,2.91,38.0,18.5,0.68
Vellore,Rabi,Green Gram,Black,10.29,123.1,37.5,0.94
Coimbatore,Kharif,Sesame,Clay,2.91,191.7,25.7,0.63
Kancheepuram,Kharif,Coconut,Black,10.44,144.0,21.4,3.46
Vellore,Kharif,Groundnut,Alluvial,7.73,301.2,24.6,1.26
Madurai,Kharif,Sesame,Clay,5.35,146.1,40.4,0.61
Tiruppur,Summer,Soybean,Loamy,10.25,14.6,29.6,0.89
Kancheepuram,Summer,Rice,Red,7.51,84.0,40.7,1.76
Madurai,Rabi,Sunflower,Red,3.91,102.8,33.3,0.91
Vellore,Rabi,Chilli,Loamy,9.8,26.5,29.3,3.31
Thoothukudi,Summer,Chilli,Clay,2.05,37.3,41.8,0.76
Vellore,Rabi,Chilli,Red,4.3,133.8,27.4,3.73
Salem,Kharif,Soybean,Red,6.74,203.9,41.8,1.51
Kancheepuram,Summer,Turmeric,Red,5.59,19.9,25.1,4.66
Cuddalore,Rabi,Banana,Clay,10.49,85.0,21.7,4.39
Villupuram,Kharif,Rice,Alluvial,2.92,124.9,20.5,3.03
Salem,Kharif,Green Gram,Black,1.46,128.7,26.6,0.93
Trichy,Kharif,Sunflower,Loamy,10.67,76.7,31.5,1.3
Coimbatore,Summer,Chilli,Clay,5.94,85.9,30.2,2.65
Namakkal,Rabi,Cotton,Alluvial,10.82,49.4,37.3,0.94
Thanjavur,Kharif,Black Gram,Black,7.69,114.5,34.8,1.29
Tirunelveli,Summer,Groundnut,Red,10.97,19.9,40.8,1.19
Salem,Summer,Maize,Clay,4.3,10.3,34.1,2.76
Erode,Rabi,Chilli,Clay,8.31,66.7,23.2,2.51
Dindigul,Summer,Maize,Loamy,3.3,14.0,39.3,1.27
Vellore,Rabi,Sugarcane,Black,8.66,24.0,37.5,3.72
Salem,Summer,Groundnut,Black,4.07,47.9,24.9,2.26
Cuddalore,Kharif,Green Gram,Black,9.61,138.7,25.1,0.73
Tiruppur,Rabi,Sesame,Clay,3.41,129.0,24.6,0.64
Coimbatore,Kharif,Millets,Black,5.37,86.4,22.3,1.1
Tiruppur,Kharif,Banana,Clay,3.09,95.0,20.8,4.1
Tirunelveli,Rabi,Coconut,Loamy,3.5,63.9,33.8,3.21
Kancheepuram,Rabi,Maize,Red,0.75,29.0,39.7,1.7
Tirunelveli,Rabi,Cotton,Red,5.67,144.5,41.0,1.15
Coimbatore,Summer,Maize,Clay,8.1,78.1,35.3,2.53
Erode,Kharif,Banana,Black,1.15,237.7,18.6,3.23
Tirunelveli,Kharif,Cotton,Black,0.97,73.6,35.9,1.72
Kancheepuram,Summer,Sesame,Loamy,10.69,14.9,37.5,0.15
Vellore,Summer,Banana,Loamy,10.29,46.3,20.3,3.37
Vellore,Rabi,Sugarcane,Black,1.57,97.3,30.5,7.28
Madurai,Summer,Green Gram,Alluvial,1.02,24.9,40.3,0.69
Trichy,Kharif,Ragi,Alluvial,2.63,299.5,29.4,1.03
Namakkal,Kharif,Millets,Alluvial,2.25,292.8,37.6,0.65
Thanjavur,Kharif,Millets,Red,2.19,101.4,34.9,1.56
Thoothukudi,Rabi,Black Gram,Alluvial,2.48,149.7,40.9,0.77
Tiruppur,Summer,Rice,Clay,6.82,21.3,20.7,3.18
Villupuram,Kharif,Rice,Clay,10.45,90.5,37.5,2.69
Trichy,Rabi,Maize,Loamy,0.83,115.8,38.1,2.06
Thoothukudi,Kharif,Black Gram,Red,5.1,99.2,34.6,1.44
Thoothukudi,Rabi,Maize,Black,8.92,96.6,39.6,2.45
Tiruppur,Summer,Cotton,Clay,1.76,15.0,24.0,1.8
Coimbatore,Kharif,Black Gram,Loamy,3.16,243.4,22.6,0.72
Tiruppur,Summer,Sunflower,Red,4.35,39.8,32.2,0.72
Vellore,Summer,Green Gram,Black,2.75,85.7,29.9,1.21
Thoothukudi,Rabi,Black Gram,Alluvial,11.61,53.0,18.1,1.02
Tirunelveli,Rabi,Ragi,Loamy,1.34,44.4,33.0,1.44
Kancheepuram,Summer,Millets,Red,9.08,11.1,31.6,1.32
Tirunelveli,Summer,Millets,Red,8.41,11.6,35.5,1.22
Villupuram,Summer,Groundnut,Clay,5.7,31.5,32.9,1.07
Villupuram,Summer,Sugarcane,Red,2.98,98.8,35.8,4.76
Trichy,Kharif,Rice,Alluvial,3.08,142.9,20.4,3.24
Thanjavur,Summer,Turmeric,Clay,1.9,67.8,24.9,4.99
Namakkal,Rabi,Turmeric,Alluvial,10.6,141.7,41.1,2.73
Tiruppur,Kharif,Sugarcane,Clay,7.66,228.0,28.8,7.08
Salem,Kharif,Ragi,Alluvial,10.4,273.3,23.7,1.47
Coimbatore,Summer,Cotton,Loamy,6.12,28.7,19.7,1.63
Madurai,Kharif,Black Gram,Loamy,7.96,230.6,33.2,0.68
Tirunelveli,Kharif,Ragi,Black,10.0,233.7,22.4,1.93
Vellore,Kharif,Soybean,Clay,3.1,269.9,26.4,1.15
Coimbatore,Kharif,Cotton,Clay,9.32,301.5,27.0,1.23
Thanjavur,Rabi,Rice,Loamy,5.76,53.7,32.0,3.52
Tiruppur,Rabi,Soybean,Black,4.66,56.9,23.8,1.91
Trichy,Summer,Sugarcane,Clay,1.57,61.3,41.4,3.36
Cuddalore,Rabi,Millets,Clay,3.98,49.2,32.2,2.06
Cuddalore,Summer,Maize,Loamy,3.62,56.5,40.7,1.57
Madurai,Summer,Green Gram,Clay,9.56,91.9,19.6,0.68
Vellore,Summer,Groundnut,Black,10.28,26.1,26.9,1.68
Coimbatore,Kharif,Green Gram,Black,6.25,165.6,22.0,0.68
Namakkal,Summer,Maize,Loamy,1.62,23.4,29.5,2.63
Erode,Kharif,Ragi,Loamy,7.95,279.8,33.3,1.19
Coimbatore,Kharif,Groundnut,Loamy,2.29,240.7,36.3,0.97
Villupuram,Kharif,Rice,Alluvial,4.54,192.4,34.3,4.13
Cuddalore,Rabi,Soybean,Loamy,5.91,48.8,30.7,0.41
Tirunelveli,Summer,Black Gram,Alluvial,1.42,103.0,22.0,0.92
Salem,Kharif,Banana,Clay,9.98,187.5,24.4,4.66
Madurai,Rabi,Cotton,Black,8.6,47.7,22.4,1.68
Tirunelveli,Kharif,Chilli,Black,5.32,257.0,36.3,0.33
Salem,Rabi,Turmeric,Alluvial,6.34,119.9,26.6,4.3
Villupuram,Rabi,Sesame,Red,8.24,34.8,20.3,0.74
Trichy,Summer,Cotton,Loamy,7.97,30.7,39.5,0.75
Salem,Kharif,Millets,Black,1.18,139.9,18.2,1.27
Cuddalore,Rabi,Rice,Loamy,9.99,20.2,38.9,2.45
Namakkal,Summer,Banana,Loamy,3.64,49.1,30.7,4.08
Villupuram,Rabi,Ragi,Loamy,1.26,23.3,25.2,1.81
Vellore,Summer,Groundnut,Black,0.54,16.7,31.4,1.21
Cuddalore,Kharif,Sunflower,Alluvial,4.99,190.1,37.4,0.75
Coimbatore,Rabi,Groundnut,Clay,10.03,121.5,19.0,1.79
Coimbatore,Summer,Ragi,Loamy,1.78,71.6,41.4,1.38
Kancheepuram,Kharif,Soybean,Alluvial,10.82,198.8,22.6,1.22
Thoothukudi,Rabi,Green Gram,Alluvial,9.51,104.2,37.2,0.75
Salem,Summer,Black Gram,Loamy,10.87,19.2,20.8,0.35
Namakkal,Summer,Maize,Red,2.92,49.7,20.3,3.24
Dindigul,Summer,Coconut,Clay,5.17,47.4,35.3,2.36
Tirunelveli,Rabi,Turmeric,Black,1.09,47.2,28.1,4.28
Erode,Kharif,Ragi,Red,11.14,223.6,26.6,1.13
Namakkal,Rabi,Turmeric,Red,11.12,78.5,29.4,3.9
Cuddalore,Summer,Chilli,Clay,6.34,60.7,25.9,2.8
Tirunelveli,Kharif,Soybean,Clay,10.14,92.8,31.8,1.54
Erode,Kharif,Rice,Red,3.93,216.7,40.3,2.79
Vellore,Summer,Sugarcane,Red,3.33,65.5,36.8,5.06
Salem,Kharif,Chilli,Red,5.26,248.8,34.8,2.01
Trichy,Summer,Sunflower,Black,11.23,41.8,27.5,1.16
Villupuram,Kharif,Cotton,Red,2.19,96.7,23.9,1.91
Madurai,Summer,Sesame,Alluvial,6.96,36.4,36.7,0.36
Tiruppur,Rabi,Chilli,Black,6.45,58.7,35.1,1.95
Salem,Rabi,Cotton,Loamy,0.86,104.2,27.1,1.68
Thanjavur,Rabi,Millets,Alluvial,8.81,139.0,33.6,0.64
Kancheepuram,Rabi,Maize,Alluvial,2.62,79.4,28.1,3.94
Thanjavur,Rabi,Banana,Red,6.81,57.6,36.8,2.89
Namakkal,Rabi,Sugarcane,Black,10.11,103.7,21.4,3.7
Salem,Rabi,Rice,Alluvial,5.79,113.4,39.6,3.17
Coimbatore,Kharif,Chilli,Clay,10.44,219.7,25.9,2.31
Trichy,Rabi,Soybean,Red,1.12,78.0,35.8,1.06
Dindigul,Summer,Maize,Black,1.88,85.7,22.1,3.53
Trichy,Summer,Groundnut,Black,9.4,58.4,37.3,0.69
Cuddalore,Summer,Coconut,Red,0.68,78.6,36.1,3.35
Kancheepuram,Rabi,Black Gram,Clay,0.75,130.6,22.6,0.84
Cuddalore,Kharif,Ragi,Loamy,7.9,75.5,29.6,2.01
Salem,Rabi,Rice,Loamy,10.27,30.2,27.9,4.45
Cuddalore,Rabi,Ragi,Clay,0.66,55.1,23.6,2.06
Madurai,Kharif,Coconut,Loamy,8.2,214.7,32.0,3.94
Cuddalore,Summer,Maize,Alluvial,2.74,88.4,30.3,3.58
Tirunelveli,Rabi,Sugarcane,Alluvial,9.9,119.8,34.1,5.21
Namakkal,Kharif,Chilli,Alluvial,7.45,106.8,41.4,1.82
Tirunelveli,Rabi,Rice,Loamy,0.87,41.5,28.8,3.45
Namakkal,Summer,Green Gram,Red,11.89,91.7,21.6,0.92
Coimbatore,Rabi,Sugarcane,Clay,5.84,79.9,32.9,5.16
Vellore,Summer,Rice,Loamy,6.87,49.0,29.3,2.98
Erode,Kharif,Groundnut,Black,9.37,136.9,31.7,1.66
Trichy,Rabi,Chilli,Clay,2.08,99.7,18.1,2.38
Madurai,Rabi,Turmeric,Alluvial,1.72,133.2,19.7,4.02
Coimbatore,Kharif,Green Gram,Red,10.05,148.8,24.0,1.4
Villupuram,Summer,Banana,Loamy,10.67,34.1,31.3,4.82
Thanjavur,Kharif,Cotton,Clay,10.55,234.0,26.4,1.43
Thoothukudi,Kharif,Sugarcane,Black,2.33,95.5,24.2,5.52
Tiruppur,Summer,Green Gram,Red,9.16,51.2,28.9,1.16
Vellore,Kharif,Millets,Clay,6.65,227.5,28.2,0.97
Tirunelveli,Kharif,Sesame,Black,11.48,250.9,20.9,0.73
Trichy,Kharif,Sesame,Loamy,4.56,62.2,34.1,0.5
Coimbatore,Rabi,Millets,Black,10.68,39.3,32.2,1.89
Erode,Kharif,Millets,Black,6.53,257.4,37.0,1.03
Villupuram,Summer,Coconut,Loamy,2.72,71.2,22.7,3.6
Thoothukudi,Kharif,Maize,Loamy,3.77,275.7,40.0,1.08
Madurai,Kharif,Groundnut,Loamy,3.94,112.0,20.1,2.26
Salem,Kharif,Groundnut,Red,1.15,174.0,24.8,2.37
Erode,Kharif,Turmeric,Red,6.5,243.9,33.5,4.1
Namakkal,Kharif,Banana,Loamy,9.7,188.8,40.0,2.69
Madurai,Kharif,Sesame,Black,7.87,171.7,31.6,0.79
Trichy,Rabi,Sunflower,Clay,7.45,89.7,34.0,0.73
Namakkal,Kharif,Groundnut,Black,8.11,126.5,38.0,2.07
Erode,Rabi,Green Gram,Black,1.7,77.6,19.6,0.67
Trichy,Summer,Black Gram,Clay,3.97,46.0,22.5,0.6
Kancheepuram,Summer,Rice,Red,10.93,69.2,33.9,2.96
Erode,Rabi,Turmeric,Red,11.64,20.6,31.1,3.37
Thoothukudi,Summer,Maize,Black,4.18,18.2,20.3,2.71
Villupuram,Kharif,Soybean,Loamy,9.63,169.3,38.6,1.21
Cuddalore,Summer,Sunflower,Clay,6.04,75.9,26.5,1.07
Cuddalore,Kharif,Ragi,Black,6.78,79.9,28.8,2.21
Villupuram,Summer,Rice,Alluvial,11.06,69.0,34.1,3.13
Cuddalore,Summer,Sunflower,Alluvial,0.88,91.3,27.4,1.29
Erode,Kharif,Soybean,Black,4.06,284.9,36.2,1.12
Tiruppur,Summer,Black Gram,Loamy,1.76,100.1,20.2,0.54
Madurai,Rabi,Sugarcane,Black,6.71,110.9,35.7,6.39
Cuddalore,Kharif,Sesame,Alluvial,5.65,271.8,29.7,0.59
Cuddalore,Summer,Sunflower,Red,6.07,62.4,23.3,1.42
Dindigul,Rabi,Black Gram,Black,11.89,89.2,29.3,1.1
Kancheepuram,Rabi,Sugarcane,Clay,11.99,137.9,23.1,5.61
Thoothukudi,Summer,Groundnut,Loamy,3.91,66.0,22.3,2.33
Tiruppur,Kharif,Turmeric,Loamy,4.77,258.8,39.2,2.89
Madurai,Rabi,Rice,Clay,2.61,95.3,23.8,3.85
Villupuram,Summer,Green Gram,Clay,10.45,63.7,29.5,1.17
Namakkal,Kharif,Groundnut,Red,4.96,142.8,40.4,1.2
Thanjavur,Kharif,Maize,Black,6.26,179.1,40.2,1.84
Salem,Rabi,Chilli,Alluvial,3.36,45.6,39.8,2.03
Kancheepuram,Rabi,Groundnut,Red,3.17,89.1,19.2,2.13
Vellore,Kharif,Soybean,Alluvial,8.92,199.2,28.6,1.4
Thoothukudi,Kharif,Black Gram,Loamy,3.18,180.5,36.0,0.74
Madurai,Rabi,Maize,Clay,4.63,46.4,40.8,0.96
Vellore,Summer,Rice,Alluvial,8.21,51.1,39.0,2.22
Kancheepuram,Kharif,Coconut,Clay,10.69,88.4,37.6,2.24
Kancheepuram,Rabi,Soybean,Black,8.46,26.5,41.1,1.18
Dindigul,Rabi,Cotton,Loamy,1.92,40.5,18.5,1.17
Thanjavur,Summer,Ragi,Loamy,2.25,23.8,23.3,1.98
Trichy,Summer,Black Gram,Black,2.17,34.1,18.4,0.57
Trichy,Rabi,Groundnut,Alluvial,9.32,23.3,24.4,1.83
Tiruppur,Rabi,Banana,Loamy,10.41,43.0,19.0,3.59
Vellore,Rabi,Cotton,Red,1.47,37.5,25.2,1.98
Coimbatore,Kharif,Ragi,Loamy,5.77,193.5,23.7,1.3
Trichy,Summer,Millets,Loamy,8.82,54.9,19.6,0.93
Erode,Kharif,Millets,Alluvial,6.15,285.2,28.1,0.83
Dindigul,Summer,Millets,Red,9.37,101.0,34.8,1.23
Cuddalore,Rabi,Groundnut,Clay,4.58,137.4,25.6,2.46
Dindigul,Kharif,Maize,Clay,11.3,70.5,36.3,2.25
Thoothukudi,Summer,Groundnut,Red,8.71,59.1,34.9,1.51
Thoothukudi,Rabi,Coconut,Loamy,6.22,138.4,38.1,3.02
Vellore,Summer,Chilli,Black,7.09,40.1,36.1,1.93
Kancheepuram,Summer,Black Gram,Black,1.56,93.2,27.0,1.15
Dindigul,Kharif,Sesame,Loamy,3.65,238.3,38.3,0.24
Kancheepuram,Rabi,Turmeric,Clay,1.73,123.9,36.4,3.99
Tirunelveli,Summer,Sugarcane,Black,2.55,12.1,38.2,5.84
Dindigul,Kharif,Ragi,Red,7.66,229.5,20.3,1.69
Madurai,Summer,Coconut,Black,1.83,25.7,38.8,1.84
Madurai,Summer,Ragi,Black,7.84,31.0,30.1,1.18
Cuddalore,Rabi,Green Gram,Black,1.31,62.8,38.2,0.7
Tirunelveli,Summer,Ragi,Clay,11.58,65.5,28.3,1.65
Erode,Kharif,Sesame,Clay,8.01,300.1,25.8,0.43
Thoothukudi,Rabi,Turmeric,Red,9.76,88.3,41.8,2.54
Madurai,Rabi,Maize,Alluvial,8.81,107.9,21.6,3.16
Thanjavur,Kharif,Ragi,Clay,11.11,205.1,34.2,0.74
Tiruppur,Kharif,Chilli,Black,11.93,169.5,34.1,2.13
Madurai,Kharif,Turmeric,Black,3.46,292.8,40.4,2.54
Kancheepuram,Rabi,Millets,Alluvial,1.28,154.6,37.6,0.48
Cuddalore,Kharif,Soybean,Loamy,10.63,61.4,28.8,2.27
Cuddalore,Summer,Green Gram,Black,5.21,28.6,29.2,0.75
Tiruppur,Kharif,Sugarcane,Alluvial,1.53,222.4,33.0,7.07
Tiruppur,Kharif,Maize,Red,10.91,275.6,26.0,1.87
Namakkal,Rabi,Rice,Red,8.33,39.2,41.1,2.37
Salem,Kharif,Chilli,Clay,5.79,212.9,24.7,2.3
Kancheepuram,Summer,Sesame,Red,9.12,80.0,24.6,0.76
Thoothukudi,Rabi,Green Gram,Clay,9.88,50.4,37.0,0.74
Kancheepuram,Rabi,Chilli,Clay,9.96,149.8,19.4,2.06
Vellore,Rabi,Coconut,Alluvial,6.73,67.5,32.1,2.67
Thoothukudi,Rabi,Ragi,Clay,11.46,139.8,24.6,1.45
Trichy,Summer,Maize,Loamy,2.14,28.4,32.8,2.73
Kancheepuram,Summer,Ragi,Clay,5.17,66.6,30.6,1.27
Tirunelveli,Rabi,Sesame,Loamy,10.57,44.3,35.4,0.75
Vellore,Kharif,Soybean,Loamy,10.8,63.0,38.2,1.3
Kancheepuram,Rabi,Soybean,Red,6.85,32.6,27.1,1.93
Salem,Rabi,Green Gram,Loamy,4.76,52.2,26.3,1.1
Villupuram,Summer,Millets,Alluvial,9.9,81.8,25.2,1.53
Salem,Rabi,Rice,Alluvial,10.02,75.8,35.5,3.15
Coimbatore,Kharif,Chilli,Red,6.77,232.9,40.1,2.08
Coimbatore,Rabi,Sesame,Clay,3.74,34.9,33.2,0.53
Namakkal,Summer,Ragi,Black,8.57,47.7,34.7,1.63
Coimbatore,Summer,Black Gram,Loamy,1.02,43.0,25.4,0.5
Madurai,Summer,Turmeric,Black,4.62,70.6,32.3,3.38
Thanjavur,Rabi,Chilli,Alluvial,7.94,22.6,23.6,1.78
Thanjavur,Rabi,Sugarcane,Red,5.72,65.9,22.6,4.24
Villupuram,Kharif,Groundnut,Clay,3.82,198.5,26.0,2.08
Cuddalore,Summer,Maize,Red,4.62,55.3,32.8,2.86
Cuddalore,Kharif,Turmeric,Clay,2.06,96.6,29.3,3.4
Tiruppur,Rabi,Ragi,Alluvial,7.08,103.0,40.2,1.35
Namakkal,Rabi,Rice,Black,3.55,38.3,33.5,2.4
Madurai,Rabi,Green Gram,Alluvial,5.24,94.0,26.0,1.12
Villupuram,Summer,Black Gram,Alluvial,0.7,101.8,34.8,0.82
Tirunelveli,Summer,Coconut,Alluvial,3.57,22.2,35.4,2.68
Coimbatore,Summer,Maize,Black,11.69,33.6,28.4,3.0
Tiruppur,Rabi,Sunflower,Alluvial,8.19,111.3,18.5,1.79
Coimbatore,Rabi,Chilli,Black,3.95,131.3,38.3,2.27
Dindigul,Kharif,Banana,Red,5.97,132.0,22.0,4.72
Coimbatore,Kharif,Soybean,Black,6.6,241.1,32.5,1.32
Villupuram,Rabi,Sunflower,Clay,3.39,96.2,20.8,1.56
Cuddalore,Kharif,Maize,Black,1.29,206.5,32.6,2.43
Trichy,Rabi,Coconut,Loamy,4.26,71.3,25.4,3.34
Salem,Summer,Banana,Alluvial,4.41,78.3,25.1,4.19
Erode,Summer,Ragi,Red,11.34,96.7,31.1,1.56
Dindigul,Kharif,Rice,Clay,1.82,118.5,21.6,3.11
Erode,Rabi,Sesame,Clay,7.23,132.6,33.5,0.5
Thoothukudi,Kharif,Ragi,Black,11.46,81.4,20.3,2.17
Coimbatore,Summer,Millets,Black,0.98,82.2,40.8,1.37
Thanjavur,Kharif,Coconut,Clay,7.27,233.3,21.0,2.5
Trichy,Summer,Soybean,Loamy,8.51,36.9,18.4,1.13
Tiruppur,Kharif,Rice,Clay,11.55,225.3,37.9,3.34
Tiruppur,Kharif,Coconut,Red,1.16,129.2,28.0,3.35
Vellore,Summer,Rice,Red,1.76,34.8,34.0,2.88
Thoothukudi,Summer,Sunflower,Alluvial,8.51,72.1,18.7,1.29
Cuddalore,Summer,Sugarcane,Loamy,7.33,85.6,37.2,6.16
Namakkal,Kharif,Coconut,Loamy,1.96,127.3,30.9,3.82
Kancheepuram,Kharif,Maize,Loamy,1.7,189.0,25.9,3.44
Thoothukudi,Rabi,Turmeric,Clay,7.46,39.8,27.5,3.67
Erode,Rabi,Rice,Red,4.65,152.2,35.3,3.36
Tiruppur,Kharif,Sunflower,Alluvial,9.8,283.7,31.9,0.88
Erode,Kharif,Coconut,Clay,5.42,289.2,34.7,2.75
Thanjavur,Kharif,Green Gram,Black,7.51,146.9,30.6,1.04
Madurai,Rabi,Turmeric,Black,4.96,112.3,20.3,3.75
Thanjavur,Kharif,Rice,Alluvial,7.89,177.0,34.3,4.36
Cuddalore,Kharif,Soybean,Black,9.05,176.0,18.4,1.48
Madurai,Summer,Sunflower,Alluvial,9.89,29.8,19.1,1.22
Dindigul,Kharif,Turmeric,Loamy,5.4,61.1,19.6,3.66
Coimbatore,Kharif,Turmeric,Black,10.05,232.9,28.7,5.63
Thoothukudi,Kharif,Sunflower,Loamy,3.02,130.5,37.6,1.04
Tiruppur,Rabi,Millets,Loamy,4.21,97.2,37.5,1.1
Tiruppur,Summer,Rice,Loamy,2.75,20.7,25.3,3.56
Kancheepuram,Rabi,Coconut,Black,9.46,101.7,37.8,2.03
Dindigul,Rabi,Green Gram,Black,8.11,120.8,18.8,0.53
Cuddalore,Rabi,Sesame,Loamy,5.51,91.4,27.7,0.57
Tirunelveli,Summer,Ragi,Loamy,5.28,101.8,32.7,0.99
Salem,Kharif,Maize,Clay,1.55,220.8,40.3,1.93
Thanjavur,Kharif,Banana,Red,3.55,185.5,19.6,3.84
Coimbatore,Kharif,Maize,Black,11.91,149.1,41.7,2.08
Tiruppur,Summer,Cotton,Alluvial,3.15,14.1,30.3,1.41
Thanjavur,Kharif,Chilli,Clay,6.78,285.8,28.8,1.28
Dindigul,Rabi,Turmeric,Clay,4.72,56.3,39.0,2.08
Kancheepuram,Rabi,Sunflower,Alluvial,2.62,153.8,30.7,1.18
Kancheepuram,Rabi,Maize,Alluvial,6.54,159.3,26.5,3.76
Madurai,Summer,Rice,Alluvial,1.86,109.3,27.4,3.95
Thoothukudi,Kharif,Coconut,Black,11.89,147.6,32.8,3.23
Dindigul,Kharif,Groundnut,Loamy,11.14,292.2,35.2,1.04
Namakkal,Summer,Sugarcane,Clay,2.64,23.8,19.1,3.43
Cuddalore,Summer,Groundnut,Clay,6.83,45.2,23.2,1.77
Madurai,Rabi,Sunflower,Alluvial,1.22,32.2,37.2,1.2
Vellore,Summer,Sunflower,Alluvial,3.33,86.8,40.8,0.54
Vellore,Rabi,Sesame,Black,0.95,26.1,19.0,0.73
Kancheepuram,Kharif,Ragi,Red,1.53,131.8,40.5,1.7
Trichy,Rabi,Sesame,Loamy,1.77,132.4,41.7,0.32
Tiruppur,Rabi,Banana,Red,7.25,125.9,27.8,4.03
Trichy,Rabi,Coconut,Clay,7.63,69.3,26.7,2.99
Tiruppur,Kharif,Banana,Alluvial,11.28,90.7,23.7,4.71
Vellore,Kharif,Cotton,Black,9.42,86.0,37.3,1.67
Thanjavur,Rabi,Maize,Black,9.11,146.5,26.3,3.15
Villupuram,Rabi,Maize,Clay,4.13,157.3,35.9,2.04
Dindigul,Kharif,Sunflower,Loamy,10.53,272.9,34.9,0.74
Trichy,Kharif,Sugarcane,Alluvial,4.11,81.4,21.8,5.09
Thoothukudi,Kharif,Sunflower,Loamy,9.35,121.3,23.0,1.44
Salem,Summer,Banana,Alluvial,10.15,106.4,24.5,4.83
Cuddalore,Rabi,Sesame,Black,2.56,98.3,20.9,0.77
Namakkal,Rabi,Banana,Loamy,2.72,59.4,20.0,3.57
Tirunelveli,Kharif,Sesame,Black,1.34,110.7,37.5,1.03
Tiruppur,Rabi,Cotton,Alluvial,1.86,97.0,26.5,1.47
Trichy,Kharif,Sesame,Clay,5.27,316.3,39.4,0.55
Thanjavur,Kharif,Sunflower,Clay,3.74,278.8,29.4,0.68
Madurai,Summer,Rice,Clay,3.64,90.9,25.9,3.91
Coimbatore,Kharif,Cotton,Alluvial,9.99,92.1,29.7,2.1
Madurai,Kharif,Chilli,Alluvial,11.84,300.0,39.2,0.51
Namakkal,Summer,Sugarcane,Red,10.39,17.1,39.4,2.41
Namakkal,Kharif,Soybean,Loamy,5.76,246.4,41.5,0.94
Salem,Kharif,Millets,Black,4.8,70.9,39.6,1.06
Kancheepuram,Rabi,Chilli,Alluvial,2.25,109.0,31.0,3.37
Vellore,Rabi,Chilli,Clay,11.59,151.1,38.3,1.93
Villupuram,Summer,Coconut,Black,9.31,90.7,25.5,3.47
Thoothukudi,Rabi,Soybean,Alluvial,3.46,94.3,28.9,1.72
Thoothukudi,Summer,Rice,Alluvial,11.03,32.1,19.5,3.05
Tirunelveli,Kharif,Sunflower,Alluvial,6.12,212.4,20.6,1.11
Coimbatore,Kharif,Chilli,Black,1.38,232.7,27.7,1.81
Kancheepuram,Rabi,Rice,Loamy,8.36,89.7,32.0,3.82
Madurai,Kharif,Cotton,Alluvial,4.93,177.6,32.9,1.44
Namakkal,Rabi,Sugarcane,Clay,7.11,92.2,40.6,3.8
Villupuram,Summer,Millets,Alluvial,7.59,78.4,39.9,0.8
Trichy,Kharif,Ragi,Red,2.24,142.6,36.2,1.41
Thoothukudi,Kharif,Coconut,Loamy,4.63,257.6,23.8,3.6
Erode,Kharif,Ragi,Red,2.67,127.5,38.3,1.55
Vellore,Kharif,Groundnut,Alluvial,3.67,205.9,25.4,1.73
Thoothukudi,Rabi,Sesame,Black,0.51,39.6,39.7,0.83
Namakkal,Summer,Soybean,Loamy,1.84,25.0,39.8,0.93
Thoothukudi,Rabi,Millets,Black,7.87,37.5,32.9,1.56
Villupuram,Kharif,Turmeric,Black,7.36,315.1,26.8,4.52
Thanjavur,Summer,Sugarcane,Black,6.21,97.5,30.5,7.03
Erode,Summer,Millets,Clay,8.2,58.9,37.4,0.86
Thoothukudi,Rabi,Turmeric,Black,1.34,100.6,25.2,4.58
Thoothukudi,Kharif,Ragi,Loamy,11.99,180.1,40.8,0.52
Erode,Summer,Sesame,Alluvial,9.65,70.4,30.0,0.69
Villupuram,Kharif,Millets,Black,6.85,277.9,24.1,1.1
Coimbatore,Rabi,Ragi,Black,7.53,94.5,37.1,1.97
Tiruppur,Kharif,Black Gram,Red,3.52,80.4,22.4,1.62
Coimbatore,Summer,Cotton,Alluvial,8.08,54.5,31.8,1.42
Thanjavur,Kharif,Maize,Clay,5.75,317.9,28.3,2.01
Tiruppur,Kharif,Rice,Black,5.21,230.2,21.7,3.97
Trichy,Kharif,Black Gram,Red,5.35,294.0,28.2,0.77
Erode,Summer,Black Gram,Black,10.59,74.0,22.7,0.74
Tirunelveli,Rabi,Chilli,Clay,10.78,125.3,28.1,3.72
Kancheepuram,Rabi,Black Gram,Red,1.95,77.1,34.9,1.39
Tirunelveli,Rabi,Coconut,Alluvial,2.36,134.8,40.4,2.48
Villupuram,Summer,Millets,Loamy,1.94,41.5,40.8,0.82
Trichy,Kharif,Coconut,Alluvial,9.43,290.4,23.1,3.62
Kancheepuram,Kharif,Sesame,Loamy,4.54,229.4,25.0,0.62
Coimbatore,Rabi,Rice,Black,7.98,129.4,33.6,3.22
Coimbatore,Rabi,Coconut,Clay,0.59,23.5,33.7,3.07
Vellore,Rabi,Sugarcane,Loamy,2.21,101.1,40.2,3.84
Salem,Rabi,Turmeric,Clay,8.95,133.5,34.5,3.11
Namakkal,Rabi,Chilli,Red,2.05,75.8,24.3,3.36
Vellore,Rabi,Sugarcane,Red,10.17,126.5,25.0,5.66
Madurai,Rabi,Turmeric,Alluvial,11.89,115.8,33.0,3.56
Dindigul,Summer,Cotton,Red,9.61,10.9,37.0,0.92
Tiruppur,Rabi,Sunflower,Clay,1.02,53.4,38.7,1.08
Kancheepuram,Kharif,Turmeric,Red,2.02,91.8,24.9,4.9
Trichy,Rabi,Chilli,Black,10.21,144.8,25.4,3.22
Vellore,Summer,Sunflower,Loamy,8.41,101.5,30.7,0.7
Tirunelveli,Summer,Banana,Loamy,1.58,36.1,31.2,3.86
Madurai,Kharif,Millets,Red,10.26,100.2,35.4,1.73
Tirunelveli,Kharif,Cotton,Red,1.98,113.6,21.9,1.61
Dindigul,Rabi,Rice,Red,2.84,96.9,40.3,2.13
Tiruppur,Kharif,Chilli,Clay,5.59,252.3,36.4,1.76
Cuddalore,Summer,Groundnut,Red,3.28,71.5,28.5,1.8
Villupuram,Summer,Cotton,Alluvial,6.15,102.6,40.6,0.86
Namakkal,Kharif,Sesame,Red,8.54,239.5,33.7,0.68
Cuddalore,Kharif,Banana,Red,1.21,188.4,39.7,3.78
Tirunelveli,Kharif,Soybean,Alluvial,5.42,217.0,38.1,0.81
Namakkal,Rabi,Ragi,Red,9.72,46.1,38.7,1.96
Coimbatore,Rabi,Ragi,Alluvial,8.5,154.9,30.8,1.01
Thoothukudi,Summer,Ragi,Red,1.05,37.1,25.1,1.66
Tiruppur,Rabi,Chilli,Loamy,2.91,138.9,28.6,2.93
Dindigul,Summer,Green Gram,Red,4.5,58.4,25.7,1.26
Trichy,Rabi,Ragi,Red,11.72,154.9,18.9,1.95
Villupuram,Rabi,Sesame,Loamy,3.17,100.3,41.3,0.56
Madurai,Rabi,Groundnut,Loamy,9.24,141.8,19.9,1.94
Thoothukudi,Summer,Chilli,Clay,10.78,73.4,26.5,3.07
Tiruppur,Summer,Turmeric,Loamy,7.26,100.0,37.2,1.95
Thanjavur,Rabi,Chilli,Alluvial,2.56,124.0,18.3,2.39
Namakkal,Kharif,Banana,Red,3.28,293.1,18.1,2.62
Trichy,Summer,Cotton,Black,8.2,35.9,37.9,1.06
Namakkal,Kharif,Ragi,Alluvial,2.89,202.6,40.1,0.62
Kancheepuram,Kharif,Green Gram,Alluvial,3.76,244.1,21.0,0.54
Dindigul,Kharif,Turmeric,Loamy,3.72,184.5,27.6,4.63
Thanjavur,Summer,Sesame,Alluvial,7.03,99.8,31.4,0.4
Kancheepuram,Summer,Millets,Red,11.51,33.3,28.6,1.74
Salem,Kharif,Rice,Black,9.59,66.8,31.3,3.5
Erode,Rabi,Rice,Loamy,7.46,33.9,34.8,3.35
Tirunelveli,Summer,Soybean,Alluvial,10.68,72.3,25.6,1.25
Dindigul,Kharif,Turmeric,Loamy,3.17,84.4,29.4,4.36
Erode,Rabi,Ragi,Loamy,11.53,41.4,37.3,1.25
Kancheepuram,Summer,Ragi,Alluvial,4.93,85.8,24.8,1.48
Kancheepuram,Kharif,Chilli,Loamy,7.18,156.1,41.7,1.59
Dindigul,Kharif,Sunflower,Clay,8.6,216.2,21.8,0.99
Namakkal,Kharif,Coconut,Black,0.92,114.0,19.2,2.61
Trichy,Kharif,Rice,Loamy,2.1,113.7,23.0,3.9
Cuddalore,Summer,Black Gram,Black,5.95,48.6,33.0,0.92
Salem,Summer,Coconut,Loamy,5.05,71.9,28.6,3.33
Madurai,Rabi,Rice,Red,1.96,78.9,20.7,2.68
Cuddalore,Kharif,Sugarcane,Alluvial,6.72,103.7,23.9,5.01
Villupuram,Kharif,Sugarcane,Clay,10.75,79.1,32.0,6.21
Coimbatore,Summer,Banana,Clay,1.41,56.5,39.8,3.13
Trichy,Rabi,Maize,Black,3.99,20.0,37.6,2.12
Madurai,Summer,Banana,Red,3.9,15.3,29.2,3.85
Cuddalore,Kharif,Ragi,Red,1.96,137.0,19.6,2.2
Tiruppur,Kharif,Rice,Red,2.06,79.3,22.1,3.33
Namakkal,Kharif,Cotton,Clay,10.9,194.5,28.5,1.5
Tiruppur,Summer,Chilli,Black,2.19,41.4,32.4,1.51
Cuddalore,Rabi,Chilli,Loamy,5.02,147.1,32.7,2.94
Vellore,Rabi,Cotton,Alluvial,7.61,98.2,21.3,1.21
Cuddalore,Summer,Coconut,Clay,7.42,16.8,18.5,2.33
Namakkal,Rabi,Banana,Alluvial,11.52,125.2,38.8,2.74
Erode,Kharif,Black Gram,Red,9.33,99.2,36.6,1.02
Thoothukudi,Rabi,Cotton,Clay,5.82,25.5,20.2,0.97
Tiruppur,Summer,Coconut,Black,5.37,99.9,36.9,1.8
Madurai,Summer,Maize,Black,9.86,82.1,37.3,2.41
Dindigul,Summer,Cotton,Clay,2.69,30.7,37.9,0.98
Coimbatore,Kharif,Sunflower,Alluvial,6.57,88.1,32.0,1.51
Trichy,Rabi,Millets,Black,6.39,89.5,22.7,1.75
Trichy,Rabi,Cotton,Loamy,4.02,108.7,23.6,1.35
Coimbatore,Rabi,Rice,Black,6.4,84.0,19.4,2.69
Coimbatore,Kharif,Cotton,Black,3.65,223.3,25.0,1.27
Dindigul,Summer,Rice,Loamy,8.69,48.1,32.3,3.56
Coimbatore,Summer,Coconut,Alluvial,10.88,42.5,19.0,3.13
Madurai,Kharif,Green Gram,Red,9.89,250.3,26.0,0.79
Thoothukudi,Summer,Cotton,Black,3.96,41.1,41.7,1.78
Erode,Kharif,Millets,Black,3.17,237.9,36.6,0.91
Namakkal,Rabi,Groundnut,Loamy,1.88,156.8,32.7,1.56
Tiruppur,Kharif,Banana,Alluvial,2.13,173.3,38.9,3.84
Salem,Rabi,Green Gram,Red,7.76,33.0,41.3,0.89
Tiruppur,Summer,Green Gram,Alluvial,10.04,104.9,40.0,0.71
Namakkal,Rabi,Sugarcane,Loamy,8.85,62.4,37.5,3.95
Dindigul,Kharif,Millets,Alluvial,11.91,199.7,35.9,0.6
Coimbatore,Kharif,Black Gram,Clay,11.71,163.3,41.8,0.46
Madurai,Kharif,Ragi,Red,11.97,257.7,28.7,1.89
Namakkal,Rabi,Green Gram,Loamy,5.91,80.6,29.3,1.38
Thoothukudi,Kharif,Maize,Loamy,8.19,98.8,20.2,3.37
Kancheepuram,Summer,Rice,Red,10.97,84.5,38.0,2.8
Tirunelveli,Rabi,Soybean,Alluvial,0.86,139.9,39.2,0.71
Tirunelveli,Summer,Chilli,Red,3.93,87.2,37.6,1.57
Salem,Rabi,Sunflower,Loamy,10.59,97.9,21.7,1.53
Vellore,Rabi,Black Gram,Loamy,8.79,39.0,28.3,1.42
Namakkal,Summer,Rice,Loamy,5.37,87.6,23.7,3.31
Dindigul,Rabi,Ragi,Clay,2.14,36.8,37.3,1.68
Thoothukudi,Summer,Coconut,Black,11.81,61.7,30.4,3.93
Villupuram,Rabi,Coconut,Clay,10.08,40.4,24.5,3.08
Madurai,Kharif,Banana,Clay,1.86,296.7,27.8,3.95
Erode,Kharif,Groundnut,Red,5.04,290.3,22.9,1.32
Coimbatore,Rabi,Rice,Alluvial,6.43,158.5,31.0,4.09
Dindigul,Summer,Coconut,Loamy,10.24,89.0,37.9,3.17
Tiruppur,Rabi,Turmeric,Alluvial,10.46,84.5,39.3,1.26
Cuddalore,Rabi,Chilli,Red,11.74,116.3,38.5,2.43
Kancheepuram,Summer,Green Gram,Loamy,1.43,20.9,18.4,0.84
Cuddalore,Summer,Maize,Black,11.61,84.9,26.6,3.46
Madurai,Kharif,Coconut,Clay,0.63,205.8,20.5,3.27
Kancheepuram,Kharif,Groundnut,Loamy,4.54,172.2,41.9,1.28
Thoothukudi,Kharif,Sunflower,Alluvial,3.14,228.8,39.5,0.69
Villupuram,Summer,Rice,Red,1.08,109.9,38.1,2.6
Salem,Kharif,Soybean,Alluvial,8.57,156.5,33.7,0.99
Erode,Summer,Millets,Loamy,7.55,107.0,28.8,1.0
Coimbatore,Summer,Black Gram,Loamy,4.78,79.3,19.7,0.45
Vellore,Rabi,Banana,Red,5.66,66.8,32.7,3.36
Thoothukudi,Kharif,Green Gram,Black,3.23,94.9,38.8,0.93
Dindigul,Rabi,Ragi,Loamy,4.55,83.8,27.6,1.99
Dindigul,Rabi,Rice,Alluvial,6.88,34.4,38.3,3.33
Villupuram,Summer,Ragi,Loamy,3.69,31.9,28.4,1.55
Erode,Summer,Banana,Black,7.73,77.0,41.1,2.92
Kancheepuram,Summer,Sesame,Black,1.25,55.3,18.7,0.38
Villupuram,Rabi,Millets,Black,6.16,63.4,32.7,1.71
Kancheepuram,Rabi,Millets,Black,2.69,81.3,39.1,1.11
Kancheepuram,Kharif,Black Gram,Loamy,6.77,197.4,19.7,0.65
Kancheepuram,Summer,Green Gram,Red,1.09,67.8,36.6,1.06
Trichy,Summer,Green Gram,Loamy,1.23,99.7,33.9,1.39
Tirunelveli,Kharif,Rice,Loamy,7.95,63.3,28.1,4.01
Vellore,Kharif,Coconut,Red,11.66,301.3,39.5,2.04
Vellore,Rabi,Sugarcane,Clay,8.84,123.6,21.0,3.63
Namakkal,Rabi,Banana,Loamy,1.28,48.0,18.9,2.54
Kancheepuram,Summer,Rice,Black,2.28,58.2,38.3,3.37
Madurai,Kharif,Turmeric,Black,1.55,318.7,29.9,3.81
Trichy,Rabi,Turmeric,Alluvial,1.03,115.1,31.3,3.81
Cuddalore,Kharif,Sunflower,Loamy,1.73,160.9,23.8,1.12
Vellore,Summer,Black Gram,Alluvial,9.08,53.1,35.9,0.99
Dindigul,Summer,Rice,Black,8.76,48.4,27.6,3.4
Salem,Rabi,Maize,Red,5.36,53.5,36.3,2.33
Tirunelveli,Summer,Sunflower,Alluvial,0.89,74.1,32.1,1.1
Vellore,Kharif,Millets,Loamy,0.68,156.9,21.2,0.77
Tiruppur,Summer,Rice,Clay,6.65,102.3,38.9,2.64
Erode,Kharif,Soybean,Red,11.65,127.7,40.2,1.25
Kancheepuram,Summer,Black Gram,Red,10.17,59.3,21.4,0.87
Coimbatore,Rabi,Maize,Red,9.23,72.7,35.7,2.72
Villupuram,Summer,Ragi,Black,5.95,67.8,35.8,1.43
Salem,Kharif,Groundnut,Black,9.42,111.7,35.9,1.82
Trichy,Summer,Sesame,Black,8.31,39.1,18.1,0.69
Tiruppur,Summer,Chilli,Loamy,4.13,50.5,18.3,1.94
Trichy,Rabi,Groundnut,Clay,2.67,24.1,23.4,1.64
Tiruppur,Summer,Soybean,Loamy,8.59,94.4,30.6,1.56
Erode,Kharif,Turmeric,Black,0.56,272.8,30.2,3.54
Villupuram,Summer,Groundnut,Black,7.4,67.4,39.4,0.74
Villupuram,Kharif,Groundnut,Loamy,8.26,144.9,29.0,2.24
Erode,Summer,Sesame,Clay,1.5,14.8,27.1,0.54
Thanjavur,Summer,Groundnut,Black,11.49,104.5,38.0,0.56
Thoothukudi,Rabi,Soybean,Black,9.04,131.5,28.1,1.38
Dindigul,Kharif,Chilli,Red,4.58,305.7,26.8,2.28
Thanjavur,Rabi,Sunflower,Clay,3.2,72.5,22.3,1.52
Coimbatore,Summer,Maize,Loamy,9.88,44.3,35.1,3.07
Tirunelveli,Kharif,Soybean,Clay,11.97,154.8,26.9,1.76
Thanjavur,Rabi,Maize,Loamy,2.75,36.9,38.5,1.15
Kancheepuram,Summer,Sesame,Clay,5.39,11.5,32.8,0.55
Tiruppur,Summer,Chilli,Black,9.21,100.2,27.7,3.43
Salem,Kharif,Chilli,Clay,0.86,227.1,35.3,1.68
Cuddalore,Rabi,Sesame,Loamy,8.92,79.1,21.2,0.58
Dindigul,Kharif,Coconut,Red,11.24,177.5,27.1,4.2
Dindigul,Kharif,Millets,Alluvial,3.9,318.1,30.2,1.15
Tiruppur,Rabi,Coconut,Red,8.22,39.3,25.1,3.13
Trichy,Kharif,Sugarcane,Loamy,4.15,126.9,20.8,3.64
Thanjavur,Kharif,Sugarcane,Loamy,2.86,294.3,22.4,4.81
Namakkal,Kharif,Green Gram,Clay,4.65,119.9,30.8,1.06
Tirunelveli,Rabi,Cotton,Clay,8.95,158.6,24.2,1.76
Cuddalore,Kharif,Rice,Black,2.79,65.3,21.7,3.09
Tiruppur,Summer,Sugarcane,Red,6.52,71.0,23.9,4.47
Coimbatore,Summer,Ragi,Loamy,4.27,63.5,20.4,2.33
Trichy,Summer,Rice,Red,10.06,61.8,25.3,4.02
Cuddalore,Rabi,Sugarcane,Clay,8.97,149.7,26.0,3.96
Coimbatore,Summer,Green Gram,Alluvial,10.94,99.7,25.9,0.9
Madurai,Kharif,Sugarcane,Red,3.93,85.7,21.4,3.55
Thoothukudi,Kharif,Sunflower,Red,2.35,308.6,25.0,1.06
Villupuram,Rabi,Sunflower,Clay,7.34,132.5,24.2,1.23
Tirunelveli,Summer,Coconut,Black,9.58,95.6,31.0,3.16
Thoothukudi,Rabi,Soybean,Black,1.85,118.4,33.3,1.93
Dindigul,Kharif,Green Gram,Red,1.57,170.8,41.5,0.78
Cuddalore,Summer,Coconut,Clay,7.09,44.5,33.1,3.1
Namakkal,Rabi,Sesame,Alluvial,2.27,75.0,26.2,0.63
Salem,Kharif,Sugarcane,Loamy,0.95,159.9,22.6,4.21
Tirunelveli,Rabi,Chilli,Black,7.32,30.8,37.6,2.05
Kancheepuram,Rabi,Black Gram,Loamy,6.59,106.3,24.3,1.13
Vellore,Rabi,Black Gram,Black,6.67,144.7,41.8,0.98
Villupuram,Rabi,Soybean,Black,10.12,130.7,25.7,1.71
Tirunelveli,Kharif,Sesame,Clay,11.46,145.8,28.8,0.67
Thanjavur,Kharif,Maize,Red,10.3,232.5,22.1,2.14
Madurai,Summer,Green Gram,Alluvial,10.14,41.4,19.1,0.6
Cuddalore,Kharif,Millets,Loamy,9.36,300.1,28.2,1.09
Tirunelveli,Summer,Banana,Alluvial,10.28,105.6,24.2,5.46
Salem,Kharif,Turmeric,Alluvial,2.9,156.4,40.5,3.03
Tiruppur,Kharif,Sunflower,Alluvial,9.3,125.3,38.8,1.09
Trichy,Summer,Turmeric,Black,9.42,67.0,23.6,3.57
Cuddalore,Kharif,Ragi,Black,10.85,246.4,21.7,1.73
Dindigul,Rabi,Sunflower,Alluvial,0.89,115.8,39.5,1.45
Salem,Summer,Sesame,Alluvial,4.77,33.5,19.2,0.37
Namakkal,Kharif,Sesame,Red,11.6,277.0,31.0,0.81
Namakkal,Kharif,Groundnut,Loamy,2.21,272.9,18.7,1.07
Vellore,Kharif,Sunflower,Black,3.37,95.1,19.4,1.85
Villupuram,Summer,Chilli,Clay,2.27,49.5,20.9,2.39
Coimbatore,Summer,Ragi,Alluvial,5.68,23.4,24.4,1.69
Tirunelveli,Kharif,Rice,Clay,1.91,176.9,21.4,4.35
Thanjavur,Rabi,Banana,Alluvial,6.75,31.6,35.4,3.34
Namakkal,Kharif,Sesame,Clay,7.87,119.8,27.5,0.62
Thanjavur,Summer,Soybean,Alluvial,6.38,46.9,28.6,1.49
Dindigul,Rabi,Groundnut,Black,4.44,155.6,31.2,1.09
Vellore,Rabi,Chilli,Alluvial,3.53,63.6,41.6,2.14
Cuddalore,Kharif,Turmeric,Loamy,8.35,221.6,23.5,5.31
Coimbatore,Kharif,Sesame,Black,6.05,165.4,40.0,0.52
Thanjavur,Summer,Coconut,Loamy,6.25,49.2,37.6,2.83
Villupuram,Kharif,Turmeric,Red,11.76,237.0,40.7,3.07
Thoothukudi,Summer,Chilli,Loamy,5.19,28.9,26.3,2.97
Trichy,Kharif,Soybean,Red,3.11,164.4,29.9,1.62
Tiruppur,Summer,Banana,Black,8.42,13.2,38.5,1.8
Cuddalore,Summer,Millets,Loamy,7.71,18.2,40.7,0.93
Tiruppur,Rabi,Chilli,Black,10.16,121.4,40.7,1.76
Thoothukudi,Kharif,Cotton,Black,4.16,255.5,22.3,1.53
Erode,Kharif,Sunflower,Loamy,6.8,86.2,39.8,1.16
Kancheepuram,Rabi,Rice,Red,8.62,92.6,31.5,3.49
Cuddalore,Rabi,Sesame,Alluvial,2.01,53.6,19.9,0.71
Vellore,Summer,Coconut,Black,5.83,85.2,31.9,2.74
Coimbatore,Summer,Green Gram,Black,10.97,15.6,41.1,0.68
Thoothukudi,Kharif,Millets,Clay,5.6,257.8,38.1,0.75
Erode,Kharif,Cotton,Alluvial,1.51,83.2,35.8,1.46
Thanjavur,Summer,Turmeric,Black,6.05,15.8,25.9,3.46
Thanjavur,Summer,Chilli,Loamy,5.58,109.8,38.1,2.5
Cuddalore,Kharif,Black Gram,Red,5.38,286.1,18.5,0.68
Vellore,Rabi,Groundnut,Red,8.18,67.9,30.5,2.55
Salem,Kharif,Maize,Loamy,4.8,167.1,31.5,2.48
Vellore,Kharif,Black Gram,Red,5.04,141.5,39.0,1.04
Trichy,Rabi,Groundnut,Alluvial,11.68,116.5,23.9,2.12
Kancheepuram,Summer,Sunflower,Alluvial,2.28,83.1,36.2,1.33
Villupuram,Summer,Groundnut,Loamy,7.04,14.1,25.8,2.45
Thoothukudi,Summer,Coconut,Black,10.82,38.9,25.7,3.26
Villupuram,Kharif,Sesame,Clay,8.99,217.1,25.4,0.35
Trichy,Rabi,Ragi,Alluvial,5.94,102.0,38.6,0.99
Namakkal,Summer,Green Gram,Loamy,2.45,99.9,38.0,1.04
Coimbatore,Kharif,Sunflower,Loamy,11.52,294.1,19.7,0.95
Kancheepuram,Rabi,Groundnut,Red,3.58,49.3,31.5,2.15
Kancheepuram,Rabi,Millets,Black,0.85,47.1,24.5,1.82
Vellore,Kharif,Rice,Black,0.53,177.1,32.3,3.66
Coimbatore,Summer,Green Gram,Alluvial,5.57,21.1,22.4,0.8
Cuddalore,Rabi,Rice,Black,2.52,154.1,30.4,3.96
Salem,Kharif,Sunflower,Black,1.67,142.9,41.3,1.01
Madurai,Rabi,Cotton,Red,0.61,116.4,35.2,1.41
Erode,Kharif,Banana,Black,5.31,260.4,33.2,4.73
Salem,Summer,Ragi,Black,6.7,29.3,27.5,2.12
Villupuram,Summer,Green Gram,Alluvial,2.28,71.9,36.7,0.87
Vellore,Kharif,Green Gram,Loamy,9.68,248.2,29.5,0.96
Trichy,Kharif,Banana,Loamy,4.54,166.1,36.0,4.74
Madurai,Kharif,Sesame,Alluvial,11.29,253.6,37.9,0.59
Tiruppur,Summer,Sunflower,Red,10.5,99.8,22.7,1.64
Dindigul,Rabi,Banana,Loamy,0.54,154.2,25.9,4.35
Tirunelveli,Summer,Sesame,Clay,9.38,23.1,23.0,0.58
Salem,Summer,Rice,Loamy,8.43,96.1,32.6,3.91
Erode,Kharif,Groundnut,Red,3.71,218.5,29.9,1.19
Villupuram,Kharif,Millets,Loamy,4.72,156.9,31.3,1.17
Madurai,Kharif,Banana,Black,11.56,143.4,35.1,4.07
Vellore,Kharif,Turmeric,Loamy,8.72,151.0,25.0,5.51
Cuddalore,Kharif,Chilli,Black,4.63,136.3,30.9,2.7
Vellore,Summer,Green Gram,Black,2.84,89.4,40.3,0.92
Dindigul,Summer,Sunflower,Loamy,7.75,81.0,27.6,1.01
Cuddalore,Rabi,Sugarcane,Clay,6.08,158.8,28.1,6.53
Salem,Rabi,Turmeric,Loamy,0.55,24.5,19.9,3.47
Coimbatore,Summer,Turmeric,Red,10.58,70.2,23.9,4.67
Cuddalore,Rabi,Banana,Alluvial,1.65,90.5,23.5,6.46
Namakkal,Rabi,Green Gram,Alluvial,10.77,104.0,24.8,0.64
Coimbatore,Rabi,Sunflower,Alluvial,3.22,72.1,37.0,1.02
Madurai,Kharif,Maize,Black,1.95,170.1,41.7,1.97
Dindigul,Rabi,Sesame,Alluvial,5.78,51.3,39.0,0.29
Thoothukudi,Kharif,Coconut,Alluvial,10.81,147.0,41.4,2.83
Trichy,Rabi,Chilli,Clay,11.45,20.2,41.9,2.04
Trichy,Kharif,Soybean,Black,4.23,218.8,35.1,1.26
Cuddalore,Rabi,Turmeric,Loamy,3.64,60.2,23.7,3.83
Villupuram,Summer,Chilli,Alluvial,9.55,62.0,27.5,2.94
Tirunelveli,Rabi,Chilli,Black,7.63,59.1,31.0,3.21
Thanjavur,Summer,Turmeric,Loamy,0.68,26.8,19.0,3.24
Kancheepuram,Rabi,Sugarcane,Alluvial,9.49,86.5,35.3,6.29
Tirunelveli,Rabi,Groundnut,Black,5.4,59.9,27.3,2.11
Trichy,Rabi,Groundnut,Alluvial,9.49,142.7,23.5,1.9
Coimbatore,Summer,Black Gram,Red,5.16,37.4,20.5,1.04
Villupuram,Kharif,Maize,Alluvial,3.8,199.1,34.5,3.06
Villupuram,Summer,Groundnut,Black,1.95,61.5,37.3,0.52
Salem,Kharif,Groundnut,Red,7.27,119.1,35.9,1.72
Thoothukudi,Kharif,Coconut,Clay,5.97,279.9,30.6,2.64
Trichy,Kharif,Groundnut,Loamy,10.54,145.0,30.9,2.09
Cuddalore,Rabi,Black Gram,Black,11.65,85.4,34.7,1.33
Erode,Summer,Rice,Red,4.48,54.2,24.2,3.18
Dindigul,Summer,Sugarcane,Red,2.67,98.4,20.1,3.15
Vellore,Rabi,Green Gram,Loamy,7.01,157.3,39.5,0.93
Thanjavur,Summer,Coconut,Red,8.77,76.4,29.1,3.07
Thanjavur,Summer,Chilli,Black,2.58,54.6,34.9,2.31
Thanjavur,Kharif,Coconut,Alluvial,0.76,205.2,27.5,4.48
Dindigul,Summer,Ragi,Clay,10.84,56.2,40.2,1.36
Salem,Kharif,Millets,Loamy,8.96,86.4,19.5,0.81
Cuddalore,Summer,Millets,Red,5.15,24.1,37.8,0.92
Thanjavur,Summer,Banana,Black,2.8,67.0,35.9,2.16
Tirunelveli,Rabi,Soybean,Alluvial,7.76,64.3,26.2,1.86
Villupuram,Kharif,Cotton,Black,1.71,143.9,34.5,1.7
Erode,Summer,Maize,Red,9.29,104.8,31.8,3.84
Thanjavur,Summer,Groundnut,Clay,5.41,90.6,37.2,0.8
Madurai,Rabi,Chilli,Clay,8.72,124.5,34.7,2.21
Madurai,Summer,Sesame,Black,1.06,105.8,37.5,0.36
Tirunelveli,Rabi,Ragi,Black,5.91,25.3,35.7,1.77
Tirunelveli,Kharif,Cotton,Alluvial,11.01,124.9,30.9,1.51
Trichy,Rabi,Maize,Black,3.35,59.8,33.0,3.22
Thanjavur,Rabi,Millets,Red,7.1,126.2,38.0,1.02
Tirunelveli,Kharif,Sesame,Alluvial,7.61,296.3,22.2,0.48
Thoothukudi,Summer,Groundnut,Clay,10.78,56.8,21.3,1.4
Salem,Summer,Groundnut,Black,6.72,105.5,28.2,1.76
Dindigul,Rabi,Sesame,Clay,4.93,52.0,33.6,0.72
Coimbatore,Summer,Ragi,Alluvial,6.76,107.5,41.4,1.16
Namakkal,Rabi,Soybean,Red,2.9,141.2,35.9,1.16
Trichy,Rabi,Black Gram,Clay,9.73,153.3,22.0,1.06
Erode,Rabi,Coconut,Red,10.0,49.4,30.8,3.18
Erode,Rabi,Sunflower,Clay,1.14,73.7,34.8,1.0
Tirunelveli,Kharif,Coconut,Black,4.67,312.1,24.7,3.26
Coimbatore,Summer,Chilli,Alluvial,8.99,64.7,37.4,2.14
Cuddalore,Kharif,Sugarcane,Clay,4.38,277.3,35.7,7.21
Trichy,Rabi,Cotton,Black,3.41,90.8,29.1,2.35
Thoothukudi,Rabi,Green Gram,Clay,7.01,85.7,30.4,0.99
Madurai,Rabi,Green Gram,Alluvial,7.93,116.0,36.6,0.86
Salem,Kharif,Sunflower,Black,9.86,70.5,36.7,1.42
Coimbatore,Rabi,Soybean,Alluvial,7.16,58.3,37.9,0.7
Thoothukudi,Summer,Chilli,Alluvial,7.89,109.6,23.4,3.18
Tiruppur,Rabi,Millets,Clay,7.4,130.7,28.9,1.1
Erode,Rabi,Green Gram,Black,4.46,45.6,26.3,0.8
Namakkal,Rabi,Ragi,Red,7.35,121.4,23.2,2.14
Erode,Summer,Turmeric,Alluvial,10.71,109.6,23.0,3.91
Erode,Rabi,Millets,Alluvial,7.49,48.6,29.1,1.59
Cuddalore,Kharif,Millets,Red,6.73,317.6,27.3,1.38
Villupuram,Kharif,Soybean,Black,5.99,218.5,25.1,1.93
Vellore,Summer,Coconut,Red,1.55,67.4,41.4,2.91
Trichy,Kharif,Sunflower,Clay,0.58,106.1,33.6,0.69
Trichy,Summer,Banana,Loamy,10.29,108.7,21.0,4.89
Tirunelveli,Kharif,Sunflower,Black,10.98,131.2,39.5,1.35
Cuddalore,Summer,Millets,Clay,4.07,21.2,27.7,1.36
Coimbatore,Rabi,Soybean,Red,8.24,143.4,21.9,2.08
Cuddalore,Summer,Chilli,Red,6.73,34.4,18.1,1.75
Kancheepuram,Rabi,Sunflower,Clay,4.84,20.7,21.2,1.28
Thoothukudi,Kharif,Soybean,Red,4.32,176.7,27.8,1.85
Namakkal,Summer,Ragi,Loamy,7.71,79.2,18.1,2.12
Cuddalore,Kharif,Sesame,Clay,11.6,216.6,36.8,0.45
Tiruppur,Rabi,Green Gram,Red,3.45,153.7,23.3,1.03
Erode,Kharif,Sunflower,Black,0.58,87.5,18.0,1.75
Trichy,Rabi,Soybean,Clay,1.2,144.6,34.8,0.8
Salem,Kharif,Chilli,Loamy,9.43,132.3,19.7,1.8
Villupuram,Kharif,Sunflower,Alluvial,10.09,260.2,28.7,1.05
Kancheepuram,Kharif,Black Gram,Loamy,5.24,173.9,30.0,0.84
Namakkal,Rabi,Millets,Black,1.13,52.2,19.1,1.44
Villupuram,Kharif,Soybean,Black,10.44,224.5,24.5,1.72
Villupuram,Rabi,Ragi,Loamy,7.51,156.7,24.7,1.82
Namakkal,Rabi,Groundnut,Alluvial,1.42,98.5,19.8,1.74
Kancheepuram,Kharif,Chilli,Loamy,1.86,102.9,37.3,2.52
Trichy,Kharif,Cotton,Black,10.02,74.5,21.3,1.75
Vellore,Kharif,Turmeric,Red,5.03,263.2,33.7,2.89
Kancheepuram,Summer,Coconut,Black,10.13,20.5,38.2,1.77
Kancheepuram,Rabi,Turmeric,Loamy,8.11,67.3,41.0,2.99
Tiruppur,Summer,Banana,Red,9.76,101.3,38.7,3.32
Madurai,Rabi,Soybean,Loamy,10.4,44.6,36.7,1.0
Erode,Rabi,Sunflower,Red,1.69,42.1,27.5,1.79
Thoothukudi,Rabi,Cotton,Black,10.04,55.4,25.3,1.92
Thanjavur,Kharif,Cotton,Loamy,11.64,289.9,37.6,0.9
Villupuram,Kharif,Ragi,Red,5.39,217.1,23.4,1.5
Dindigul,Rabi,Sesame,Loamy,1.07,44.2,33.9,0.46
Salem,Kharif,Black Gram,Black,1.94,253.2,33.9,1.07
Salem,Rabi,Banana,Clay,8.78,84.1,27.4,3.87
Coimbatore,Kharif,Chilli,Clay,9.41,89.8,19.3,2.38
Thanjavur,Summer,Millets,Loamy,11.83,49.8,35.9,1.06
Thanjavur,Rabi,Chilli,Loamy,3.82,150.6,23.5,3.31
Cuddalore,Summer,Rice,Alluvial,6.73,85.7,36.2,2.95
Kancheepuram,Rabi,Sesame,Loamy,0.71,138.7,23.9,0.55
Erode,Summer,Coconut,Alluvial,11.39,46.0,23.8,3.3
Cuddalore,Kharif,Banana,Black,5.17,157.6,30.9,4.26
Dindigul,Rabi,Sugarcane,Alluvial,5.05,99.6,41.0,4.34
Villupuram,Rabi,Green Gram,Clay,10.43,30.5,28.8,1.01
Erode,Rabi,Coconut,Clay,10.73,117.3,21.0,3.23
Dindigul,Rabi,Banana,Black,8.82,48.8,23.2,3.61
Kancheepuram,Rabi,Sunflower,Clay,3.72,25.2,19.4,1.29
Tiruppur,Kharif,Millets,Black,2.32,67.9,41.0,1.5
Tirunelveli,Rabi,Rice,Black,1.17,142.9,40.7,2.55
Villupuram,Kharif,Sunflower,Red,1.47,221.0,32.5,0.74
Tiruppur,Kharif,Groundnut,Alluvial,4.55,199.9,37.3,0.64
Tirunelveli,Rabi,Coconut,Alluvial,6.14,82.0,30.9,3.16
Salem,Kharif,Cotton,Red,0.68,67.3,18.3,1.44
Dindigul,Rabi,Sesame,Black,5.33,132.6,28.3,0.79
Dindigul,Summer,Black Gram,Alluvial,7.07,14.1,24.2,0.91
Thoothukudi,Kharif,Ragi,Black,0.52,65.4,31.2,2.04
Dindigul,Rabi,Coconut,Red,11.0,113.3,37.9,2.41
Thoothukudi,Summer,Maize,Black,10.65,19.0,25.8,3.41
Salem,Summer,Banana,Clay,1.59,78.4,32.2,4.25
Kancheepuram,Rabi,Cotton,Black,6.89,74.8,32.8,1.41
Vellore,Kharif,Millets,Loamy,3.99,287.0,28.5,1.23
Kancheepuram,Rabi,Sesame,Clay,8.61,66.7,32.8,0.79
Coimbatore,Kharif,Turmeric,Alluvial,2.12,136.8,25.0,4.87
Tirunelveli,Summer,Black Gram,Red,9.31,12.6,32.1,1.17
Erode,Rabi,Turmeric,Red,10.53,147.6,23.3,4.55
Tiruppur,Kharif,Sugarcane,Loamy,6.66,317.8,26.0,7.2
Coimbatore,Summer,Coconut,Clay,2.34,28.7,22.2,3.31
Coimbatore,Summer,Black Gram,Black,7.63,98.6,26.7,1.28
Namakkal,Summer,Black Gram,Clay,8.54,107.9,31.2,0.66
Coimbatore,Kharif,Soybean,Alluvial,10.33,313.7,24.5,1.27
Thoothukudi,Rabi,Ragi,Loamy,10.32,80.1,24.2,1.83
Trichy,Rabi,Rice,Alluvial,8.21,124.0,40.7,2.87
Erode,Kharif,Maize,Clay,3.97,195.4,33.0,1.86
Erode,Kharif,Coconut,Clay,1.38,249.9,40.1,2.68
Salem,Summer,Coconut,Loamy,5.83,12.4,22.0,2.89
Kancheepuram,Rabi,Ragi,Alluvial,3.1,143.3,39.0,1.16
Dindigul,Kharif,Sesame,Alluvial,7.45,112.3,31.8,0.8
Namakkal,Summer,Groundnut,Red,7.44,90.2,28.8,2.16
Villupuram,Rabi,Ragi,Loamy,8.15,145.6,25.1,1.69
Cuddalore,Kharif,Maize,Loamy,1.76,178.8,39.1,2.05
Thoothukudi,Summer,Maize,Black,11.79,75.0,41.0,2.02
Dindigul,Rabi,Sunflower,Clay,5.85,40.7,36.6,0.57
Tiruppur,Kharif,Ragi,Red,3.89,101.5,20.3,2.79
Villupuram,Summer,Banana,Black,2.93,43.3,33.8,2.84
Coimbatore,Rabi,Banana,Red,1.27,65.3,29.4,3.45
Salem,Summer,Chilli,Clay,3.54,84.9,32.1,2.46
Salem,Kharif,Rice,Red,10.39,78.4,23.7,3.5
Cuddalore,Kharif,Green Gram,Red,3.69,213.1,21.2,0.84
Erode,Rabi,Chilli,Alluvial,1.16,92.8,33.3,2.95
Thoothukudi,Kharif,Green Gram,Clay,9.23,298.8,35.0,0.47
Salem,Kharif,Cotton,Loamy,6.41,100.0,21.0,1.44
Tiruppur,Kharif,Banana,Black,8.81,133.4,26.0,5.17
Thoothukudi,Kharif,Groundnut,Clay,11.6,266.3,31.7,1.24
Trichy,Rabi,Ragi,Loamy,9.43,61.7,36.0,1.46
Villupuram,Kharif,Ragi,Alluvial,11.77,132.4,24.5,1.96
Cuddalore,Rabi,Green Gram,Clay,2.04,56.6,37.0,1.12
Erode,Rabi,Green Gram,Red,7.25,64.7,35.7,1.05
Salem,Kharif,Chilli,Alluvial,10.91,193.0,40.3,1.05
Dindigul,Rabi,Black Gram,Red,6.07,80.3,19.4,1.18
Villupuram,Rabi,Ragi,Black,7.26,100.6,39.3,1.62
Salem,Summer,Millets,Alluvial,10.89,44.9,35.8,1.42
Dindigul,Rabi,Coconut,Red,3.57,102.4,23.5,3.72
Cuddalore,Summer,Black Gram,Black,6.4,108.9,39.4,0.86
Thanjavur,Rabi,Ragi,Red,1.94,111.7,24.3,2.71
Thoothukudi,Summer,Groundnut,Red,10.16,94.6,36.8,1.06
Erode,Rabi,Chilli,Alluvial,3.02,76.6,32.0,3.06
Madurai,Summer,Sugarcane,Clay,10.03,18.2,19.5,3.9
Tirunelveli,Rabi,Maize,Black,11.43,106.6,29.4,3.76
Namakkal,Summer,Turmeric,Loamy,10.7,15.4,30.7,2.77
Cuddalore,Summer,Sunflower,Clay,10.66,45.3,36.4,0.7
Thanjavur,Rabi,Green Gram,Alluvial,11.41,117.1,22.8,0.91
Tiruppur,Kharif,Millets,Alluvial,4.84,161.8,18.3,0.54
Cuddalore,Rabi,Soybean,Black,6.75,20.0,29.8,1.79
Villupuram,Kharif,Soybean,Loamy,5.79,84.3,37.1,0.96
Namakkal,Kharif,Maize,Black,8.49,223.9,25.2,2.19
Dindigul,Rabi,Chilli,Alluvial,2.34,130.0,40.6,0.82
Kancheepuram,Kharif,Ragi,Red,9.68,116.2,29.1,1.74
Namakkal,Kharif,Cotton,Clay,9.33,111.9,25.9,1.67
Erode,Summer,Black Gram,Red,6.12,105.5,23.1,0.86
Dindigul,Rabi,Soybean,Loamy,2.48,41.9,37.9,0.75
Thanjavur,Summer,Sesame,Alluvial,1.99,26.5,21.3,0.37
Thanjavur,Summer,Black Gram,Red,10.84,76.7,21.2,0.59
Namakkal,Kharif,Groundnut,Clay,1.54,243.2,39.9,0.88
Dindigul,Summer,Sesame,Red,0.79,96.1,38.9,0.37
Cuddalore,Summer,Groundnut,Red,8.03,61.9,26.7,1.85
Tiruppur,Rabi,Turmeric,Alluvial,5.61,26.1,27.6,3.91
Tiruppur,Rabi,Cotton,Black,2.99,24.8,34.2,1.49
Vellore,Summer,Chilli,Alluvial,1.4,45.2,22.6,2.17
Thoothukudi,Kharif,Coconut,Loamy,10.17,215.2,38.8,2.75
Coimbatore,Kharif,Soybean,Red,8.61,242.1,41.9,1.2
Thoothukudi,Rabi,Rice,Alluvial,11.48,132.6,25.0,3.8
Tirunelveli,Kharif,Sugarcane,Clay,2.74,81.3,31.7,4.9
Erode,Summer,Sunflower,Clay,9.86,88.8,23.8,1.49
Thoothukudi,Rabi,Coconut,Loamy,6.4,149.8,31.7,2.96
Tiruppur,Summer,Black Gram,Red,3.87,20.4,29.4,0.98
Madurai,Rabi,Millets,Red,11.12,102.0,37.0,1.02
Coimbatore,Summer,Cotton,Red,2.02,87.0,24.4,2.16
Cuddalore,Summer,Millets,Red,3.44,46.2,41.1,0.84
Thanjavur,Rabi,Turmeric,Red,5.66,50.8,21.0,4.76
Namakkal,Summer,Cotton,Black,8.59,33.5,18.1,1.08
Tiruppur,Kharif,Sugarcane,Alluvial,5.3,187.9,34.5,5.92
Salem,Rabi,Cotton,Loamy,9.65,145.8,31.5,0.8
Vellore,Kharif,Banana,Black,1.89,102.1,31.7,4.36
Thoothukudi,Summer,Soybean,Black,4.52,74.6,20.8,2.11
Salem,Rabi,Groundnut,Loamy,2.92,72.1,37.6,1.58
Thanjavur,Summer,Groundnut,Alluvial,4.55,44.3,40.0,0.97
Madurai,Kharif,Ragi,Loamy,4.49,290.7,29.9,0.59
Erode,Summer,Coconut,Loamy,1.94,60.3,31.8,2.75
Thoothukudi,Rabi,Groundnut,Clay,3.53,141.0,41.8,1.1
Salem,Kharif,Rice,Black,6.29,135.2,37.6,2.24
Dindigul,Kharif,Banana,Clay,9.82,153.3,30.2,4.46
Erode,Summer,Black Gram,Alluvial,7.33,77.2,34.6,0.99
Dindigul,Kharif,Chilli,Red,10.29,104.1,21.9,2.45
Thoothukudi,Rabi,Soybean,Black,5.14,93.8,41.6,0.49
Vellore,Rabi,Turmeric,Loamy,0.78,24.1,19.7,3.52
Tirunelveli,Kharif,Cotton,Loamy,10.55,139.4,35.7,1.71
Coimbatore,Summer,Black Gram,Clay,0.53,80.2,29.3,1.06
Thanjavur,Kharif,Sugarcane,Clay,11.65,260.0,18.2,3.96
Salem,Rabi,Sugarcane,Black,2.71,58.7,25.7,6.33
Madurai,Summer,Banana,Black,4.21,11.7,19.3,3.3
Thanjavur,Rabi,Millets,Black,8.57,116.8,18.1,1.5
Villupuram,Summer,Banana,Alluvial,4.46,50.5,32.2,3.78
Tirunelveli,Rabi,Black Gram,Black,0.87,152.7,34.8,1.29
Trichy,Rabi,Cotton,Alluvial,9.37,131.7,40.4,0.96
Villupuram,Summer,Ragi,Black,10.77,65.8,31.4,2.12
Coimbatore,Kharif,Soybean,Red,0.96,136.4,18.5,2.1
Erode,Rabi,Ragi,Clay,5.57,122.8,20.9,2.33
Trichy,Kharif,Sunflower,Red,6.59,155.8,27.7,1.27
Namakkal,Kharif,Rice,Loamy,6.93,233.7,26.5,5.28
Tirunelveli,Rabi,Soybean,Black,2.61,71.9,21.4,1.6
Trichy,Rabi,Ragi,Black,5.02,115.0,19.0,2.2
Dindigul,Rabi,Chilli,Black,0.76,76.6,34.8,2.3
Erode,Rabi,Ragi,Red,9.9,115.6,19.8,1.95
Thoothukudi,Summer,Turmeric,Loamy,11.87,70.9,39.1,1.78
Cuddalore,Kharif,Black Gram,Clay,7.64,100.9,24.9,1.17
Tirunelveli,Rabi,Cotton,Alluvial,5.42,78.9,27.8,2.03
Trichy,Summer,Sunflower,Loamy,2.92,73.9,26.5,0.92
Vellore,Summer,Turmeric,Black,0.55,86.2,37.2,2.55
Thanjavur,Rabi,Coconut,Black,4.93,150.6,24.9,3.62
Salem,Kharif,Banana,Alluvial,2.03,242.4,18.3,3.98
Tiruppur,Rabi,Sunflower,Black,5.54,42.1,21.4,1.46
Coimbatore,Rabi,Groundnut,Loamy,5.94,126.5,28.5,1.96
Namakkal,Rabi,Sugarcane,Red,7.75,70.3,20.0,4.0
Namakkal,Rabi,Sunflower,Clay,10.77,130.2,31.0,0.99
Coimbatore,Kharif,Maize,Red,11.96,262.7,26.5,2.73
Coimbatore,Kharif,Green Gram,Alluvial,2.24,315.0,30.2,0.73
Coimbatore,Summer,Green Gram,Red,7.11,82.8,38.5,1.19
Madurai,Kharif,Sunflower,Red,7.56,185.7,24.9,1.22
Coimbatore,Kharif,Maize,Alluvial,7.22,162.9,23.8,3.63
Madurai,Summer,Groundnut,Loamy,4.12,10.7,32.6,1.62
Namakkal,Kharif,Maize,Loamy,2.45,69.4,23.7,3.65
Madurai,Summer,Coconut,Black,8.12,67.0,24.9,3.11
Vellore,Rabi,Groundnut,Clay,3.44,35.7,29.0,2.01
Vellore,Kharif,Sesame,Alluvial,11.8,316.5,28.5,0.4
Cuddalore,Kharif,Coconut,Black,11.64,90.8,24.6,3.44
Tiruppur,Kharif,Black Gram,Loamy,6.14,68.1,21.6,1.02
Cuddalore,Kharif,Millets,Red,8.82,187.2,25.1,1.44
Villupuram,Summer,Sugarcane,Clay,3.58,73.8,37.4,4.54
Tiruppur,Summer,Sunflower,Black,4.47,48.6,18.4,1.35
Salem,Summer,Sunflower,Clay,10.35,13.7,36.3,0.79
Thanjavur,Kharif,Black Gram,Loamy,11.14,73.3,29.3,1.3
Salem,Kharif,Sugarcane,Clay,11.3,155.5,18.3,4.47
Salem,Summer,Turmeric,Alluvial,8.03,104.5,33.1,2.85
Thoothukudi,Kharif,Rice,Black,4.75,101.0,38.0,2.49
Trichy,Summer,Turmeric,Black,9.25,35.7,20.4,2.85
Thanjavur,Rabi,Black Gram,Alluvial,7.39,26.5,26.7,1.11
Trichy,Rabi,Rice,Loamy,3.57,20.4,35.4,3.19
Thoothukudi,Rabi,Turmeric,Red,3.36,79.8,39.7,2.36
Namakkal,Kharif,Cotton,Clay,11.15,251.3,23.8,0.96
Tiruppur,Summer,Cotton,Black,3.42,70.2,40.8,1.13
Namakkal,Kharif,Turmeric,Clay,9.84,171.1,34.6,3.24
Tiruppur,Kharif,Soybean,Clay,1.7,229.1,18.9,1.15
Tirunelveli,Rabi,Millets,Clay,5.18,137.5,28.4,1.43
Thanjavur,Kharif,Ragi,Clay,6.72,165.2,36.2,0.81
Tirunelveli,Summer,Chilli,Clay,9.92,87.6,32.4,3.01
Namakkal,Summer,Banana,Black,6.0,102.5,33.2,4.29
Dindigul,Summer,Rice,Alluvial,4.91,84.0,37.0,3.51
Dindigul,Summer,Millets,Clay,7.35,56.1,19.9,1.01
Namakkal,Summer,Ragi,Red,4.96,64.2,35.6,1.03
Coimbatore,Rabi,Cotton,Red,8.52,110.3,24.3,1.66
Cuddalore,Summer,Banana,Black,11.91,10.2,22.3,4.17
Dindigul,Rabi,Sesame,Alluvial,9.77,132.3,29.9,0.79
Dindigul,Rabi,Black Gram,Alluvial,9.68,129.1,34.3,1.09
Thanjavur,Summer,Black Gram,Loamy,10.7,61.5,30.8,0.91
Thoothukudi,Kharif,Maize,Loamy,6.69,315.8,18.9,1.4
Madurai,Rabi,Sugarcane,Loamy,7.67,126.4,33.9,5.56
Cuddalore,Rabi,Banana,Alluvial,6.4,154.4,30.7,4.94
Coimbatore,Rabi,Groundnut,Clay,5.1,140.0,26.5,2.1
Vellore,Kharif,Sunflower,Loamy,6.76,191.0,23.0,0.79
Villupuram,Kharif,Sesame,Clay,5.6,64.1,25.5,0.77
Dindigul,Kharif,Sugarcane,Red,9.28,212.7,38.5,5.62
Tiruppur,Summer,Chilli,Loamy,4.72,95.7,31.8,3.42
Tiruppur,Rabi,Groundnut,Clay,6.9,159.8,22.6,1.71
Tiruppur,Rabi,Sunflower,Red,0.84,119.4,26.6,1.53
Tiruppur,Rabi,Sesame,Red,1.98,41.4,22.9,0.92
Vellore,Summer,Sesame,Red,7.31,99.0,35.2,0.48
Thanjavur,Kharif,Groundnut,Clay,11.5,231.8,26.3,1.57
Tiruppur,Rabi,Groundnut,Red,2.84,39.2,41.4,1.36
Thoothukudi,Kharif,Sesame,Loamy,3.52,65.6,26.5,0.83
Madurai,Summer,Black Gram,Black,4.1,45.1,21.6,0.84
Thanjavur,Kharif,Rice,Black,10.39,248.3,41.5,2.58
Erode,Summer,Turmeric,Red,1.69,11.0,24.8,5.04
Thanjavur,Summer,Ragi,Alluvial,6.69,97.0,31.0,1.46
Thoothukudi,Rabi,Coconut,Alluvial,9.17,159.4,31.4,3.5
Tiruppur,Summer,Millets,Loamy,9.43,25.9,39.3,0.91
Vellore,Rabi,Sugarcane,Black,2.09,80.0,40.0,3.6
Thanjavur,Kharif,Turmeric,Loamy,10.15,114.9,38.5,2.37
Tirunelveli,Rabi,Rice,Red,6.97,51.0,21.5,3.6
Trichy,Summer,Coconut,Loamy,3.59,71.9,19.0,2.36
Thanjavur,Kharif,Ragi,Black,10.59,119.7,23.3,2.14
Madurai,Rabi,Sunflower,Alluvial,0.93,61.5,34.1,1.12
Namakkal,Kharif,Black Gram,Red,1.11,175.7,29.2,1.11
Madurai,Summer,Millets,Loamy,9.94,44.9,28.7,1.25
Erode,Rabi,Rice,Loamy,10.54,66.7,32.0,4.02
Villupuram,Summer,Turmeric,Alluvial,10.86,28.6,36.9,2.18
Trichy,Kharif,Soybean,Black,11.72,257.5,21.1,1.76
Erode,Rabi,Groundnut,Alluvial,5.69,85.4,21.7,2.34
Madurai,Kharif,Cotton,Alluvial,11.94,107.3,27.2,2.03
Dindigul,Rabi,Chilli,Black,1.41,48.0,38.5,2.43
Vellore,Summer,Sunflower,Black,9.82,89.4,18.5,1.59
Tiruppur,Summer,Cotton,Red,1.24,59.2,40.9,1.14
Vellore,Summer,Rice,Red,7.39,58.9,20.7,2.49
Tiruppur,Summer,Green Gram,Clay,9.48,66.3,29.0,1.2
Coimbatore,Summer,Sugarcane,Black,11.43,73.8,35.0,5.13
Dindigul,Rabi,Banana,Loamy,6.86,48.6,29.1,4.27
Kancheepuram,Kharif,Turmeric,Clay,10.38,285.7,34.1,2.19
Thoothukudi,Kharif,Coconut,Alluvial,11.62,230.2,34.5,4.01
Vellore,Rabi,Ragi,Clay,4.02,96.3,36.3,1.1
Salem,Summer,Sesame,Black,6.81,66.5,20.8,0.79
Vellore,Rabi,Banana,Red,6.23,123.4,27.8,3.94
Erode,Summer,Groundnut,Alluvial,5.54,38.4,29.3,2.02
Coimbatore,Rabi,Green Gram,Red,11.6,93.9,36.3,1.2
Tiruppur,Rabi,Soybean,Black,4.79,127.1,19.1,1.62
Trichy,Summer,Chilli,Black,7.99,87.0,38.0,1.92
Tiruppur,Rabi,Sugarcane,Loamy,11.3,155.4,32.4,6.01
Dindigul,Summer,Maize,Black,6.04,76.4,33.4,2.64
Kancheepuram,Kharif,Chilli,Red,1.04,212.4,23.3,1.8
Thanjavur,Rabi,Ragi,Black,1.91,116.8,27.8,2.32
Villupuram,Rabi,Sugarcane,Black,6.87,60.7,38.5,4.03
Namakkal,Summer,Cotton,Red,10.71,57.9,21.1,1.36
Villupuram,Rabi,Rice,Black,9.23,85.7,32.8,3.55
Tiruppur,Kharif,Chilli,Red,4.09,211.4,25.8,3.25
Salem,Rabi,Sesame,Clay,7.65,114.8,21.1,0.85
Dindigul,Kharif,Green Gram,Red,1.53,246.3,18.9,0.59
Kancheepuram,Rabi,Sunflower,Red,7.74,137.2,27.4,0.78
Tiruppur,Rabi,Millets,Black,11.31,118.4,31.4,1.63
Thoothukudi,Summer,Soybean,Alluvial,1.56,99.1,18.0,0.85
Coimbatore,Kharif,Soybean,Red,2.47,197.4,25.4,1.85
Villupuram,Kharif,Turmeric,Loamy,4.08,65.6,18.7,3.42
Tirunelveli,Kharif,Sugarcane,Clay,8.78,224.3,41.4,3.43
Dindigul,Summer,Banana,Loamy,6.48,37.9,32.3,4.01
Dindigul,Summer,Millets,Clay,2.91,103.2,18.4,0.4
Thoothukudi,Summer,Millets,Clay,2.46,88.2,38.1,0.81
Namakkal,Summer,Maize,Black,2.84,62.3,24.2,3.57
Tirunelveli,Summer,Green Gram,Black,10.93,20.6,41.6,0.42
Namakkal,Kharif,Ragi,Red,7.34,203.2,32.2,1.28
Salem,Rabi,Groundnut,Black,7.93,74.7,22.6,2.25
Tirunelveli,Kharif,Rice,Red,3.71,177.2,36.0,3.51
Erode,Rabi,Sunflower,Alluvial,6.41,65.7,33.7,1.2
Namakkal,Summer,Soybean,Red,1.66,90.3,26.4,1.97
Vellore,Summer,Coconut,Alluvial,6.06,47.9,38.7,2.88
Villupuram,Kharif,Chilli,Clay,0.98,222.1,30.8,1.95
Salem,Kharif,Chilli,Loamy,5.03,205.5,35.8,1.81
Kancheepuram,Kharif,Green Gram,Clay,10.14,212.8,19.6,0.4
Erode,Summer,Banana,Alluvial,5.28,100.6,22.9,3.84
Madurai,Rabi,Ragi,Alluvial,9.56,155.8,40.2,1.02
Kancheepuram,Kharif,Sesame,Black,7.43,217.0,19.0,0.47
Salem,Summer,Green Gram,Black,2.99,92.6,20.7,0.71
Dindigul,Kharif,Ragi,Alluvial,6.66,272.7,40.1,0.51
Salem,Rabi,Ragi,Black,5.11,28.0,36.8,1.76
Erode,Kharif,Ragi,Red,1.15,239.4,34.5,1.36
Erode,Rabi,Green Gram,Loamy,5.64,121.2,21.1,1.0
Tiruppur,Summer,Cotton,Black,4.82,97.6,28.5,2.01
Tirunelveli,Rabi,Sesame,Black,2.65,56.5,26.9,1.1
Thoothukudi,Rabi,Coconut,Loamy,1.51,67.8,36.3,2.07
Namakkal,Kharif,Cotton,Alluvial,5.7,238.4,38.9,0.64
Kancheepuram,Summer,Green Gram,Alluvial,3.37,91.0,25.9,1.1
Dindigul,Rabi,Groundnut,Black,11.0,113.6,38.0,1.3
Tiruppur,Summer,Millets,Loamy,11.56,51.3,41.8,0.8
Namakkal,Summer,Maize,Alluvial,4.16,37.2,19.8,2.71
Erode,Kharif,Sesame,Red,7.67,230.8,35.6,0.43
Madurai,Summer,Sugarcane,Black,10.06,89.5,31.4,5.62
Namakkal,Kharif,Turmeric,Black,2.15,173.7,32.4,3.44
Madurai,Summer,Turmeric,Clay,10.17,48.0,22.4,4.26
Thanjavur,Rabi,Cotton,Black,1.63,30.0,18.9,0.99
Erode,Summer,Ragi,Clay,0.82,83.0,31.4,1.53
Villupuram,Kharif,Ragi,Loamy,3.09,61.6,37.9,0.91
Salem,Kharif,Millets,Black,3.54,265.7,36.0,1.78
Madurai,Kharif,Coconut,Black,5.87,194.0,37.7,2.22
Thoothukudi,Kharif,Ragi,Clay,1.67,105.6,39.7,1.42
Tirunelveli,Rabi,Millets,Clay,1.31,39.4,41.7,1.15
Tiruppur,Rabi,Millets,Red,7.84,107.8,35.2,1.27
Tiruppur,Summer,Rice,Alluvial,9.15,88.4,23.6,4.2
Erode,Summer,Sugarcane,Black,9.58,73.8,32.7,5.58
Vellore,Kharif,Coconut,Alluvial,10.39,209.9,25.8,4.03
Trichy,Summer,Soybean,Alluvial,5.71,47.6,20.7,1.53
Erode,Rabi,Sunflower,Black,4.97,71.1,32.7,1.27
Erode,Rabi,Cotton,Red,1.07,73.6,40.3,1.25
Tirunelveli,Rabi,Sesame,Loamy,7.27,52.3,20.0,0.63
Villupuram,Summer,Sesame,Clay,6.31,36.1,18.8,0.33
Tiruppur,Kharif,Maize,Loamy,7.17,221.4,29.3,2.47
Erode,Rabi,Black Gram,Alluvial,4.95,61.3,32.0,1.42
Dindigul,Rabi,Millets,Clay,2.96,113.1,21.6,0.92
Thanjavur,Rabi,Maize,Loamy,11.24,158.1,24.9,3.05
Trichy,Summer,Turmeric,Loamy,4.96,61.1,29.6,4.09
Dindigul,Rabi,Banana,Alluvial,5.28,137.3,41.3,2.84
Cuddalore,Rabi,Sesame,Clay,3.23,35.4,26.8,0.74
Tiruppur,Summer,Sugarcane,Red,11.68,48.3,34.3,4.59
Erode,Kharif,Sesame,Red,9.58,83.3,40.6,0.8
Kancheepuram,Rabi,Millets,Red,1.92,29.7,38.7,1.3
Tiruppur,Rabi,Green Gram,Clay,3.56,157.7,36.9,0.73
Thoothukudi,Summer,Groundnut,Red,5.34,87.4,40.9,0.92
Tirunelveli,Kharif,Sugarcane,Red,4.25,85.5,35.7,4.7
Salem,Summer,Sugarcane,Black,11.94,38.3,34.3,4.66
Thoothukudi,Kharif,Cotton,Red,7.09,93.1,25.5,2.53
Thanjavur,Kharif,Millets,Black,9.71,273.3,36.1,1.22
Coimbatore,Kharif,Cotton,Black,11.74,318.5,31.6,1.28
Erode,Kharif,Rice,Red,7.58,212.6,23.8,4.19
Thanjavur,Summer,Rice,Black,11.12,88.8,33.0,3.62
Cuddalore,Rabi,Rice,Red,1.95,53.0,33.5,3.48
Vellore,Rabi,Cotton,Clay,1.89,49.9,26.6,1.84
Dindigul,Kharif,Rice,Loamy,6.12,293.7,28.7,3.28
Namakkal,Rabi,Black Gram,Alluvial,8.1,71.0,39.1,1.37
Tirunelveli,Rabi,Turmeric,Clay,9.52,102.9,25.3,4.29
Dindigul,Rabi,Sesame,Red,8.46,104.0,36.0,0.72
Thanjavur,Summer,Black Gram,Clay,9.05,90.3,27.4,0.72
Cuddalore,Summer,Turmeric,Black,3.43,17.0,26.9,3.77
Thanjavur,Rabi,Green Gram,Clay,7.68,143.0,30.0,1.04
Coimbatore,Summer,Black Gram,Loamy,3.81,88.9,26.0,0.94
Coimbatore,Summer,Sesame,Black,11.19,58.6,41.4,0.37
Thanjavur,Rabi,Banana,Red,4.97,68.3,27.1,4.2
Trichy,Summer,Cotton,Clay,11.37,37.6,22.6,1.17
Dindigul,Kharif,Millets,Alluvial,8.48,185.8,22.2,0.7
Vellore,Rabi,Sunflower,Loamy,4.35,29.4,41.5,0.82
Tirunelveli,Rabi,Sunflower,Clay,10.1,135.0,36.7,0.57
Cuddalore,Summer,Chilli,Black,3.93,75.8,27.0,2.41
Coimbatore,Rabi,Sesame,Clay,6.49,91.1,26.3,0.67
Vellore,Summer,Ragi,Black,7.31,89.4,40.2,0.95
Dindigul,Summer,Sesame,Red,4.14,87.2,37.6,0.45
Trichy,Rabi,Black Gram,Black,9.56,150.1,36.0,0.79
Tiruppur,Kharif,Chilli,Loamy,6.34,210.7,26.1,2.95
Erode,Summer,Chilli,Loamy,2.19,45.2,35.2,2.11
Villupuram,Kharif,Maize,Loamy,1.61,183.7,32.8,2.38
Thoothukudi,Summer,Groundnut,Clay,10.3,24.6,26.2,1.81
Salem,Kharif,Maize,Loamy,7.9,115.0,22.5,3.8
Kancheepuram,Summer,Coconut,Black,0.93,67.2,28.4,3.96
Erode,Kharif,Rice,Red,8.79,142.0,35.8,2.68
Thoothukudi,Kharif,Groundnut,Black,11.76,127.4,28.6,1.79
Tirunelveli,Summer,Black Gram,Loamy,3.73,101.4,38.7,0.78
Tiruppur,Rabi,Black Gram,Black,4.25,84.2,21.1,1.23
Erode,Kharif,Chilli,Red,1.1,196.2,26.1,3.16
Vellore,Summer,Maize,Black,7.06,104.8,31.4,3.04
Coimbatore,Summer,Groundnut,Clay,8.41,100.9,29.7,1.93
Erode,Kharif,Sunflower,Clay,11.47,182.5,22.7,1.1
Salem,Kharif,Ragi,Red,8.46,272.3,22.9,1.86
Thanjavur,Summer,Sugarcane,Black,3.8,14.8,41.9,3.88
Vellore,Summer,Sugarcane,Alluvial,7.94,39.6,39.5,3.48
Kancheepuram,Summer,Ragi,Red,7.93,65.1,20.3,2.5
Thanjavur,Kharif,Rice,Alluvial,2.27,245.0,33.2,3.22
Coimbatore,Kharif,Green Gram,Red,10.47,204.1,37.7,0.96
Namakkal,Summer,Sugarcane,Black,8.72,62.0,23.9,4.48
Erode,Summer,Sugarcane,Loamy,10.66,10.2,28.3,5.57
Vellore,Kharif,Turmeric,Clay,10.39,233.5,37.7,2.16
Tiruppur,Kharif,Sugarcane,Black,6.89,279.3,26.6,6.15
Thanjavur,Rabi,Coconut,Alluvial,7.44,68.6,40.2,2.43
Thanjavur,Rabi,Green Gram,Clay,9.06,65.6,33.0,0.94
Tiruppur,Summer,Ragi,Loamy,5.06,12.2,18.1,1.5
Dindigul,Rabi,Ragi,Alluvial,11.67,67.8,32.6,1.64
Vellore,Summer,Maize,Black,2.26,77.4,41.9,2.03
Thoothukudi,Rabi,Black Gram,Red,6.04,96.7,24.0,1.16
Namakkal,Kharif,Cotton,Clay,11.35,282.9,33.2,0.93
Tirunelveli,Summer,Sesame,Loamy,6.24,107.8,41.0,0.37
Dindigul,Rabi,Chilli,Black,7.43,36.4,27.6,3.28
Coimbatore,Kharif,Sunflower,Red,6.96,226.9,39.4,0.55
Dindigul,Summer,Green Gram,Black,0.98,60.7,23.4,0.72
Kancheepuram,Summer,Sunflower,Black,3.87,85.8,22.3,1.16
Vellore,Kharif,Groundnut,Clay,8.61,271.5,39.5,0.63
Tirunelveli,Summer,Green Gram,Clay,1.33,93.3,25.4,1.12
Coimbatore,Rabi,Black Gram,Clay,7.19,136.0,35.9,0.98
Thanjavur,Summer,Soybean,Alluvial,11.03,39.9,30.7,0.73
Dindigul,Summer,Banana,Clay,2.85,21.3,27.3,3.89
Dindigul,Kharif,Coconut,Red,6.42,127.6,26.9,4.36
Thanjavur,Kharif,Green Gram,Loamy,1.96,211.1,40.3,0.71
Vellore,Kharif,Sunflower,Red,7.34,298.2,30.6,0.9
Erode,Kharif,Rice,Clay,6.67,313.0,27.1,4.95
Kancheepuram,Kharif,Banana,Red,4.94,238.1,19.7,3.83
Kancheepuram,Rabi,Coconut,Alluvial,0.56,32.5,30.5,2.46
Erode,Rabi,Cotton,Loamy,4.07,98.9,34.3,1.27
Cuddalore,Rabi,Soybean,Clay,5.23,34.7,19.1,1.07
Thanjavur,Rabi,Sunflower,Black,4.87,97.1,24.8,1.79
Tiruppur,Summer,Sesame,Alluvial,10.34,57.5,19.9,0.35
Salem,Kharif,Green Gram,Red,11.53,273.9,22.0,0.61
Tirunelveli,Rabi,Green Gram,Alluvial,7.17,127.3,26.7,0.65
Thanjavur,Summer,Sunflower,Red,11.17,85.6,38.0,0.72
Kancheepuram,Summer,Coconut,Clay,0.53,67.1,28.6,3.48
Thoothukudi,Rabi,Millets,Alluvial,7.4,42.2,30.1,1.97
Thoothukudi,Summer,Groundnut,Alluvial,6.28,63.3,23.4,2.42
Thanjavur,Kharif,Sugarcane,Loamy,8.7,214.2,38.2,4.54
Namakkal,Summer,Black Gram,Red,8.06,98.1,28.2,1.07
Thoothukudi,Kharif,Cotton,Alluvial,11.28,86.7,23.4,1.84
Thoothukudi,Summer,Coconut,Red,6.51,101.0,35.3,3.23
Cuddalore,Summer,Turmeric,Clay,9.09,81.9,23.6,4.03
Erode,Summer,Ragi,Loamy,0.82,39.0,18.2,1.84
Dindigul,Rabi,Groundnut,Loamy,1.1,62.7,31.0,2.12
Salem,Kharif,Chilli,Clay,8.56,317.7,29.8,2.59
Coimbatore,Rabi,Green Gram,Loamy,5.81,135.3,38.4,0.84
Tirunelveli,Summer,Black Gram,Loamy,5.9,16.1,21.0,0.51
Thanjavur,Summer,Sesame,Clay,7.97,48.0,18.2,0.31
Erode,Summer,Banana,Red,8.53,59.1,39.7,2.69
Dindigul,Rabi,Sugarcane,Alluvial,2.91,55.2,32.8,5.47
Coimbatore,Summer,Turmeric,Black,8.14,68.5,29.6,2.65
Thoothukudi,Rabi,Sunflower,Clay,7.86,154.4,24.2,1.1
Thanjavur,Summer,Turmeric,Black,8.63,50.6,18.9,3.2
Tirunelveli,Kharif,Chilli,Alluvial,7.37,268.1,23.0,1.83
Dindigul,Summer,Sunflower,Alluvial,1.02,14.1,37.9,0.67
Vellore,Kharif,Chilli,Clay,7.79,308.0,24.5,1.19
Tiruppur,Kharif,Sugarcane,Black,0.84,251.8,37.9,6.5
Namakkal,Kharif,Soybean,Clay,3.67,109.5,39.7,0.96
Cuddalore,Rabi,Sunflower,Alluvial,1.57,128.1,26.2,1.05
Namakkal,Summer,Groundnut,Clay,2.54,107.9,24.4,2.3
Erode,Kharif,Millets,Alluvial,4.34,213.9,28.7,0.93
Dindigul,Rabi,Sunflower,Black,10.18,93.3,40.5,1.06
Villupuram,Rabi,Chilli,Clay,9.8,86.3,38.6,2.16
Erode,Rabi,Turmeric,Clay,6.83,140.0,40.4,2.79
Tiruppur,Summer,Sesame,Loamy,1.06,25.8,39.8,0.2
Vellore,Kharif,Rice,Red,11.84,182.7,24.9,4.35
Trichy,Summer,Cotton,Red,4.07,69.0,22.6,1.71
Villupuram,Rabi,Ragi,Clay,11.18,40.8,32.7,1.17
Trichy,Summer,Banana,Clay,5.59,83.9,27.2,5.01
Dindigul,Kharif,Sesame,Clay,8.52,277.2,31.9,0.78
Cuddalore,Rabi,Green Gram,Alluvial,1.87,24.2,28.3,0.81
Salem,Summer,Sunflower,Loamy,9.91,57.0,23.2,1.43
Salem,Kharif,Coconut,Red,7.0,107.2,30.8,4.17
Cuddalore,Rabi,Chilli,Red,2.88,70.6,23.7,2.59
Vellore,Kharif,Maize,Red,8.84,198.2,22.5,3.64
Erode,Summer,Green Gram,Loamy,3.01,49.6,29.1,1.19
Tirunelveli,Kharif,Cotton,Black,1.46,239.8,21.0,1.46
Salem,Rabi,Cotton,Red,4.53,131.1,29.1,1.56
Tiruppur,Rabi,Groundnut,Black,5.72,143.1,23.4,1.86
Salem,Kharif,Sesame,Black,0.66,303.3,30.6,0.75
Dindigul,Rabi,Millets,Red,7.82,46.0,20.3,1.68
Erode,Kharif,Millets,Red,1.58,161.1,33.0,1.12
Tirunelveli,Kharif,Chilli,Alluvial,3.58,203.6,31.9,1.1
Tiruppur,Summer,Banana,Red,5.98,48.7,20.9,4.79
Tirunelveli,Rabi,Sesame,Loamy,10.42,68.8,32.1,0.64
Coimbatore,Kharif,Rice,Alluvial,6.19,289.4,33.7,3.32
Thoothukudi,Summer,Turmeric,Red,7.85,86.6,23.4,3.79
Tiruppur,Kharif,Soybean,Clay,2.95,276.8,29.5,1.2
Tirunelveli,Summer,Groundnut,Loamy,7.11,63.2,27.5,2.28
Coimbatore,Rabi,Cotton,Alluvial,10.26,141.3,37.7,0.77
Vellore,Kharif,Turmeric,Black,2.76,156.4,34.3,3.43
Cuddalore,Summer,Millets,Clay,0.89,86.8,28.6,1.47
Villupuram,Rabi,Banana,Loamy,6.11,126.0,38.1,3.28
Tiruppur,Summer,Sesame,Loamy,5.23,23.6,32.3,0.3
Coimbatore,Summer,Sesame,Black,11.41,83.7,33.1,0.78
Thanjavur,Summer,Sesame,Black,4.79,70.7,19.6,0.67
Dindigul,Kharif,Black Gram,Alluvial,11.26,68.8,35.8,0.95
Salem,Rabi,Sesame,Alluvial,8.28,147.0,27.4,0.81
Thanjavur,Rabi,Green Gram,Loamy,2.19,27.5,40.9,0.86
Dindigul,Summer,Black Gram,Alluvial,6.02,44.2,28.2,1.21
Tirunelveli,Kharif,Green Gram,Alluvial,1.84,293.7,41.3,0.2
Vellore,Rabi,Rice,Loamy,8.34,45.2,22.2,3.28
Coimbatore,Kharif,Coconut,Red,2.63,105.7,18.1,2.64
Dindigul,Summer,Green Gram,Alluvial,11.96,68.8,18.6,0.61
Erode,Kharif,Coconut,Black,9.67,195.7,27.9,4.57
Cuddalore,Summer,Coconut,Loamy,7.16,108.8,30.7,3.71
Thanjavur,Rabi,Turmeric,Red,8.28,116.5,33.3,3.29
Coimbatore,Kharif,Sunflower,Black,10.78,64.6,38.7,1.05
Coimbatore,Rabi,Soybean,Black,9.82,49.4,37.5,1.47
Erode,Rabi,Millets,Black,0.7,129.7,20.9,1.04
Coimbatore,Kharif,Coconut,Clay,3.81,236.2,23.2,3.51
Dindigul,Kharif,Rice,Clay,7.36,160.0,32.3,3.77
Namakkal,Rabi,Ragi,Alluvial,8.1,44.9,34.2,1.59
Thanjavur,Rabi,Green Gram,Loamy,5.14,152.7,41.9,0.77
Coimbatore,Kharif,Chilli,Alluvial,6.94,175.8,24.4,2.7
Namakkal,Kharif,Ragi,Black,7.38,151.7,32.1,1.1
Kancheepuram,Summer,Green Gram,Alluvial,3.56,20.6,36.9,0.7
Tiruppur,Summer,Groundnut,Black,0.92,93.5,27.3,1.68
Kancheepuram,Rabi,Sugarcane,Red,4.34,34.4,38.3,3.45
Trichy,Summer,Turmeric,Red,8.82,73.7,23.3,4.55
Thoothukudi,Rabi,Sunflower,Loamy,4.05,159.3,23.5,1.11
Thanjavur,Summer,Coconut,Black,9.76,27.3,31.0,2.78
Kancheepuram,Rabi,Rice,Black,7.72,146.5,33.5,3.3
Cuddalore,Kharif,Green Gram,Clay,1.77,319.6,23.7,0.22
Salem,Rabi,Green Gram,Black,6.28,117.4,19.6,0.59
Coimbatore,Kharif,Cotton,Red,3.84,101.1,27.6,2.73
Villupuram,Kharif,Millets,Loamy,2.5,280.9,22.4,0.56
Kancheepuram,Summer,Cotton,Loamy,11.2,44.1,36.8,1.44
Salem,Summer,Groundnut,Alluvial,8.75,74.5,31.3,1.56
Villupuram,Rabi,Green Gram,Loamy,8.41,78.2,39.5,1.24
Kancheepuram,Rabi,Soybean,Red,5.47,51.4,29.9,1.36
Vellore,Kharif,Soybean,Loamy,3.75,186.0,18.6,1.45
Trichy,Summer,Black Gram,Loamy,7.45,23.0,31.3,0.81
Erode,Rabi,Millets,Alluvial,0.75,99.8,27.0,1.25
Thanjavur,Kharif,Soybean,Alluvial,8.38,119.9,29.8,1.93
Thoothukudi,Rabi,Sugarcane,Loamy,8.32,58.8,19.5,3.25
Thanjavur,Rabi,Sugarcane,Red,1.39,128.5,36.2,5.37
Dindigul,Summer,Sugarcane,Red,5.03,69.0,40.8,2.46
Vellore,Rabi,Turmeric,Black,8.2,113.5,21.8,4.59
Thoothukudi,Summer,Sugarcane,Black,10.63,82.9,24.6,4.05
Coimbatore,Kharif,Turmeric,Red,2.24,194.0,22.9,5.07
Tiruppur,Summer,Green Gram,Alluvial,3.6,104.6,30.7,1.2
Cuddalore,Kharif,Cotton,Clay,11.43,171.0,38.2,0.73
Villupuram,Summer,Groundnut,Loamy,3.69,90.7,38.9,1.35
Thanjavur,Rabi,Turmeric,Red,1.87,137.7,29.0,4.24
Vellore,Summer,Chilli,Clay,7.28,41.7,19.5,1.49
Tiruppur,Rabi,Green Gram,Clay,6.68,22.2,40.6,0.49
Vellore,Summer,Chilli,Red,11.78,98.4,23.5,3.12
Salem,Summer,Maize,Clay,10.04,101.1,34.9,2.53
Kancheepuram,Rabi,Chilli,Clay,7.86,153.5,31.8,2.31
Madurai,Rabi,Cotton,Clay,3.81,132.0,18.4,1.19
Villupuram,Rabi,Ragi,Red,4.72,153.8,28.8,1.62
Erode,Summer,Sunflower,Loamy,2.73,17.3,28.0,1.25
Cuddalore,Kharif,Sesame,Loamy,7.26,258.1,32.4,0.35
Kancheepuram,Kharif,Sunflower,Clay,10.75,94.9,25.5,1.46
Tirunelveli,Summer,Sugarcane,Red,5.16,31.2,33.7,4.84
Thanjavur,Summer,Sesame,Clay,9.8,46.1,36.9,0.15
Villupuram,Kharif,Banana,Alluvial,9.48,261.8,28.3,4.59
Tiruppur,Summer,Groundnut,Clay,5.35,73.8,38.8,1.0
Vellore,Kharif,Sugarcane,Alluvial,5.07,246.2,28.3,7.55
Thoothukudi,Summer,Groundnut,Loamy,1.03,90.2,39.0,1.08
Coimbatore,Rabi,Rice,Clay,1.84,52.9,30.9,3.3
Erode,Rabi,Soybean,Clay,4.26,118.6,42.0,0.38
Cuddalore,Summer,Maize,Black,11.7,20.0,33.8,1.79
Villupuram,Summer,Maize,Loamy,5.16,69.0,39.8,1.81
Erode,Summer,Groundnut,Alluvial,10.9,74.0,25.9,1.59
Thoothukudi,Summer,Soybean,Clay,11.11,66.4,35.7,1.06
Madurai,Rabi,Cotton,Loamy,9.93,104.0,26.0,2.08
Coimbatore,Rabi,Sesame,Red,3.77,151.0,25.4,0.98
Erode,Rabi,Chilli,Red,2.91,102.7,25.4,2.78
Thanjavur,Summer,Ragi,Alluvial,6.13,71.5,28.8,1.55
Kancheepuram,Rabi,Turmeric,Alluvial,2.58,51.1,20.0,3.18
Tirunelveli,Summer,Sesame,Clay,1.89,26.6,33.8,0.47
Tirunelveli,Rabi,Green Gram,Loamy,0.75,126.8,24.0,0.98
Cuddalore,Kharif,Groundnut,Black,8.16,96.7,23.0,2.25
Villupuram,Rabi,Cotton,Clay,8.18,93.0,23.8,1.51
Trichy,Summer,Black Gram,Clay,6.71,99.4,33.7,0.88
Vellore,Rabi,Ragi,Clay,7.84,87.3,38.0,2.01
Salem,Rabi,Groundnut,Red,11.53,152.8,25.1,2.4
Villupuram,Summer,Sugarcane,Alluvial,4.95,93.9,37.5,5.14
Dindigul,Kharif,Rice,Clay,7.21,267.2,35.4,3.64
Trichy,Kharif,Sunflower,Red,5.06,123.5,38.4,1.13
Thoothukudi,Summer,Banana,Clay,11.9,46.5,24.1,4.6
Salem,Summer,Maize,Alluvial,8.47,14.7,27.2,3.46
Vellore,Summer,Turmeric,Black,0.76,32.2,26.3,4.54
Namakkal,Summer,Maize,Black,5.83,74.6,20.2,2.78
Trichy,Summer,Black Gram,Loamy,9.28,35.8,33.6,0.96
Namakkal,Rabi,Ragi,Black,8.54,46.6,30.5,1.76
Kancheepuram,Summer,Green Gram,Red,1.79,62.1,25.4,1.17
Cuddalore,Summer,Soybean,Black,7.91,38.9,35.8,0.92
Madurai,Rabi,Ragi,Loamy,11.74,158.7,35.3,1.11
Namakkal,Kharif,Sugarcane,Red,5.11,171.5,24.2,5.49
Erode,Kharif,Sunflower,Alluvial,10.95,61.0,29.4,1.28
Tiruppur,Rabi,Maize,Black,4.1,28.1,28.8,2.73
Thoothukudi,Kharif,Sugarcane,Red,10.06,95.7,33.7,4.98
Namakkal,Kharif,Millets,Alluvial,1.68,194.3,33.1,0.95
Thanjavur,Rabi,Black Gram,Clay,6.55,159.4,23.2,0.7
Dindigul,Rabi,Black Gram,Clay,8.87,40.8,28.3,1.03
Villupuram,Rabi,Groundnut,Red,2.12,127.8,38.9,1.56
Kancheepuram,Rabi,Sunflower,Red,9.0,27.1,31.9,1.1
Thanjavur,Kharif,Sunflower,Black,7.52,124.2,39.2,0.93
Tirunelveli,Summer,Sugarcane,Black,4.1,11.1,18.2,3.8
Coimbatore,Kharif,Soybean,Red,7.05,233.1,38.5,1.26
Erode,Kharif,Coconut,Red,9.11,128.3,23.7,3.57
Salem,Kharif,Black Gram,Clay,1.18,188.2,35.8,0.99
Coimbatore,Rabi,Millets,Loamy,0.77,149.1,24.4,1.04
Erode,Kharif,Rice,Black,0.77,110.2,25.9,4.41
Cuddalore,Kharif,Green Gram,Alluvial,10.91,241.1,39.1,0.37
Namakkal,Summer,Groundnut,Black,2.19,39.2,27.2,1.65
Thoothukudi,Rabi,Black Gram,Red,10.13,64.8,29.9,1.66
Trichy,Rabi,Green Gram,Alluvial,5.13,20.5,41.2,0.61
Villupuram,Summer,Green Gram,Clay,9.67,83.1,36.8,0.84
Erode,Summer,Coconut,Black,8.91,102.5,38.6,1.96
Vellore,Rabi,Groundnut,Red,9.07,111.8,30.3,1.71
Kancheepuram,Rabi,Turmeric,Clay,5.85,80.7,41.4,2.5
Tiruppur,Kharif,Sunflower,Loamy,4.93,262.7,18.8,0.91
Madurai,Rabi,Banana,Alluvial,7.52,126.9,30.7,4.79
Salem,Rabi,Banana,Alluvial,10.98,56.4,21.8,4.71
Madurai,Rabi,Sesame,Black,9.06,158.3,33.3,0.7
Madurai,Rabi,Black Gram,Alluvial,4.0,125.8,36.6,0.99
Trichy,Summer,Sugarcane,Black,3.35,53.4,23.3,4.81
Kancheepuram,Summer,Soybean,Loamy,3.81,44.2,41.5,0.89
Kancheepuram,Rabi,Sesame,Black,8.39,54.0,20.2,0.84
Villupuram,Summer,Sesame,Loamy,4.42,80.7,22.8,0.46
Namakkal,Kharif,Sesame,Red,9.67,140.5,19.8,0.73
Namakkal,Summer,Ragi,Clay,2.86,85.8,21.4,2.48
Trichy,Summer,Groundnut,Red,4.38,73.7,25.2,2.2
Kancheepuram,Kharif,Groundnut,Black,9.39,113.6,22.4,2.02
Tirunelveli,Rabi,Black Gram,Loamy,4.51,45.7,29.3,1.38
Kancheepuram,Summer,Green Gram,Clay,1.61,22.2,38.4,0.78
Kancheepuram,Summer,Sunflower,Loamy,7.59,55.1,29.2,0.74
Namakkal,Kharif,Chilli,Clay,3.95,304.1,35.2,1.83
Coimbatore,Summer,Cotton,Alluvial,0.89,75.0,33.8,1.37
Thoothukudi,Summer,Green Gram,Clay,6.82,14.2,31.9,0.88
Dindigul,Rabi,Sunflower,Black,5.53,50.4,32.9,1.26
Thanjavur,Summer,Chilli,Clay,8.98,109.3,34.5,3.01
Trichy,Kharif,Rice,Red,6.59,131.4,41.5,2.95
Cuddalore,Rabi,Sesame,Red,5.33,41.0,22.6,1.0
Salem,Rabi,Cotton,Black,1.29,79.2,34.5,1.5
Thoothukudi,Summer,Sunflower,Loamy,3.34,76.3,37.0,0.97
Madurai,Summer,Ragi,Red,7.85,46.2,18.9,2.26
Tiruppur,Rabi,Ragi,Alluvial,5.26,107.1,38.0,1.56
Namakkal,Kharif,Maize,Red,8.25,158.7,20.4,2.89
Villupuram,Rabi,Turmeric,Loamy,1.74,94.8,25.6,4.32
Coimbatore,Summer,Turmeric,Loamy,7.46,27.6,20.6,3.86
Villupuram,Summer,Rice,Alluvial,5.55,56.9,25.3,4.15
Cuddalore,Summer,Sesame,Clay,9.15,49.9,26.9,0.6
Tiruppur,Summer,Sugarcane,Red,2.27,46.4,37.7,4.9
Tirunelveli,Summer,Ragi,Black,11.14,94.2,32.8,1.47
Cuddalore,Summer,Green Gram,Black,3.56,66.0,21.3,0.71
Thanjavur,Kharif,Soybean,Alluvial,6.65,271.7,31.6,0.95
Kancheepuram,Rabi,Ragi,Loamy,9.67,78.6,27.7,2.2
Salem,Rabi,Sugarcane,Black,0.87,99.6,24.7,5.37
Thanjavur,Rabi,Groundnut,Alluvial,10.66,95.2,35.2,1.41
Trichy,Kharif,Cotton,Loamy,7.46,80.1,34.6,1.36
Tiruppur,Summer,Ragi,Red,7.28,56.7,33.7,1.38
Cuddalore,Kharif,Millets,Loamy,7.03,253.5,37.9,0.56
Tirunelveli,Summer,Sunflower,Loamy,1.27,32.4,25.3,1.11
Cuddalore,Rabi,Rice,Clay,2.1,62.4,24.1,3.23
Namakkal,Kharif,Sunflower,Clay,1.53,107.4,32.1,1.22
Trichy,Summer,Maize,Red,10.89,58.5,32.3,2.99
Cuddalore,Summer,Ragi,Clay,4.03,78.0,24.1,2.35
Kancheepuram,Rabi,Sugarcane,Red,9.2,133.5,32.7,5.12
Madurai,Kharif,Turmeric,Clay,1.92,152.5,21.7,4.86
Tiruppur,Kharif,Soybean,Red,10.99,90.0,25.9,2.01
Trichy,Kharif,Cotton,Alluvial,1.24,67.7,23.6,1.62
Vellore,Kharif,Groundnut,Clay,7.48,280.9,20.3,1.11
Kancheepuram,Kharif,Maize,Black,7.94,236.2,24.5,2.05
Thoothukudi,Kharif,Soybean,Alluvial,5.5,152.9,26.4,1.7
Madurai,Summer,Ragi,Clay,11.8,96.6,31.8,1.25
Dindigul,Kharif,Black Gram,Black,7.26,225.2,38.1,0.83
Erode,Summer,Soybean,Red,7.24,49.0,40.7,1.37
Dindigul,Rabi,Sunflower,Alluvial,5.62,151.6,30.2,0.77
Kancheepuram,Kharif,Sugarcane,Alluvial,9.8,222.3,24.9,5.95
Salem,Kharif,Rice,Clay,11.39,228.4,21.7,3.58
Thanjavur,Rabi,Groundnut,Alluvial,7.84,95.4,22.4,2.3
Tiruppur,Kharif,Black Gram,Black,0.92,166.9,29.3,1.37
Thoothukudi,Summer,Turmeric,Red,8.25,32.7,31.4,2.97
Thanjavur,Kharif,Sugarcane,Loamy,1.99,230.7,39.6,4.65
Dindigul,Kharif,Banana,Loamy,11.41,189.6,40.3,3.59
Trichy,Summer,Sesame,Red,1.34,71.8,18.9,0.78
Villupuram,Summer,Chilli,Loamy,7.68,14.0,28.9,2.37
Tiruppur,Summer,Maize,Loamy,6.3,32.2,25.0,2.98
Villupuram,Rabi,Banana,Alluvial,4.13,104.9,40.2,3.42
Tirunelveli,Summer,Millets,Alluvial,11.94,61.8,23.2,1.17
Thanjavur,Kharif,Soybean,Clay,10.51,113.5,36.3,1.42
Tiruppur,Kharif,Coconut,Alluvial,1.93,85.3,25.6,3.48
Cuddalore,Summer,Sunflower,Alluvial,11.75,68.6,34.9,0.89
Salem,Summer,Sesame,Red,11.09,56.8,40.4,0.39
Villupuram,Summer,Sunflower,Black,10.48,94.6,27.9,1.54
Villupuram,Rabi,Sunflower,Red,5.99,51.9,35.1,1.0
Dindigul,Summer,Sesame,Red,4.93,36.8,29.6,0.82
Thoothukudi,Kharif,Soybean,Black,9.31,317.8,35.0,0.91
Tiruppur,Kharif,Cotton,Black,9.35,125.0,29.3,2.11
Villupuram,Summer,Soybean,Red,11.93,13.3,25.3,1.43
Cuddalore,Rabi,Soybean,Loamy,6.54,55.7,29.8,1.53
Vellore,Kharif,Millets,Red,0.75,87.2,37.4,1.32
Salem,Kharif,Ragi,Black,4.79,317.9,38.2,1.03
Tiruppur,Kharif,Sunflower,Black,10.48,67.8,36.9,1.02
Villupuram,Summer,Soybean,Alluvial,8.27,80.3,23.9,1.71
Tiruppur,Rabi,Maize,Black,1.85,38.4,22.9,2.58
Thanjavur,Rabi,Cotton,Clay,1.44,142.3,28.8,1.42
Namakkal,Summer,Sunflower,Clay,9.39,81.5,34.5,0.47
Cuddalore,Kharif,Maize,Loamy,10.4,309.7,27.0,1.79
Thanjavur,Rabi,Soybean,Red,9.4,50.1,31.7,1.53
Villupuram,Summer,Black Gram,Loamy,5.06,75.2,31.1,1.13
Thanjavur,Kharif,Sunflower,Black,10.44,126.6,36.2,0.82
Vellore,Summer,Soybean,Loamy,3.0,56.4,41.3,1.04
Dindigul,Kharif,Green Gram,Alluvial,0.75,256.6,25.4,0.38
Trichy,Kharif,Green Gram,Loamy,11.15,276.6,24.2,0.84
Tirunelveli,Rabi,Ragi,Clay,3.63,59.6,33.4,1.56
Coimbatore,Rabi,Sugarcane,Alluvial,7.71,69.6,19.1,3.89
Madurai,Kharif,Rice,Black,10.06,260.5,37.4,2.9
Salem,Summer,Ragi,Clay,10.92,72.0,29.1,2.15
Tiruppur,Summer,Millets,Clay,5.56,13.3,18.1,0.79
Thanjavur,Summer,Sunflower,Clay,2.52,106.2,28.6,0.92
Tirunelveli,Kharif,Sunflower,Loamy,5.31,281.1,27.8,0.75
Madurai,Kharif,Ragi,Clay,3.96,73.1,31.7,1.63
Villupuram,Rabi,Sesame,Alluvial,5.3,45.6,18.9,0.47
Dindigul,Kharif,Groundnut,Loamy,1.59,311.3,23.7,1.33
Tirunelveli,Rabi,Sesame,Black,4.38,63.4,40.2,0.81
Villupuram,Summer,Ragi,Red,4.29,40.5,37.6,0.96
Thanjavur,Rabi,Rice,Clay,7.76,131.5,32.2,3.93
Thoothukudi,Summer,Cotton,Red,1.76,67.3,37.1,0.71
Namakkal,Rabi,Soybean,Clay,9.6,22.6,30.9,1.04
Dindigul,Summer,Black Gram,Red,8.64,85.6,24.2,1.26
Thoothukudi,Kharif,Maize,Red,8.82,266.2,22.1,2.05
Thoothukudi,Summer,Black Gram,Loamy,7.96,55.5,41.8,0.48
Thanjavur,Summer,Sunflower,Black,6.82,46.5,20.4,1.38
Thoothukudi,Rabi,Maize,Red,3.13,121.8,21.1,3.71
Villupuram,Kharif,Ragi,Black,2.81,195.3,21.7,1.93
Salem,Rabi,Cotton,Black,5.13,103.2,30.7,2.16
Kancheepuram,Rabi,Green Gram,Clay,8.16,74.2,22.4,0.78
Trichy,Summer,Ragi,Red,3.33,95.0,39.9,1.58
Salem,Summer,Banana,Alluvial,2.61,74.7,29.9,4.98
Vellore,Kharif,Banana,Black,6.21,301.0,21.4,3.3
Namakkal,Summer,Cotton,Alluvial,5.91,82.3,28.7,1.69
Dindigul,Kharif,Coconut,Red,10.07,102.7,36.1,2.33
Salem,Kharif,Groundnut,Loamy,6.28,282.7,20.6,1.44
Erode,Kharif,Turmeric,Black,9.39,229.1,36.5,2.94
Tirunelveli,Summer,Ragi,Clay,7.16,63.3,23.9,2.25
Trichy,Summer,Maize,Clay,9.7,74.9,37.1,2.13
Erode,Kharif,Maize,Alluvial,6.99,99.3,34.7,3.18
Namakkal,Summer,Coconut,Alluvial,7.1,41.5,34.0,2.91
Tirunelveli,Summer,Groundnut,Alluvial,8.71,40.7,35.2,1.29
Dindigul,Summer,Soybean,Loamy,10.88,28.0,34.4,0.68
Madurai,Kharif,Sesame,Loamy,11.0,215.4,34.8,0.65
Salem,Kharif,Cotton,Alluvial,9.31,245.0,26.5,1.29
Vellore,Kharif,Black Gram,Loamy,10.57,104.5,29.2,1.33
Kancheepuram,Summer,Rice,Red,4.06,47.7,37.0,2.72
Cuddalore,Summer,Banana,Loamy,0.8,25.0,26.5,4.64
Thoothukudi,Kharif,Banana,Black,1.26,260.3,36.2,2.91
Kancheepuram,Summer,Coconut,Clay,2.33,70.7,36.8,3.09
Dindigul,Rabi,Ragi,Alluvial,6.64,56.2,27.7,1.72
Vellore,Kharif,Turmeric,Alluvial,0.65,132.2,25.8,4.76
Kancheepuram,Rabi,Groundnut,Clay,1.63,143.4,19.2,1.76
Thoothukudi,Summer,Sesame,Black,4.2,81.8,18.2,0.75
Vellore,Kharif,Rice,Clay,3.82,108.6,38.2,2.7
Villupuram,Rabi,Groundnut,Clay,1.06,59.4,20.9,2.09
Thoothukudi,Kharif,Turmeric,Red,0.8,257.3,37.2,2.94
Namakkal,Summer,Banana,Loamy,8.3,16.6,24.3,4.6
Vellore,Rabi,Rice,Loamy,10.68,70.6,22.6,3.63
Thanjavur,Summer,Ragi,Alluvial,3.51,63.7,27.3,1.31
Madurai,Kharif,Sesame,Loamy,11.05,225.4,33.5,0.55
Villupuram,Summer,Chilli,Black,1.65,42.9,33.2,1.81
Vellore,Rabi,Groundnut,Red,11.52,38.8,38.6,1.67
Tiruppur,Summer,Cotton,Loamy,10.85,56.5,20.1,1.15
Dindigul,Kharif,Groundnut,Loamy,6.04,185.8,27.1,1.58
Coimbatore,Kharif,Sugarcane,Loamy,8.38,267.9,39.3,5.07
Salem,Summer,Green Gram,Clay,9.74,35.6,35.7,0.86
Thoothukudi,Rabi,Sugarcane,Loamy,8.94,78.9,41.1,4.15
Vellore,Rabi,Cotton,Red,3.08,151.7,40.1,1.12
Tirunelveli,Kharif,Ragi,Red,10.63,131.8,30.0,1.65
Coimbatore,Rabi,Black Gram,Clay,1.39,117.6,25.2,1.22
Madurai,Kharif,Sesame,Loamy,7.6,163.0,29.4,0.71
Trichy,Rabi,Ragi,Clay,11.36,25.5,21.8,2.61
Vellore,Rabi,Sunflower,Black,3.47,153.7,32.0,0.48
Tiruppur,Kharif,Coconut,Clay,6.46,270.0,38.6,2.41
Villupuram,Summer,Maize,Alluvial,7.15,67.0,27.0,3.27
Cuddalore,Kharif,Soybean,Alluvial,9.66,315.1,29.9,1.28
Tiruppur,Summer,Cotton,Clay,1.65,62.7,35.4,1.38
Coimbatore,Kharif,Banana,Red,7.26,90.6,20.6,3.78
Thoothukudi,Kharif,Sugarcane,Clay,11.11,131.9,28.2,5.95
Thanjavur,Rabi,Black Gram,Black,9.9,64.7,34.5,1.34
Namakkal,Summer,Sesame,Black,2.0,46.1,20.2,0.81
Thoothukudi,Kharif,Sunflower,Black,4.93,270.4,34.7,0.65
Kancheepuram,Summer,Green Gram,Loamy,4.08,83.5,27.9,1.15
Villupuram,Summer,Banana,Black,10.7,91.8,26.7,5.33
Thoothukudi,Rabi,Sesame,Clay,3.45,24.7,31.3,0.65
Coimbatore,Rabi,Groundnut,Clay,7.42,89.0,22.2,2.66
Cuddalore,Summer,Cotton,Alluvial,10.79,54.8,35.2,1.32
Tiruppur,Rabi,Maize,Alluvial,1.55,96.2,22.4,3.88
Namakkal,Summer,Turmeric,Loamy,5.16,82.4,33.3,2.88
Namakkal,Summer,Rice,Red,7.36,36.6,33.7,2.63
Trichy,Summer,Black Gram,Black,11.4,52.4,40.3,0.78
Namakkal,Summer,Green Gram,Loamy,10.48,57.6,28.2,1.35
Cuddalore,Summer,Ragi,Red,4.56,27.4,31.0,1.38
Madurai,Rabi,Sunflower,Black,7.3,151.8,21.1,1.62
Villupuram,Kharif,Sesame,Alluvial,2.94,84.6,41.2,0.33
Kancheepuram,Summer,Coconut,Loamy,6.3,109.3,32.0,4.11
Salem,Rabi,Rice,Black,3.64,88.0,27.3,4.18
Cuddalore,Summer,Millets,Loamy,3.99,98.6,37.0,0.91
Tiruppur,Rabi,Cotton,Black,8.53,33.4,34.8,1.17
Villupuram,Rabi,Ragi,Loamy,8.63,74.8,25.9,2.53
Cuddalore,Kharif,Ragi,Clay,2.48,221.8,25.1,1.49
Tirunelveli,Kharif,Green Gram,Red,10.92,275.5,37.7,0.68
Villupuram,Rabi,Turmeric,Clay,4.27,56.2,21.0,3.43
Cuddalore,Rabi,Cotton,Clay,4.42,32.0,38.3,0.98
Cuddalore,Summer,Sunflower,Red,10.47,86.4,38.5,0.99
Thanjavur,Summer,Turmeric,Alluvial,5.98,15.5,33.9,2.7
Salem,Summer,Chilli,Red,5.37,90.9,25.6,2.8
Namakkal,Summer,Ragi,Red,1.16,97.5,28.1,1.94
Dindigul,Rabi,Groundnut,Loamy,4.61,87.3,20.3,2.37
Kancheepuram,Summer,Maize,Black,7.94,59.9,39.2,2.07
Vellore,Summer,Sunflower,Red,0.77,13.0,35.8,0.58
Thanjavur,Rabi,Soybean,Alluvial,2.53,112.1,19.4,0.9
Salem,Summer,Sesame,Alluvial,0.92,25.6,22.5,0.51
Vellore,Rabi,Coconut,Clay,4.99,47.4,36.5,2.02
Thoothukudi,Kharif,Millets,Red,9.69,285.7,31.3,1.24
Villupuram,Kharif,Black Gram,Clay,8.25,108.4,36.0,1.19
Kancheepuram,Rabi,Black Gram,Red,11.22,151.0,29.7,1.69
Trichy,Rabi,Black Gram,Red,5.53,76.7,39.7,1.34
Coimbatore,Kharif,Millets,Clay,11.42,245.8,21.8,0.74
Vellore,Rabi,Chilli,Red,9.66,42.2,35.6,2.81
Erode,Summer,Rice,Black,2.52,95.6,39.5,2.27
Coimbatore,Rabi,Cotton,Alluvial,8.09,20.1,24.0,1.65
Coimbatore,Kharif,Black Gram,Black,2.2,283.2,24.4,0.94
Tiruppur,Summer,Sesame,Red,10.03,59.5,24.5,0.65
Coimbatore,Summer,Ragi,Black,8.62,16.2,26.3,2.15
Coimbatore,Rabi,Ragi,Loamy,6.65,139.1,34.9,1.32
Tirunelveli,Summer,Groundnut,Clay,8.19,62.0,31.9,1.17
Erode,Summer,Chilli,Alluvial,3.46,37.3,33.1,2.6
Tirunelveli,Summer,Sunflower,Clay,1.03,49.9,29.5,1.07
Tirunelveli,Summer,Sunflower,Loamy,8.79,75.7,37.4,0.56
Cuddalore,Rabi,Ragi,Loamy,7.89,122.4,32.8,1.31
Erode,Kharif,Turmeric,Alluvial,6.19,110.0,30.9,3.8
Coimbatore,Kharif,Black Gram,Alluvial,8.88,84.7,27.8,1.37
Thoothukudi,Kharif,Black Gram,Loamy,4.7,227.1,40.6,0.49
Coimbatore,Kharif,Sugarcane,Alluvial,3.77,308.6,32.8,6.75
Vellore,Summer,Sunflower,Loamy,8.98,64.8,18.6,0.98
Thoothukudi,Summer,Sugarcane,Clay,1.47,63.4,25.7,4.8
Madurai,Summer,Sunflower,Red,8.45,51.2,31.6,1.04
Madurai,Rabi,Sunflower,Black,8.38,55.1,35.6,1.0
Thoothukudi,Kharif,Millets,Loamy,11.64,294.9,31.4,0.81
Thoothukudi,Summer,Maize,Alluvial,3.77,84.3,37.4,2.51
Vellore,Rabi,Groundnut,Red,8.37,149.9,23.0,2.61
Namakkal,Rabi,Banana,Black,9.19,62.4,23.0,3.66
Trichy,Kharif,Sesame,Alluvial,5.3,113.6,35.7,0.59
Tirunelveli,Summer,Maize,Alluvial,2.65,36.3,24.5,3.38
Salem,Summer,Maize,Alluvial,9.77,79.8,39.9,2.27
Madurai,Kharif,Rice,Alluvial,9.58,121.9,25.8,3.71
Kancheepuram,Kharif,Cotton,Alluvial,5.76,102.6,21.3,1.96
Vellore,Kharif,Groundnut,Red,4.49,166.8,40.8,1.63
Tiruppur,Rabi,Coconut,Clay,6.45,159.3,36.9,2.76
Trichy,Summer,Sunflower,Black,1.56,24.8,35.7,0.8
Tirunelveli,Kharif,Maize,Loamy,8.76,63.4,40.1,1.99
Thoothukudi,Rabi,Maize,Clay,9.23,141.4,37.7,2.63
Salem,Rabi,Black Gram,Red,8.45,154.8,28.4,1.09
Madurai,Rabi,Sesame,Clay,8.06,65.2,22.6,0.79
Vellore,Summer,Cotton,Loamy,3.48,79.8,32.1,1.45
Thoothukudi,Rabi,Rice,Black,11.78,53.4,27.2,4.35
Namakkal,Summer,Millets,Clay,6.0,29.7,40.4,0.84
Madurai,Summer,Sunflower,Alluvial,0.92,49.8,29.8,1.02
Kancheepuram,Rabi,Millets,Alluvial,6.68,84.0,24.6,1.13
Villupuram,Rabi,Turmeric,Black,11.84,73.2,35.1,2.76
Trichy,Kharif,Maize,Red,2.6,135.3,33.3,3.56
Tiruppur,Kharif,Sugarcane,Clay,7.79,297.6,18.4,4.66
Villupuram,Rabi,Turmeric,Clay,4.11,125.2,32.7,3.84
Thanjavur,Rabi,Sesame,Red,10.83,116.6,28.9,0.78
Vellore,Kharif,Millets,Black,9.07,247.8,26.2,1.24
Kancheepuram,Kharif,Millets,Black,7.5,244.1,27.4,1.01
Vellore,Kharif,Banana,Red,5.44,219.4,27.3,4.34
Dindigul,Rabi,Cotton,Black,2.57,21.4,22.3,1.64
Erode,Kharif,Banana,Red,3.84,146.2,20.6,4.72
Cuddalore,Summer,Coconut,Alluvial,5.17,23.8,19.1,3.06
Thoothukudi,Kharif,Sunflower,Loamy,1.82,300.5,26.3,0.69
Cuddalore,Rabi,Soybean,Alluvial,1.32,80.6,24.6,2.04
Madurai,Kharif,Sesame,Alluvial,1.18,226.8,23.0,0.61
Trichy,Summer,Turmeric,Black,8.89,97.9,34.7,2.98
Coimbatore,Rabi,Coconut,Alluvial,11.35,153.3,32.1,2.85
Salem,Rabi,Soybean,Clay,8.16,114.3,29.5,1.51
Cuddalore,Kharif,Green Gram,Alluvial,4.66,183.1,41.3,0.45
Coimbatore,Summer,Black Gram,Black,8.67,41.4,26.3,1.06
Trichy,Rabi,Groundnut,Clay,5.39,56.5,19.3,1.97
Villupuram,Rabi,Groundnut,Red,6.85,27.3,36.4,1.39
Coimbatore,Rabi,Black Gram,Red,5.51,56.9,29.1,1.35
Salem,Summer,Maize,Red,11.47,16.9,29.2,3.34
Namakkal,Kharif,Sugarcane,Alluvial,8.33,244.4,22.6,5.54
Vellore,Summer,Black Gram,Loamy,10.71,68.7,35.3,0.74
Vellore,Kharif,Banana,Alluvial,0.64,275.7,38.6,3.05
Salem,Kharif,Cotton,Black,5.88,160.1,29.7,1.94
Tirunelveli,Kharif,Green Gram,Black,4.74,122.4,40.3,0.74
Vellore,Summer,Banana,Loamy,6.32,109.9,21.7,4.27
Trichy,Kharif,Cotton,Loamy,11.06,70.2,33.5,1.64
Salem,Kharif,Soybean,Clay,2.32,72.1,38.2,0.83
Tiruppur,Summer,Groundnut,Black,4.41,91.9,25.4,1.78
Erode,Summer,Sesame,Loamy,8.16,12.4,38.6,0.15
Namakkal,Rabi,Sunflower,Alluvial,11.79,21.2,41.1,1.37
Erode,Rabi,Maize,Black,9.13,38.0,30.6,3.45
Thoothukudi,Summer,Coconut,Alluvial,11.32,65.5,25.7,3.62
Namakkal,Summer,Turmeric,Red,2.39,22.6,30.4,3.9
Kancheepuram,Rabi,Green Gram,Loamy,1.8,35.4,18.2,0.55
Erode,Kharif,Groundnut,Loamy,4.13,118.7,22.5,2.25
Villupuram,Rabi,Sesame,Alluvial,9.3,83.9,25.5,0.63
Vellore,Kharif,Sesame,Alluvial,4.23,111.1,19.8,0.43
Salem,Rabi,Rice,Black,11.84,93.0,27.9,4.14
Kancheepuram,Rabi,Groundnut,Clay,8.06,111.9,19.8,1.4
Tiruppur,Rabi,Soybean,Clay,5.5,84.1,28.2,1.66
Dindigul,Summer,Sugarcane,Red,10.18,76.2,40.6,4.38
Namakkal,Rabi,Black Gram,Alluvial,3.43,126.4,26.3,1.16
Namakkal,Kharif,Black Gram,Black,6.22,247.6,29.6,1.06
Tirunelveli,Kharif,Chilli,Black,9.33,179.6,26.9,2.45
Vellore,Summer,Cotton,Black,6.74,48.2,38.3,0.86
Madurai,Kharif,Sugarcane,Loamy,8.28,94.5,35.4,5.23
Villupuram,Rabi,Sugarcane,Black,0.83,84.4,35.0,4.39
Dindigul,Summer,Millets,Red,10.41,13.7,29.2,1.78
Namakkal,Summer,Rice,Black,5.67,53.0,18.1,2.23
Villupuram,Kharif,Banana,Black,8.19,210.7,27.5,4.67
Dindigul,Kharif,Green Gram,Black,2.22,248.7,35.1,0.54
Salem,Kharif,Cotton,Loamy,7.09,208.9,24.6,1.35
Salem,Summer,Sunflower,Loamy,0.91,14.1,18.8,0.8
Dindigul,Kharif,Sesame,Red,4.74,116.8,24.5,0.88
Vellore,Rabi,Banana,Loamy,10.9,23.3,25.6,5.33
Tirunelveli,Rabi,Sugarcane,Clay,4.41,147.5,20.5,3.61
Trichy,Summer,Millets,Red,6.83,61.0,26.8,1.9
Thanjavur,Kharif,Sunflower,Clay,7.48,103.2,41.2,0.97
Vellore,Kharif,Green Gram,Red,3.96,287.4,36.8,0.64
Erode,Summer,Millets,Loamy,2.22,63.7,38.1,0.56
Tirunelveli,Rabi,Maize,Loamy,3.11,32.5,25.4,3.34
Thanjavur,Kharif,Banana,Clay,3.66,147.8,19.8,4.86
Thanjavur,Kharif,Maize,Loamy,0.53,283.3,18.3,1.22
Madurai,Kharif,Sugarcane,Clay,6.42,78.4,23.6,5.69
Tiruppur,Rabi,Soybean,Clay,11.44,132.3,42.0,1.14
Tiruppur,Kharif,Sunflower,Loamy,6.92,130.8,36.6,0.6
Thoothukudi,Kharif,Coconut,Red,11.44,319.2,29.1,2.97
Dindigul,Kharif,Black Gram,Black,4.24,165.7,20.1,0.83
Thoothukudi,Summer,Banana,Loamy,6.21,106.2,41.8,2.82
Kancheepuram,Kharif,Chilli,Clay,7.76,83.1,28.1,3.24
Thanjavur,Kharif,Coconut,Loamy,2.05,215.8,22.3,4.17
Salem,Rabi,Millets,Black,4.37,112.7,20.7,1.24
Dindigul,Summer,Soybean,Red,6.93,41.2,29.8,1.8
Trichy,Rabi,Banana,Red,3.93,48.6,25.1,4.91
Vellore,Summer,Banana,Clay,0.69,96.9,35.6,3.2
Vellore,Kharif,Green Gram,Alluvial,6.39,84.1,25.1,1.04
Tiruppur,Rabi,Sesame,Alluvial,5.0,122.4,22.0,0.77
Salem,Rabi,Black Gram,Red,11.95,38.8,23.8,1.2
Kancheepuram,Kharif,Ragi,Red,2.13,251.7,26.5,1.3
Dindigul,Kharif,Sesame,Red,7.75,298.7,20.1,0.53
Salem,Summer,Millets,Loamy,10.77,50.6,27.0,1.44
Vellore,Rabi,Sesame,Alluvial,9.29,99.8,20.8,0.68
Kancheepuram,Rabi,Banana,Alluvial,5.88,68.6,25.0,4.76
Vellore,Rabi,Green Gram,Alluvial,3.7,44.0,39.6,0.83
Namakkal,Rabi,Millets,Loamy,5.97,109.5,22.1,0.83
Madurai,Summer,Sugarcane,Clay,0.64,102.7,28.8,5.7
Coimbatore,Kharif,Chilli,Black,11.93,240.5,38.3,1.66
Villupuram,Kharif,Groundnut,Clay,3.75,111.6,39.0,0.91
Coimbatore,Summer,Groundnut,Red,9.78,41.2,25.0,2.08
Erode,Summer,Turmeric,Clay,1.68,49.2,37.9,1.76
Erode,Summer,Groundnut,Black,9.21,44.1,37.9,0.55
Trichy,Kharif,Black Gram,Red,3.15,61.8,20.1,1.17
Thoothukudi,Kharif,Green Gram,Loamy,11.4,231.2,27.7,0.72
Vellore,Kharif,Rice,Clay,5.33,148.6,26.9,4.63
Dindigul,Summer,Sugarcane,Black,7.07,49.0,32.3,5.17
Trichy,Rabi,Cotton,Black,9.06,47.1,40.9,1.51
Tirunelveli,Kharif,Black Gram,Black,3.24,303.7,41.6,0.77
Tiruppur,Summer,Sugarcane,Clay,11.96,78.9,40.7,4.4
Tiruppur,Summer,Groundnut,Alluvial,4.78,47.8,32.1,1.36
Villupuram,Rabi,Maize,Clay,10.5,30.5,29.8,2.4
Trichy,Kharif,Sugarcane,Black,7.52,69.8,22.3,5.64
Salem,Rabi,Ragi,Alluvial,2.34,150.3,26.3,1.97
Tirunelveli,Kharif,Cotton,Red,8.12,79.2,38.1,1.43
Salem,Rabi,Millets,Black,4.81,143.4,27.6,1.36
Vellore,Summer,Banana,Black,7.39,64.0,38.0,3.6
Kancheepuram,Kharif,Coconut,Alluvial,9.55,156.5,27.2,3.8
Vellore,Kharif,Sugarcane,Clay,9.9,267.2,25.8,5.2
Coimbatore,Summer,Groundnut,Clay,10.47,109.6,38.7,1.24
Tiruppur,Kharif,Millets,Black,5.77,151.4,24.8,1.19
Villupuram,Rabi,Soybean,Clay,2.0,122.9,29.8,1.65
Tirunelveli,Kharif,Rice,Loamy,7.86,107.3,41.2,2.71
Tirunelveli,Kharif,Banana,Alluvial,8.56,283.9,27.2,4.85
Cuddalore,Summer,Groundnut,Black,8.43,75.1,23.9,1.79
Coimbatore,Rabi,Soybean,Loamy,1.39,57.1,28.2,1.47
Salem,Rabi,Banana,Black,10.6,100.6,22.5,3.92
Thanjavur,Summer,Groundnut,Alluvial,11.81,29.4,32.7,1.38
Madurai,Summer,Coconut,Loamy,11.38,61.9,21.1,2.71
Dindigul,Summer,Sesame,Loamy,9.6,12.4,24.4,0.4
Tiruppur,Summer,Ragi,Alluvial,9.28,81.4,41.7,0.66
Thoothukudi,Rabi,Sugarcane,Alluvial,4.82,135.9,20.9,4.21
Madurai,Rabi,Black Gram,Loamy,3.79,61.2,32.5,1.25
Salem,Kharif,Banana,Black,10.96,85.2,18.9,3.81
Erode,Summer,Millets,Red,9.43,51.1,23.7,1.7
Kancheepuram,Summer,Soybean,Black,3.89,60.0,33.1,1.17
Namakkal,Kharif,Black Gram,Alluvial,11.06,177.5,31.5,1.32
Salem,Summer,Rice,Loamy,2.45,48.1,21.3,2.54
Cuddalore,Summer,Millets,Loamy,7.82,26.0,24.0,0.88
Namakkal,Summer,Sugarcane,Black,3.41,48.5,33.3,4.9
Tiruppur,Kharif,Ragi,Alluvial,11.22,259.7,22.4,1.69
Thoothukudi,Kharif,Rice,Clay,8.01,289.0,29.4,4.99
Dindigul,Summer,Sunflower,Black,8.52,53.9,29.3,0.95
Salem,Kharif,Green Gram,Alluvial,5.13,288.2,36.4,0.5
Vellore,Summer,Groundnut,Black,3.75,23.5,36.3,1.07
Erode,Summer,Rice,Black,6.34,20.6,33.0,2.89
Dindigul,Summer,Groundnut,Clay,4.86,53.9,30.2,0.85
Trichy,Rabi,Cotton,Loamy,1.94,65.5,35.1,1.09
Thanjavur,Summer,Maize,Loamy,7.83,99.0,31.5,2.92
Cuddalore,Summer,Sunflower,Loamy,11.23,16.5,28.4,0.81
Coimbatore,Kharif,Banana,Red,7.4,155.6,25.2,5.59
Salem,Rabi,Sugarcane,Black,8.88,119.1,36.3,4.46
Trichy,Kharif,Sesame,Alluvial,2.0,172.9,22.0,0.62
Thoothukudi,Kharif,Groundnut,Alluvial,1.34,112.9,23.0,2.28
Cuddalore,Summer,Ragi,Red,1.67,66.5,20.6,2.27
Dindigul,Rabi,Groundnut,Alluvial,5.86,144.5,41.9,1.32
Madurai,Summer,Rice,Clay,9.57,17.4,41.8,2.89
Tiruppur,Rabi,Chilli,Loamy,6.42,119.4,28.8,3.07
Erode,Rabi,Chilli,Red,11.12,124.8,37.9,2.98
Tiruppur,Summer,Sugarcane,Black,3.25,83.5,40.9,3.1
Dindigul,Kharif,Ragi,Black,9.87,166.0,35.9,1.52
Trichy,Kharif,Rice,Red,6.52,153.8,40.9,3.28
Cuddalore,Kharif,Turmeric,Red,0.54,225.9,37.5,2.86
Cuddalore,Summer,Chilli,Alluvial,8.87,23.2,29.9,2.26
Kancheepuram,Kharif,Turmeric,Loamy,3.55,227.1,26.7,4.24
Dindigul,Rabi,Ragi,Black,7.07,120.8,33.8,1.33
Thanjavur,Kharif,Black Gram,Clay,7.2,109.6,21.0,0.88
Salem,Summer,Banana,Black,11.51,69.8,20.9,4.15
Tiruppur,Rabi,Sugarcane,Black,2.91,26.6,18.4,3.08
Madurai,Kharif,Sunflower,Clay,9.91,129.5,30.2,1.23
Thanjavur,Summer,Millets,Black,10.16,20.8,24.8,1.55
Thanjavur,Rabi,Maize,Alluvial,9.55,120.9,19.2,2.75
Erode,Summer,Chilli,Loamy,0.64,87.0,33.3,2.82
Cuddalore,Rabi,Sesame,Alluvial,1.02,89.6,34.0,0.68
Villupuram,Rabi,Turmeric,Black,2.65,148.3,32.5,3.04
Trichy,Rabi,Soybean,Red,7.98,159.1,23.4,2.04
Erode,Rabi,Soybean,Alluvial,11.61,81.5,19.8,1.15
Tirunelveli,Kharif,Sunflower,Clay,3.5,311.8,34.4,1.01
Trichy,Rabi,Coconut,Red,3.98,104.6,22.0,2.93
Dindigul,Summer,Millets,Black,9.73,46.4,19.0,1.39
Kancheepuram,Summer,Banana,Red,9.74,38.6,22.4,4.71
Villupuram,Rabi,Sunflower,Red,6.5,95.2,26.3,1.47
Kancheepuram,Rabi,Soybean,Red,11.04,73.4,23.6,2.02
Namakkal,Kharif,Banana,Clay,4.18,197.6,29.4,5.69
Trichy,Summer,Black Gram,Clay,0.51,91.5,30.4,0.89
Coimbatore,Kharif,Soybean,Red,11.23,164.9,39.8,1.48
Madurai,Kharif,Chilli,Loamy,3.56,185.4,33.8,2.43
Trichy,Summer,Ragi,Black,2.15,104.6,38.6,1.73
Thoothukudi,Summer,Soybean,Alluvial,10.7,63.0,25.2,1.65
Tirunelveli,Rabi,Maize,Loamy,3.59,122.6,26.9,3.84
Thanjavur,Summer,Millets,Loamy,11.66,37.5,37.0,0.93
Villupuram,Kharif,Coconut,Black,8.72,88.1,23.1,3.55
Trichy,Summer,Soybean,Red,11.99,108.9,32.2,2.16
Coimbatore,Rabi,Chilli,Clay,10.51,74.7,23.2,2.19
Namakkal,Rabi,Banana,Red,7.69,24.5,38.0,3.1
Kancheepuram,Summer,Ragi,Red,5.62,72.7,21.4,2.6
Namakkal,Summer,Turmeric,Loamy,11.89,13.5,41.0,2.13
Madurai,Kharif,Sunflower,Red,2.91,63.4,28.5,1.45
Cuddalore,Rabi,Chilli,Alluvial,1.54,143.2,19.4,2.3
Trichy,Summer,Groundnut,Loamy,4.28,48.9,40.3,0.99
Trichy,Rabi,Black Gram,Clay,11.43,86.1,37.9,0.65
Villupuram,Summer,Groundnut,Red,11.0,61.2,18.4,1.84
Vellore,Kharif,Turmeric,Red,7.41,317.5,35.7,2.75
Kancheepuram,Summer,Maize,Loamy,3.78,104.1,18.6,3.07
Villupuram,Summer,Maize,Alluvial,2.86,70.7,22.5,3.22
Tirunelveli,Summer,Green Gram,Loamy,5.44,105.7,37.2,0.96
Kancheepuram,Summer,Green Gram,Clay,8.73,100.6,37.8,0.6
Villupuram,Kharif,Soybean,Clay,6.49,245.9,27.6,1.25
Salem,Kharif,Green Gram,Black,10.7,264.2,40.4,0.55
Dindigul,Rabi,Maize,Red,8.59,93.0,37.9,2.57
Coimbatore,Summer,Green Gram,Black,5.16,99.2,35.9,1.04
Coimbatore,Kharif,Millets,Alluvial,5.57,307.2,27.6,1.22
Dindigul,Summer,Maize,Clay,10.93,77.2,30.2,3.56
Thanjavur,Kharif,Black Gram,Red,1.86,172.2,38.0,1.04
Trichy,Rabi,Groundnut,Alluvial,9.93,122.3,28.2,2.06
Namakkal,Rabi,Rice,Alluvial,8.76,22.0,26.1,3.47
Tirunelveli,Kharif,Millets,Loamy,4.01,95.5,26.2,1.35
Namakkal,Rabi,Chilli,Clay,4.2,128.8,32.6,2.56
Tiruppur,Kharif,Rice,Clay,9.1,217.5,28.0,5.05
Trichy,Rabi,Soybean,Loamy,3.43,76.7,39.2,0.77
Madurai,Kharif,Groundnut,Loamy,1.59,249.0,33.2,1.09
Tirunelveli,Rabi,Green Gram,Loamy,6.85,95.0,33.4,1.29
Dindigul,Rabi,Cotton,Black,7.48,76.0,32.7,1.62
Salem,Rabi,Sunflower,Black,8.56,152.3,30.0,1.17
Coimbatore,Rabi,Ragi,Alluvial,2.22,35.8,22.2,2.34
Dindigul,Summer,Maize,Alluvial,2.25,28.8,21.2,3.03
Dindigul,Rabi,Sunflower,Clay,0.95,114.7,20.3,1.35
Villupuram,Rabi,Soybean,Alluvial,11.75,110.9,33.6,0.67
Cuddalore,Rabi,Green Gram,Loamy,5.03,142.1,24.3,1.01
Kancheepuram,Rabi,Millets,Loamy,4.85,109.0,32.0,1.23
Dindigul,Summer,Rice,Black,7.84,15.2,27.9,3.13
Vellore,Summer,Ragi,Red,0.61,56.5,32.5,1.59
Thanjavur,Summer,Sunflower,Red,4.4,108.1,35.0,1.2
Erode,Rabi,Sugarcane,Loamy,11.67,106.4,26.5,5.29
Tirunelveli,Summer,Black Gram,Alluvial,9.69,89.9,20.7,0.86
Villupuram,Rabi,Millets,Clay,8.42,40.9,39.4,1.28
Kancheepuram,Kharif,Ragi,Black,4.22,113.1,32.8,1.86
Tirunelveli,Kharif,Sesame,Clay,4.21,143.1,30.7,0.92
Erode,Kharif,Banana,Black,6.47,188.5,23.2,4.99
Vellore,Rabi,Coconut,Loamy,3.41,22.0,39.3,2.03
Namakkal,Rabi,Groundnut,Alluvial,0.69,138.3,38.4,1.01
Vellore,Rabi,Maize,Loamy,10.78,95.6,33.7,3.06
Thoothukudi,Rabi,Sunflower,Loamy,1.82,97.9,28.5,1.19
Namakkal,Kharif,Ragi,Alluvial,10.37,68.6,27.8,1.55
Tirunelveli,Kharif,Soybean,Red,8.16,278.9,29.6,1.54
Madurai,Summer,Sunflower,Alluvial,7.18,64.4,28.6,0.85
Kancheepuram,Summer,Millets,Red,9.27,32.6,40.3,1.01
Thanjavur,Rabi,Turmeric,Loamy,1.65,148.9,27.2,4.94
Madurai,Summer,Cotton,Alluvial,7.27,90.7,20.3,1.83
Villupuram,Rabi,Rice,Clay,2.64,124.9,38.9,2.8
Madurai,Kharif,Millets,Black,10.71,298.4,18.8,1.2
Thoothukudi,Rabi,Green Gram,Black,9.65,120.7,31.4,0.95
Thanjavur,Summer,Chilli,Loamy,6.55,100.9,21.1,3.04
Thanjavur,Rabi,Rice,Alluvial,5.2,64.9,20.5,2.78
Tirunelveli,Rabi,Sunflower,Clay,10.31,151.4,33.3,1.03
Tirunelveli,Kharif,Coconut,Clay,4.04,144.6,28.9,3.13
Tirunelveli,Rabi,Green Gram,Loamy,7.15,85.8,21.0,1.1
Thanjavur,Kharif,Rice,Loamy,8.83,205.3,29.5,4.58
Vellore,Rabi,Sunflower,Red,6.19,119.7,36.4,0.97
Tirunelveli,Rabi,Coconut,Loamy,1.6,95.2,21.2,3.43
Kancheepuram,Summer,Chilli,Loamy,3.35,42.1,31.3,2.27
Erode,Kharif,Ragi,Loamy,9.23,277.6,34.8,0.61
Coimbatore,Summer,Coconut,Clay,9.5,40.9,25.7,3.07
Thanjavur,Kharif,Turmeric,Black,4.16,143.1,24.4,5.03
Vellore,Kharif,Sugarcane,Clay,7.03,84.2,37.3,3.46
Cuddalore,Kharif,Millets,Clay,6.71,294.3,40.0,0.66
Thanjavur,Kharif,Maize,Black,4.45,141.5,33.7,2.39
Erode,Kharif,Ragi,Alluvial,8.29,265.1,30.0,1.28
Cuddalore,Summer,Rice,Loamy,8.03,56.5,28.6,3.68
Kancheepuram,Summer,Groundnut,Loamy,11.99,70.0,35.6,1.07
Salem,Summer,Black Gram,Clay,9.33,98.2,35.9,0.61
Namakkal,Kharif,Sunflower,Red,4.63,80.1,24.2,1.97
Salem,Kharif,Sunflower,Loamy,6.66,309.4,24.3,1.08
Kancheepuram,Rabi,Green Gram,Red,3.97,132.5,31.9,1.12
Trichy,Rabi,Black Gram,Red,2.31,122.4,25.9,1.22
Trichy,Kharif,Maize,Black,1.0,209.1,21.9,2.46
Tirunelveli,Summer,Groundnut,Red,3.62,106.2,38.3,1.48
Tiruppur,Summer,Chilli,Loamy,6.99,27.2,34.7,1.73
Cuddalore,Summer,Ragi,Black,6.84,43.2,31.2,1.77
Villupuram,Kharif,Soybean,Loamy,10.29,305.1,39.4,0.81
Villupuram,Summer,Sesame,Loamy,10.14,16.6,24.6,0.4
Trichy,Summer,Ragi,Alluvial,3.37,65.8,22.4,2.12
Kancheepuram,Rabi,Black Gram,Black,1.02,74.7,38.6,1.19
Coimbatore,Summer,Rice,Clay,9.77,101.0,20.6,3.41
Tiruppur,Rabi,Rice,Black,3.67,151.2,35.4,2.81
Trichy,Summer,Black Gram,Loamy,8.56,109.6,37.6,0.65
Madurai,Rabi,Soybean,Red,10.12,55.5,42.0,1.51
Madurai,Kharif,Chilli,Red,5.95,154.8,33.1,2.74
Coimbatore,Summer,Banana,Red,1.8,76.6,32.1,3.97
Dindigul,Kharif,Sunflower,Loamy,3.34,261.7,37.8,0.57
Trichy,Kharif,Millets,Loamy,9.07,266.0,37.4,0.6
Dindigul,Rabi,Coconut,Loamy,7.21,54.7,39.5,1.77
Trichy,Rabi,Sugarcane,Red,8.32,85.3,26.7,5.52
Vellore,Summer,Sesame,Clay,6.59,69.3,30.0,0.5
Tiruppur,Kharif,Green Gram,Alluvial,6.73,203.3,35.5,0.73
Cuddalore,Kharif,Millets,Red,7.79,195.6,21.0,0.97
Namakkal,Rabi,Ragi,Black,1.08,21.7,31.1,1.65
Vellore,Summer,Sesame,Alluvial,1.7,20.7,30.7,0.3
Cuddalore,Kharif,Green Gram,Red,7.7,210.6,32.0,0.86
Vellore,Summer,Soybean,Black,6.71,29.7,33.3,1.29
Kancheepuram,Kharif,Turmeric,Alluvial,4.92,312.3,35.1,2.89
Salem,Summer,Green Gram,Black,9.26,69.9,28.4,0.92
Trichy,Summer,Groundnut,Clay,2.05,70.3,33.3,1.45
Villupuram,Kharif,Soybean,Loamy,9.69,79.6,32.5,1.15
Trichy,Rabi,Groundnut,Clay,8.51,39.4,26.2,1.66
Erode,Kharif,Millets,Black,2.97,318.2,28.8,0.89
Namakkal,Summer,Sunflower,Clay,4.83,93.0,36.9,0.47
Cuddalore,Rabi,Green Gram,Red,11.78,114.6,19.5,0.94
Madurai,Summer,Rice,Loamy,1.01,108.4,34.3,3.03
Villupuram,Rabi,Rice,Red,4.16,86.2,39.9,2.09
Namakkal,Kharif,Sesame,Clay,7.06,276.0,22.4,0.41
Namakkal,Rabi,Sunflower,Black,7.05,105.0,18.6,1.52
Thanjavur,Summer,Soybean,Red,8.44,99.3,36.6,1.09
Cuddalore,Summer,Soybean,Black,8.11,39.6,31.5,1.05
Tirunelveli,Rabi,Groundnut,Loamy,8.03,54.2,25.0,2.82
Erode,Rabi,Coconut,Black,0.59,62.9,33.0,2.47
Namakkal,Kharif,Maize,Loamy,9.92,109.4,34.4,2.84
Tiruppur,Rabi,Soybean,Alluvial,5.81,78.7,33.4,1.43
Tirunelveli,Kharif,Turmeric,Clay,2.96,102.0,20.7,3.57
Tiruppur,Kharif,Groundnut,Black,6.11,143.0,41.4,0.91
Madurai,Summer,Chilli,Clay,3.93,90.4,32.6,2.77
Tiruppur,Summer,Turmeric,Black,10.91,45.9,23.8,3.69
Villupuram,Summer,Ragi,Alluvial,7.92,11.7,41.2,1.69
Kancheepuram,Kharif,Sesame,Alluvial,10.84,250.1,27.2,0.41
Tirunelveli,Rabi,Cotton,Red,9.57,140.6,41.5,0.91
Salem,Rabi,Cotton,Red,10.12,133.6,33.4,1.71
Namakkal,Kharif,Coconut,Black,4.46,309.9,20.6,2.8
Villupuram,Summer,Green Gram,Clay,7.71,83.4,30.6,1.03
Kancheepuram,Kharif,Groundnut,Alluvial,6.37,263.0,30.2,0.87
Erode,Rabi,Maize,Black,8.32,66.4,29.5,3.89
Tirunelveli,Rabi,Cotton,Clay,0.78,81.8,24.4,1.66
Thanjavur,Summer,Soybean,Clay,8.22,96.3,26.5,1.88
Tirunelveli,Summer,Turmeric,Red,1.81,87.6,23.9,4.48
Coimbatore,Rabi,Chilli,Alluvial,6.76,31.1,35.7,1.38
Kancheepuram,Kharif,Sesame,Black,11.33,194.0,38.5,0.51
Tiruppur,Rabi,Millets,Loamy,2.61,124.4,36.2,1.09
Dindigul,Rabi,Coconut,Alluvial,8.0,67.4,21.5,3.31
Trichy,Rabi,Maize,Loamy,2.8,22.2,34.9,2.58
Trichy,Summer,Sugarcane,Loamy,6.47,49.5,24.3,5.12
Thoothukudi,Rabi,Sugarcane,Loamy,9.64,70.6,18.7,4.7
Dindigul,Kharif,Groundnut,Loamy,10.85,229.5,22.3,1.56
Madurai,Kharif,Cotton,Loamy,5.01,169.8,29.4,2.09
Tiruppur,Kharif,Soybean,Alluvial,0.89,269.3,38.3,0.65
Erode,Kharif,Rice,Loamy,11.41,288.7,39.9,3.04
Villupuram,Rabi,Maize,Clay,10.02,37.1,36.4,1.95
Thanjavur,Summer,Ragi,Loamy,7.98,23.7,34.7,0.98
Kancheepuram,Rabi,Sunflower,Black,7.22,93.4,21.9,1.89
Cuddalore,Summer,Sugarcane,Black,9.7,82.9,40.1,3.47
Cuddalore,Kharif,Chilli,Alluvial,4.99,79.1,32.8,2.74
Trichy,Kharif,Millets,Alluvial,1.57,162.0,31.0,0.88
Kancheepuram,Summer,Millets,Red,9.29,78.7,39.4,1.04
Namakkal,Rabi,Groundnut,Loamy,7.45,86.1,23.1,2.63
Thoothukudi,Kharif,Millets,Loamy,7.58,115.7,18.4,0.91
Erode,Rabi,Rice,Alluvial,1.81,98.9,32.2,3.82
Madurai,Rabi,Sesame,Black,11.75,143.0,35.7,0.84
Kancheepuram,Rabi,Cotton,Black,7.17,72.2,32.9,1.17
Thoothukudi,Summer,Maize,Clay,9.73,77.8,22.4,3.4
Kancheepuram,Summer,Green Gram,Loamy,2.77,84.6,20.9,0.84
Vellore,Summer,Soybean,Clay,10.71,48.4,31.6,1.2
Coimbatore,Kharif,Cotton,Red,3.61,316.4,20.6,1.11
Thanjavur,Summer,Banana,Loamy,11.75,37.0,29.7,3.89
Madurai,Kharif,Black Gram,Red,4.24,207.2,27.6,1.09
Coimbatore,Kharif,Black Gram,Clay,5.13,174.7,29.0,1.03
Cuddalore,Summer,Chilli,Alluvial,8.91,64.1,35.7,1.8
Kancheepuram,Rabi,Sesame,Clay,2.51,30.3,23.9,0.63
Villupuram,Summer,Cotton,Red,10.98,38.4,38.2,1.1
Erode,Rabi,Green Gram,Alluvial,3.15,123.1,22.5,0.65
Thanjavur,Kharif,Sunflower,Clay,4.97,187.8,31.1,0.94
Vellore,Kharif,Groundnut,Red,7.96,296.8,40.5,0.74
Trichy,Rabi,Coconut,Loamy,0.99,134.4,28.3,3.61
Erode,Rabi,Ragi,Clay,4.39,82.8,26.1,2.15
Tiruppur,Kharif,Maize,Black,5.35,95.0,39.4,2.31
Coimbatore,Rabi,Maize,Alluvial,4.9,41.0,40.3,2.4
Dindigul,Rabi,Ragi,Clay,6.92,150.1,37.6,0.9
Cuddalore,Summer,Chilli,Red,2.28,22.6,18.2,1.71
Vellore,Rabi,Ragi,Red,10.66,154.9,39.9,1.36
Cuddalore,Rabi,Soybean,Loamy,3.44,58.9,20.5,1.28
Villupuram,Summer,Sesame,Red,6.54,51.2,35.2,0.47
Namakkal,Kharif,Black Gram,Black,2.89,267.1,31.0,1.06
Vellore,Kharif,Banana,Red,10.98,114.3,18.6,4.46
Madurai,Kharif,Banana,Black,8.56,128.4,41.9,2.49
Thoothukudi,Summer,Sugarcane,Alluvial,11.06,103.7,35.2,6.24
Villupuram,Summer,Cotton,Clay,4.99,102.6,25.2,1.61
Tirunelveli,Kharif,Banana,Alluvial,9.12,257.5,29.0,4.58
Cuddalore,Summer,Green Gram,Black,0.69,96.5,24.5,0.98
Thanjavur,Rabi,Rice,Red,11.61,44.1,40.7,2.37
Thanjavur,Kharif,Turmeric,Loamy,3.39,120.8,25.5,4.72
Tiruppur,Summer,Sugarcane,Loamy,4.25,29.9,34.2,5.14
Villupuram,Kharif,Sesame,Alluvial,3.34,110.4,31.1,0.69
Coimbatore,Kharif,Chilli,Clay,4.51,271.8,29.8,1.41
Salem,Rabi,Black Gram,Clay,3.05,124.0,22.0,0.92
Salem,Summer,Green Gram,Clay,10.57,58.2,36.3,0.85
Coimbatore,Kharif,Green Gram,Alluvial,0.81,302.5,27.9,0.72
Thanjavur,Kharif,Banana,Black,5.4,280.1,40.5,2.78
Vellore,Rabi,Green Gram,Clay,11.73,132.9,30.9,0.96
Cuddalore,Kharif,Green Gram,Black,8.35,114.2,21.9,0.78
Salem,Kharif,Soybean,Clay,10.19,138.4,35.1,1.34
Trichy,Rabi,Black Gram,Red,1.29,148.5,40.7,0.83
Madurai,Kharif,Ragi,Black,4.1,130.7,23.0,2.24
Coimbatore,Summer,Coconut,Red,2.05,46.4,35.5,2.95
Kancheepuram,Rabi,Sunflower,Red,7.84,60.9,35.3,1.18
Thoothukudi,Rabi,Chilli,Red,3.81,100.3,32.3,2.99
Thoothukudi,Rabi,Sesame,Clay,11.3,129.6,28.9,0.64
Coimbatore,Rabi,Coconut,Loamy,7.89,44.8,24.8,3.25
Kancheepuram,Kharif,Cotton,Red,8.81,210.4,21.5,1.1
Trichy,Summer,Maize,Red,2.59,41.8,37.4,2.4
Trichy,Rabi,Banana,Red,9.25,32.6,40.0,2.31
Dindigul,Kharif,Chilli,Red,8.26,121.7,25.8,3.47
Erode,Rabi,Maize,Alluvial,10.3,32.7,37.4,2.44
Thoothukudi,Summer,Green Gram,Alluvial,9.0,67.4,21.4,0.75
Thoothukudi,Rabi,Black Gram,Clay,1.46,27.5,41.4,0.63
Cuddalore,Summer,Rice,Red,2.54,87.3,29.9,3.99
Namakkal,Rabi,Chilli,Black,3.7,133.6,40.1,1.62
Namakkal,Kharif,Black Gram,Loamy,7.45,226.2,31.9,0.68
Dindigul,Kharif,Rice,Clay,10.24,84.0,35.4,3.59
Dindigul,Rabi,Sugarcane,Alluvial,2.92,154.3,25.9,5.68
Tiruppur,Kharif,Rice,Black,12.0,100.3,25.1,3.79
Vellore,Rabi,Millets,Clay,10.77,31.8,25.3,1.53
Tiruppur,Summer,Sunflower,Clay,6.13,42.0,18.3,0.87
Madurai,Summer,Cotton,Loamy,10.89,27.5,26.8,1.53
Tirunelveli,Rabi,Cotton,Clay,11.88,48.3,35.3,1.35
Namakkal,Rabi,Sesame,Alluvial,8.13,33.9,21.9,0.54
Salem,Rabi,Turmeric,Alluvial,4.05,22.0,39.4,2.6
Salem,Summer,Groundnut,Clay,7.54,44.5,41.7,0.94
Cuddalore,Rabi,Millets,Black,6.55,128.1,19.4,0.87
Kancheepuram,Summer,Rice,Alluvial,7.33,60.7,30.2,3.44
Trichy,Kharif,Sesame,Black,2.01,75.3,37.8,0.81
Thoothukudi,Summer,Cotton,Red,10.49,26.6,25.0,1.97
Dindigul,Kharif,Turmeric,Loamy,0.92,82.1,30.2,3.39
Tirunelveli,Kharif,Ragi,Alluvial,11.31,158.2,36.9,1.16
Tirunelveli,Summer,Soybean,Loamy,10.59,29.2,38.1,0.6
Erode,Summer,Banana,Loamy,1.32,71.3,21.3,4.11
Cuddalore,Summer,Cotton,Loamy,7.1,49.1,27.2,1.39
Salem,Rabi,Black Gram,Red,11.26,86.0,26.7,1.57
Tirunelveli,Summer,Sunflower,Clay,9.17,57.9,36.7,0.24
Cuddalore,Summer,Sunflower,Red,1.49,73.5,33.1,1.16
Madurai,Summer,Black Gram,Black,8.59,71.8,18.8,0.47
Coimbatore,Kharif,Green Gram,Black,2.31,180.4,19.1,0.56
Cuddalore,Rabi,Cotton,Red,1.8,79.8,35.4,1.99
Madurai,Kharif,Soybean,Clay,5.93,130.5,28.4,1.77
Cuddalore,Kharif,Chilli,Black,10.56,136.6,23.9,2.67
Coimbatore,Kharif,Millets,Black,3.09,210.1,19.6,0.93
Salem,Summer,Green Gram,Black,9.71,23.7,23.3,0.66
Dindigul,Kharif,Green Gram,Red,4.86,187.1,23.9,0.91
Madurai,Rabi,Sunflower,Black,9.81,63.5,40.8,1.08
Thanjavur,Summer,Rice,Loamy,3.17,83.9,38.4,2.65
Thoothukudi,Kharif,Soybean,Red,9.12,75.4,30.8,2.02
Vellore,Summer,Sunflower,Red,8.19,72.4,29.8,1.14
Thoothukudi,Rabi,Turmeric,Clay,10.31,115.0,23.8,2.78
Kancheepuram,Kharif,Chilli,Black,3.32,283.2,19.5,1.7
Thoothukudi,Kharif,Green Gram,Alluvial,2.6,125.2,35.2,1.05
Namakkal,Summer,Sunflower,Red,4.69,84.2,26.1,1.39
Dindigul,Kharif,Banana,Black,7.32,107.8,20.3,3.67
Trichy,Summer,Black Gram,Clay,0.77,82.1,40.9,0.53
Tirunelveli,Summer,Sunflower,Red,6.55,14.9,31.0,0.93
Namakkal,Summer,Sunflower,Loamy,10.48,64.4,35.7,0.29
Vellore,Rabi,Coconut,Red,7.51,125.8,36.6,2.17
Villupuram,Summer,Sunflower,Loamy,0.73,49.6,37.5,0.6
Salem,Kharif,Groundnut,Loamy,5.05,246.6,25.0,1.47
Vellore,Kharif,Maize,Red,4.08,191.8,21.3,2.76
Trichy,Summer,Groundnut,Red,10.36,86.2,18.8,2.28
Coimbatore,Summer,Banana,Loamy,10.82,46.8,31.0,3.39
Trichy,Kharif,Black Gram,Red,5.76,149.8,22.0,1.26
Vellore,Kharif,Chilli,Red,11.68,141.0,25.4,3.08
Cuddalore,Summer,Black Gram,Black,5.85,99.5,38.0,0.67
Thanjavur,Summer,Soybean,Black,0.82,28.9,23.5,1.37
Salem,Rabi,Groundnut,Black,5.38,58.0,40.5,1.58
Salem,Kharif,Green Gram,Black,3.42,278.8,26.4,0.49
Thoothukudi,Kharif,Ragi,Alluvial,1.08,153.5,31.0,1.51
Thoothukudi,Kharif,Ragi,Alluvial,1.56,217.1,33.5,0.66
Thanjavur,Rabi,Millets,Red,9.91,121.8,26.6,1.48
Erode,Rabi,Chilli,Clay,3.8,105.3,36.7,2.13
Cuddalore,Rabi,Sugarcane,Black,11.32,156.8,41.9,4.77
Kancheepuram,Summer,Groundnut,Loamy,5.35,49.4,35.9,1.38
Cuddalore,Summer,Ragi,Red,1.9,21.9,37.2,1.01
Villupuram,Rabi,Sugarcane,Red,3.18,79.5,30.0,5.69
Namakkal,Summer,Banana,Black,9.38,14.4,22.4,3.35
Coimbatore,Summer,Banana,Clay,1.42,74.7,40.7,2.86
Cuddalore,Summer,Millets,Loamy,2.07,24.0,27.9,1.67
Thanjavur,Kharif,Sunflower,Alluvial,9.3,291.9,22.7,1.05
Kancheepuram,Kharif,Soybean,Black,2.9,260.4,25.2,1.5
Thanjavur,Rabi,Green Gram,Black,4.38,30.4,33.2,1.11
Villupuram,Summer,Chilli,Alluvial,9.15,13.0,38.4,1.13
Vellore,Rabi,Black Gram,Clay,2.28,82.9,31.0,1.41
Tiruppur,Kharif,Coconut,Clay,1.55,300.1,23.6,3.09
Namakkal,Kharif,Sesame,Black,6.6,259.5,33.2,0.55
Dindigul,Rabi,Soybean,Red,10.44,133.9,20.2,1.68
Villupuram,Kharif,Cotton,Alluvial,8.64,203.6,22.1,0.78
Erode,Kharif,Banana,Red,9.3,147.8,30.0,4.04
Namakkal,Rabi,Green Gram,Loamy,7.53,64.1,23.4,0.97
Trichy,Summer,Soybean,Alluvial,8.12,79.2,28.0,1.87
Trichy,Rabi,Groundnut,Black,9.89,88.4,32.4,1.99
Madurai,Rabi,Banana,Loamy,3.69,46.6,32.6,3.19
Thoothukudi,Rabi,Soybean,Clay,11.84,49.1,35.5,1.28
Madurai,Rabi,Sesame,Black,6.63,46.1,18.8,0.88
Tiruppur,Summer,Green Gram,Clay,5.27,15.4,37.7,0.34
Thoothukudi,Kharif,Maize,Clay,2.12,246.4,35.3,2.34
Namakkal,Kharif,Coconut,Clay,9.53,213.0,35.3,3.32
Coimbatore,Summer,Sesame,Red,3.79,37.8,24.5,0.6
Thoothukudi,Rabi,Millets,Clay,10.94,26.5,31.8,1.9
Thoothukudi,Rabi,Green Gram,Red,5.96,84.2,19.3,0.84
Kancheepuram,Kharif,Rice,Alluvial,1.01,173.4,30.5,4.6
Cuddalore,Kharif,Chilli,Black,6.09,174.1,38.4,1.84
Salem,Summer,Turmeric,Black,2.3,69.4,23.9,3.77
Trichy,Summer,Sunflower,Red,11.34,87.6,26.1,1.26
Erode,Summer,Millets,Clay,4.59,41.8,36.4,1.21
Erode,Rabi,Sugarcane,Loamy,11.85,29.3,41.0,3.4
Salem,Summer,Banana,Clay,0.58,80.2,32.0,4.18
Tiruppur,Summer,Sugarcane,Red,7.71,88.3,26.3,4.57
Cuddalore,Kharif,Sugarcane,Clay,10.62,91.0,28.8,5.71
Tiruppur,Kharif,Sunflower,Black,8.99,141.1,40.8,0.88
Tiruppur,Summer,Sesame,Red,2.93,107.0,33.9,0.57
Madurai,Kharif,Green Gram,Alluvial,11.49,74.7,36.5,1.1
Vellore,Kharif,Coconut,Alluvial,1.56,245.3,27.7,3.96
Namakkal,Rabi,Millets,Loamy,4.24,100.5,26.0,1.28
Kancheepuram,Kharif,Chilli,Black,7.22,269.7,22.5,1.45
Tiruppur,Kharif,Cotton,Alluvial,5.08,103.6,28.6,2.18
Tirunelveli,Kharif,Ragi,Alluvial,4.09,248.6,41.3,1.13
Dindigul,Summer,Ragi,Alluvial,5.56,12.9,30.0,0.69
Dindigul,Kharif,Chilli,Alluvial,7.22,223.3,31.2,2.17
Erode,Summer,Sugarcane,Red,9.34,11.6,35.8,5.29
Kancheepuram,Rabi,Soybean,Red,7.33,99.0,33.8,1.61
Tiruppur,Kharif,Sesame,Clay,7.87,210.6,34.7,0.17
Salem,Rabi,Rice,Loamy,11.32,80.5,34.3,3.39
Tiruppur,Rabi,Sugarcane,Clay,5.14,121.9,37.5,5.01
Vellore,Kharif,Banana,Loamy,0.55,303.0,34.0,3.72
Kancheepuram,Summer,Black Gram,Loamy,5.64,63.4,35.8,0.72
Dindigul,Rabi,Maize,Alluvial,3.48,78.6,27.3,4.05
Madurai,Kharif,Cotton,Loamy,1.66,136.5,30.8,1.43
Cuddalore,Rabi,Green Gram,Clay,0.58,36.2,26.1,0.83
Trichy,Summer,Green Gram,Clay,3.98,84.0,19.0,0.75
Thanjavur,Rabi,Banana,Black,2.63,148.5,34.8,3.11
Namakkal,Kharif,Ragi,Black,10.91,180.3,21.2,1.85
Trichy,Summer,Black Gram,Clay,6.12,109.2,41.4,0.44
Tirunelveli,Rabi,Maize,Clay,7.46,32.5,28.6,2.4
Erode,Summer,Turmeric,Clay,0.95,97.3,26.7,4.61
Thanjavur,Rabi,Sugarcane,Alluvial,11.91,77.7,19.4,2.89
Namakkal,Summer,Millets,Clay,9.32,83.0,28.4,1.32
Vellore,Rabi,Rice,Clay,7.36,100.5,28.2,3.79
Namakkal,Rabi,Cotton,Clay,6.13,109.7,32.1,1.46
Tirunelveli,Rabi,Turmeric,Clay,10.78,67.6,34.5,2.98
Coimbatore,Summer,Sugarcane,Black,11.75,52.4,19.8,3.98
Madurai,Summer,Coconut,Red,10.6,99.4,32.1,3.54
Thanjavur,Kharif,Millets,Loamy,1.67,290.6,30.1,1.36
Tiruppur,Rabi,Green Gram,Loamy,5.64,48.6,37.5,0.85
Villupuram,Rabi,Coconut,Alluvial,9.69,142.6,36.8,2.85
Dindigul,Summer,Ragi,Loamy,8.91,32.4,39.5,1.3
Salem,Summer,Chilli,Red,4.45,74.5,31.9,1.77
Villupuram,Summer,Sunflower,Alluvial,5.74,42.9,35.5,0.78
Kancheepuram,Rabi,Turmeric,Black,11.7,139.4,33.2,3.34
Vellore,Rabi,Coconut,Loamy,3.61,43.1,34.1,2.22
Kancheepuram,Rabi,Sugarcane,Alluvial,10.37,22.0,20.7,3.84
Vellore,Kharif,Turmeric,Clay,5.74,124.3,24.0,4.47
Villupuram,Summer,Banana,Clay,8.27,50.8,41.1,2.79
Vellore,Kharif,Cotton,Clay,11.74,231.1,24.0,1.45
Erode,Rabi,Groundnut,Alluvial,4.69,149.6,23.6,2.05
Tirunelveli,Kharif,Millets,Alluvial,10.35,195.5,37.1,1.18
Trichy,Kharif,Sunflower,Red,1.21,162.4,27.4,1.38
Coimbatore,Summer,Green Gram,Clay,1.86,90.1,36.3,0.76
Madurai,Rabi,Coconut,Loamy,9.8,133.3,28.3,3.93
Dindigul,Kharif,Ragi,Loamy,5.81,119.0,27.2,1.91
Dindigul,Summer,Sunflower,Clay,7.39,35.7,29.3,0.27
Salem,Rabi,Soybean,Alluvial,1.79,110.9,28.9,1.42
Thoothukudi,Summer,Black Gram,Loamy,8.61,48.1,32.0,0.83
Tirunelveli,Rabi,Green Gram,Alluvial,2.92,62.9,30.1,1.07
Thanjavur,Rabi,Millets,Black,3.94,133.5,37.8,1.15
Kancheepuram,Rabi,Sugarcane,Red,1.89,100.0,19.0,3.32
Dindigul,Kharif,Cotton,Red,10.85,167.8,18.4,1.14
Dindigul,Kharif,Cotton,Black,10.67,269.9,33.7,1.42
Tiruppur,Kharif,Ragi,Clay,9.71,237.4,26.6,1.16
Thoothukudi,Summer,Sugarcane,Black,7.83,35.6,28.1,6.01
Tiruppur,Rabi,Black Gram,Clay,0.93,56.4,30.3,1.38
Thanjavur,Summer,Rice,Clay,4.57,51.1,38.7,2.05
Tirunelveli,Kharif,Green Gram,Red,3.86,112.1,33.9,1.02
Tiruppur,Rabi,Rice,Alluvial,1.68,32.2,28.3,3.52
Madurai,Kharif,Groundnut,Red,9.05,246.5,24.8,1.72
Madurai,Kharif,Ragi,Alluvial,9.12,193.0,39.9,0.88
Villupuram,Rabi,Green Gram,Black,11.76,66.8,22.9,0.99
Erode,Rabi,Coconut,Black,11.38,55.2,38.2,2.05
Coimbatore,Rabi,Sugarcane,Alluvial,3.96,151.1,36.2,4.01
Thoothukudi,Kharif,Black Gram,Alluvial,9.41,120.4,24.0,0.99
Trichy,Kharif,Chilli,Red,6.82,124.0,36.0,2.16
Tiruppur,Rabi,Coconut,Black,4.34,21.1,21.9,2.76
Thoothukudi,Rabi,Groundnut,Loamy,6.72,112.3,19.9,2.54
Trichy,Kharif,Banana,Clay,10.63,317.5,31.1,3.52
Madurai,Summer,Chilli,Alluvial,9.5,53.3,23.8,2.47
Thoothukudi,Rabi,Soybean,Black,6.91,49.1,29.6,1.58
Tiruppur,Rabi,Cotton,Clay,6.28,58.6,28.3,1.6
Namakkal,Rabi,Black Gram,Alluvial,10.21,38.3,26.2,1.45
Salem,Summer,Millets,Clay,1.14,63.5,36.4,1.33
Cuddalore,Kharif,Cotton,Alluvial,3.94,136.3,23.1,1.78
Namakkal,Kharif,Green Gram,Black,10.32,234.6,34.6,0.45
Salem,Summer,Green Gram,Clay,5.76,76.8,40.8,0.83
Erode,Rabi,Ragi,Alluvial,5.59,146.7,18.4,1.76
Madurai,Rabi,Rice,Alluvial,11.26,21.0,27.2,4.54
Coimbatore,Rabi,Green Gram,Loamy,7.89,36.4,26.5,1.3
Namakkal,Summer,Millets,Clay,0.68,103.9,33.9,0.68
Coimbatore,Rabi,Turmeric,Loamy,3.03,115.6,40.1,2.28
Madurai,Rabi,Soybean,Red,5.4,109.0,20.2,1.32
Erode,Kharif,Rice,Red,1.19,266.1,32.3,3.87
Madurai,Summer,Turmeric,Black,9.46,80.7,40.8,2.49
Namakkal,Kharif,Chilli,Black,7.0,83.1,31.4,2.07
Thanjavur,Kharif,Sunflower,Loamy,3.44,91.9,34.5,0.69
Madurai,Kharif,Sesame,Black,8.18,306.6,21.8,0.72
Dindigul,Summer,Maize,Loamy,10.65,60.4,27.2,3.39
Tiruppur,Kharif,Millets,Red,1.13,173.8,23.7,1.26
Erode,Rabi,Coconut,Alluvial,2.79,76.1,20.7,3.12
Villupuram,Kharif,Sunflower,Red,6.38,197.0,19.9,1.38
Namakkal,Kharif,Chilli,Loamy,9.82,283.5,30.9,1.07
Vellore,Summer,Black Gram,Red,11.54,108.1,22.0,0.97
Salem,Kharif,Rice,Alluvial,4.84,217.3,18.9,3.02
Namakkal,Kharif,Rice,Loamy,9.14,259.8,26.2,4.81
Dindigul,Kharif,Sugarcane,Red,7.87,239.4,24.1,6.06
Erode,Rabi,Turmeric,Alluvial,2.93,103.3,27.7,3.91
Tirunelveli,Summer,Groundnut,Clay,7.85,85.7,22.9,2.5
Salem,Summer,Banana,Clay,7.46,28.6,24.9,4.49
Thoothukudi,Rabi,Green Gram,Clay,11.45,48.9,35.2,0.81
Thoothukudi,Summer,Groundnut,Alluvial,10.57,104.9,19.0,1.04
Coimbatore,Summer,Soybean,Loamy,11.73,24.7,22.6,1.55
Cuddalore,Rabi,Rice,Alluvial,5.36,154.0,41.9,2.72
Cuddalore,Rabi,Banana,Black,2.43,107.0,29.6,3.39
Thoothukudi,Summer,Coconut,Loamy,9.53,66.2,25.9,3.26
Kancheepuram,Rabi,Coconut,Clay,2.37,120.0,28.8,3.29
Thoothukudi,Rabi,Coconut,Red,6.04,28.2,26.4,3.02
Namakkal,Rabi,Chilli,Red,5.34,65.9,30.3,3.53
Tiruppur,Summer,Millets,Red,0.88,48.3,40.6,1.02
Thanjavur,Summer,Rice,Black,6.64,34.5,29.1,3.35
Kancheepuram,Kharif,Turmeric,Alluvial,7.0,87.6,25.8,3.81
Cuddalore,Kharif,Sugarcane,Clay,11.17,100.6,41.3,3.67
Madurai,Summer,Cotton,Clay,8.48,60.4,34.4,1.29
Dindigul,Rabi,Banana,Black,11.33,79.0,28.0,4.76
Madurai,Kharif,Banana,Alluvial,11.53,209.4,33.6,4.36
Namakkal,Summer,Ragi,Black,5.02,106.2,33.0,1.22
Erode,Kharif,Sugarcane,Alluvial,7.1,104.5,25.5,5.59
Madurai,Kharif,Ragi,Alluvial,3.87,264.5,39.7,0.77
Namakkal,Kharif,Banana,Loamy,9.96,191.9,41.8,4.27
Tirunelveli,Rabi,Maize,Clay,3.99,124.4,37.7,2.65
Vellore,Rabi,Banana,Black,3.04,50.0,26.9,4.41
Thanjavur,Kharif,Coconut,Red,10.09,258.4,30.1,4.05
Vellore,Kharif,Coconut,Alluvial,6.87,158.3,35.4,3.29
Dindigul,Rabi,Black Gram,Black,7.98,117.0,38.4,0.88
Thoothukudi,Summer,Maize,Loamy,10.2,40.1,37.0,2.24
Trichy,Summer,Chilli,Black,11.96,29.1,26.5,2.82
Erode,Rabi,Sugarcane,Black,7.52,154.0,25.6,6.01
Tiruppur,Rabi,Banana,Black,11.84,97.2,33.4,3.04
Madurai,Rabi,Ragi,Black,6.88,136.7,41.9,1.51
Vellore,Kharif,Maize,Clay,9.31,300.8,24.1,2.24
Coimbatore,Summer,Sesame,Clay,2.93,107.5,26.2,0.46
Coimbatore,Kharif,Green Gram,Alluvial,2.24,216.8,30.7,0.83
Trichy,Rabi,Chilli,Alluvial,10.85,60.3,40.0,1.64
Tirunelveli,Kharif,Sunflower,Clay,9.02,313.2,26.4,0.91
Villupuram,Kharif,Green Gram,Red,3.76,81.5,21.0,1.19
Vellore,Summer,Banana,Alluvial,5.25,50.0,31.6,3.9
Kancheepuram,Kharif,Cotton,Alluvial,4.84,246.5,35.7,1.28
Salem,Rabi,Green Gram,Clay,4.75,27.4,20.2,0.78
Tirunelveli,Rabi,Maize,Alluvial,3.1,154.8,28.9,3.81
Madurai,Kharif,Sugarcane,Black,7.47,86.2,28.0,5.3
Vellore,Kharif,Ragi,Loamy,7.34,183.2,38.0,1.06
Dindigul,Summer,Soybean,Clay,11.76,98.2,27.9,1.81
Dindigul,Summer,Sunflower,Loamy,10.13,106.7,31.1,0.76
Coimbatore,Rabi,Maize,Red,4.54,115.1,32.5,3.06
Madurai,Summer,Sugarcane,Loamy,6.21,82.9,29.9,6.9
Namakkal,Summer,Black Gram,Red,7.37,70.8,36.5,1.06
Erode,Rabi,Chilli,Red,8.52,111.0,38.1,3.02
Madurai,Rabi,Cotton,Clay,3.94,134.1,39.9,0.95
Trichy,Summer,Cotton,Black,6.66,17.1,35.6,1.06
Thanjavur,Rabi,Turmeric,Loamy,10.84,28.2,26.6,3.41
Thanjavur,Rabi,Coconut,Clay,10.41,23.1,23.5,2.93
Vellore,Rabi,Green Gram,Clay,1.22,108.8,29.3,0.78
Madurai,Kharif,Sugarcane,Loamy,3.48,235.1,28.4,7.25
Thanjavur,Kharif,Green Gram,Red,5.42,62.8,36.0,1.13
Thoothukudi,Summer,Coconut,Loamy,6.92,43.3,27.1,3.53
Erode,Kharif,Soybean,Black,3.71,105.4,33.7,1.48
Thanjavur,Kharif,Green Gram,Loamy,4.61,84.3,41.4,0.9
Tiruppur,Kharif,Turmeric,Alluvial,7.93,125.8,26.9,4.0
Villupuram,Kharif,Green Gram,Black,3.05,164.4,39.7,0.44
Trichy,Kharif,Coconut,Alluvial,7.86,290.0,40.2,1.91
Dindigul,Rabi,Sesame,Red,10.52,152.1,20.9,0.83
Dindigul,Summer,Maize,Clay,11.43,46.3,19.3,2.13
Villupuram,Kharif,Millets,Clay,9.52,277.7,20.1,0.78
Coimbatore,Summer,Green Gram,Black,2.2,82.7,35.6,0.82
Cuddalore,Rabi,Coconut,Red,0.86,152.2,24.1,2.72
Erode,Kharif,Ragi,Loamy,10.84,203.0,18.0,1.45
Tirunelveli,Summer,Groundnut,Clay,9.16,88.1,22.1,2.23
Kancheepuram,Summer,Sunflower,Red,8.39,11.7,28.6,1.05
Tiruppur,Rabi,Sugarcane,Alluvial,7.33,20.8,41.3,3.3
Erode,Summer,Sunflower,Loamy,6.08,52.9,18.5,1.42
Dindigul,Summer,Millets,Loamy,2.14,40.4,29.7,1.2
Dindigul,Summer,Sesame,Alluvial,9.3,42.4,19.1,0.3
Erode,Rabi,Turmeric,Loamy,9.43,90.5,26.2,4.05
Trichy,Summer,Chilli,Black,10.75,58.8,32.8,1.78
Trichy,Summer,Sesame,Clay,4.63,91.7,26.7,0.47
Kancheepuram,Rabi,Maize,Red,5.77,139.8,31.0,3.71
Thanjavur,Rabi,Green Gram,Alluvial,5.09,73.6,19.0,0.44
Namakkal,Kharif,Sunflower,Loamy,2.54,148.5,21.1,1.27
Dindigul,Summer,Sesame,Alluvial,4.37,88.5,29.1,0.35
Trichy,Rabi,Soybean,Clay,9.16,81.0,27.9,1.36
Thoothukudi,Rabi,Chilli,Alluvial,4.91,145.6,21.4,2.57
Namakkal,Summer,Coconut,Loamy,4.9,90.7,28.3,3.6
Thoothukudi,Summer,Groundnut,Alluvial,5.21,11.0,37.8,0.88
Villupuram,Summer,Millets,Clay,1.28,61.9,40.4,0.86
Kancheepuram,Kharif,Ragi,Loamy,0.56,194.2,31.7,0.64
Kancheepuram,Summer,Sugarcane,Alluvial,7.18,66.6,38.8,4.5
Kancheepuram,Summer,Chilli,Loamy,8.06,25.4,40.0,1.4
Trichy,Summer,Cotton,Clay,2.91,55.0,31.4,1.13
Villupuram,Kharif,Sesame,Black,6.71,231.7,21.8,0.84
Kancheepuram,Summer,Millets,Black,8.07,107.8,21.4,1.0
Cuddalore,Summer,Cotton,Black,11.92,60.2,41.8,1.08
Villupuram,Rabi,Sugarcane,Alluvial,8.66,58.0,20.1,4.92
Cuddalore,Rabi,Rice,Red,10.54,100.4,29.3,4.1
Villupuram,Summer,Sugarcane,Clay,2.01,39.3,35.1,5.48
Namakkal,Kharif,Green Gram,Alluvial,10.06,145.7,34.3,0.58
Villupuram,Kharif,Chilli,Black,3.82,84.8,24.9,3.34
Cuddalore,Summer,Maize,Red,1.19,74.5,34.8,2.98
Tirunelveli,Summer,Banana,Black,8.76,53.5,20.9,3.39
Coimbatore,Summer,Sesame,Loamy,3.12,75.6,38.9,0.28
Kancheepuram,Summer,Millets,Black,3.38,23.2,34.7,1.62
Dindigul,Rabi,Chilli,Clay,8.28,24.6,21.0,2.44
Coimbatore,Kharif,Soybean,Alluvial,11.01,298.7,25.7,1.59
Thoothukudi,Rabi,Millets,Clay,1.65,112.5,30.1,1.48
Salem,Rabi,Sesame,Clay,1.38,93.8,30.0,0.78
Villupuram,Kharif,Coconut,Clay,9.19,185.9,39.9,1.67
Salem,Rabi,Sesame,Red,11.3,108.3,19.4,1.07
Namakkal,Summer,Sugarcane,Loamy,8.69,80.2,37.3,3.61
Salem,Summer,Ragi,Loamy,5.22,37.4,22.5,2.15
Thanjavur,Kharif,Sunflower,Clay,9.42,175.3,31.4,0.76
Cuddalore,Rabi,Chilli,Clay,8.67,86.9,27.7,3.16
Cuddalore,Summer,Sesame,Black,4.2,47.4,26.1,0.63
Cuddalore,Rabi,Green Gram,Clay,1.82,141.2,18.8,0.4
Vellore,Rabi,Sugarcane,Clay,2.82,112.7,29.8,6.95
Cuddalore,Summer,Groundnut,Black,7.27,73.5,36.1,1.56
Vellore,Summer,Banana,Clay,10.72,56.7,33.5,3.67
Namakkal,Summer,Rice,Alluvial,9.6,23.8,24.9,3.57
Erode,Rabi,Turmeric,Black,6.48,132.1,28.3,4.62
Villupuram,Rabi,Sugarcane,Clay,6.11,29.2,20.7,4.56
Dindigul,Rabi,Sugarcane,Red,5.06,93.2,34.2,6.34
Thoothukudi,Rabi,Sugarcane,Red,7.93,87.4,33.1,5.81
Dindigul,Kharif,Sesame,Clay,8.89,197.6,21.2,0.46
Trichy,Rabi,Millets,Clay,11.58,108.1,24.5,1.15
Kancheepuram,Rabi,Ragi,Red,11.48,149.3,21.5,2.42
Coimbatore,Summer,Banana,Loamy,0.72,48.1,39.7,3.07
Salem,Summer,Chilli,Black,0.75,19.4,34.5,1.77
Cuddalore,Summer,Sugarcane,Loamy,11.2,72.3,28.9,6.09
Madurai,Summer,Sunflower,Clay,0.77,97.4,31.7,1.13
Namakkal,Kharif,Rice,Alluvial,5.44,219.9,23.8,4.54
Thanjavur,Rabi,Sugarcane,Black,4.04,76.8,32.4,5.56
Thoothukudi,Rabi,Sugarcane,Loamy,4.1,145.0,25.6,4.52
Salem,Kharif,Maize,Black,11.16,316.3,38.8,1.29
Erode,Kharif,Groundnut,Red,3.39,204.5,25.5,1.6
Coimbatore,Summer,Sesame,Red,5.93,27.3,31.5,0.65
Tirunelveli,Rabi,Cotton,Loamy,8.15,127.6,21.7,1.28
Thanjavur,Summer,Black Gram,Red,4.66,93.0,22.0,0.75
Villupuram,Kharif,Sugarcane,Clay,10.81,234.6,39.3,5.53
Trichy,Kharif,Maize,Black,10.09,127.1,39.9,2.1
Tirunelveli,Kharif,Black Gram,Loamy,1.81,109.1,37.3,0.85
Coimbatore,Summer,Cotton,Loamy,1.72,84.6,27.2,1.95
Cuddalore,Summer,Sugarcane,Clay,9.42,98.1,20.0,4.29
Namakkal,Summer,Sesame,Loamy,3.92,77.4,32.3,0.15
Coimbatore,Rabi,Cotton,Clay,10.32,126.2,40.1,0.67
Villupuram,Summer,Cotton,Loamy,6.12,61.9,32.0,1.3
Trichy,Summer,Ragi,Black,5.41,33.5,19.9,2.16
Tiruppur,Kharif,Groundnut,Black,11.01,72.1,27.0,2.35
Tiruppur,Rabi,Groundnut,Alluvial,1.08,103.9,26.9,2.4
Salem,Kharif,Soybean,Clay,5.15,302.2,35.1,0.87
Thanjavur,Rabi,Coconut,Clay,7.29,129.0,26.4,3.89
Dindigul,Kharif,Coconut,Loamy,5.13,273.9,40.1,3.13
Trichy,Summer,Sugarcane,Black,8.7,80.8,35.7,5.07
Trichy,Summer,Maize,Alluvial,6.02,88.1,26.3,3.24
Kancheepuram,Kharif,Groundnut,Black,3.1,108.0,33.8,1.3
Erode,Summer,Sugarcane,Red,6.14,47.5,40.8,3.8
Villupuram,Rabi,Sesame,Red,5.88,140.4,24.1,0.79
Villupuram,Rabi,Turmeric,Alluvial,4.26,65.2,20.3,3.87
Vellore,Summer,Sesame,Alluvial,4.45,59.8,26.9,0.49
Thanjavur,Summer,Cotton,Loamy,3.28,61.8,32.7,1.49
Tirunelveli,Summer,Banana,Alluvial,6.81,49.5,33.8,3.82
Trichy,Kharif,Rice,Black,9.71,96.0,24.0,3.79
Thanjavur,Kharif,Maize,Black,3.96,253.4,36.6,1.95
Salem,Kharif,Black Gram,Loamy,10.4,227.7,37.9,0.72
Thanjavur,Kharif,Coconut,Loamy,1.72,244.8,26.9,4.21
Kancheepuram,Rabi,Coconut,Alluvial,3.96,25.1,41.2,1.78
Trichy,Rabi,Sesame,Black,7.75,122.0,24.8,1.04
Cuddalore,Kharif,Chilli,Loamy,6.88,160.8,32.6,2.21
Coimbatore,Kharif,Chilli,Clay,8.76,177.7,33.5,2.39
Dindigul,Rabi,Soybean,Black,9.01,91.8,39.4,1.0
Kancheepuram,Summer,Black Gram,Black,0.71,40.5,26.0,0.96
Kancheepuram,Summer,Black Gram,Red,5.81,70.6,36.8,1.0
Dindigul,Summer,Groundnut,Black,4.88,109.8,19.9,1.6
Cuddalore,Rabi,Chilli,Clay,3.94,91.3,41.6,2.03
Erode,Summer,Sesame,Alluvial,11.02,62.6,39.0,0.49
Trichy,Summer,Groundnut,Alluvial,6.06,100.8,30.8,1.31
Madurai,Kharif,Rice,Clay,11.39,102.9,30.7,4.27
Villupuram,Summer,Groundnut,Clay,1.32,52.6,24.8,1.71
Cuddalore,Rabi,Ragi,Loamy,0.77,76.7,24.2,2.08
Trichy,Summer,Sunflower,Black,2.54,76.4,32.3,0.91
Thoothukudi,Kharif,Coconut,Red,1.46,175.6,18.5,2.59
Tirunelveli,Kharif,Sunflower,Red,7.12,151.4,40.3,1.11
Salem,Kharif,Ragi,Clay,9.77,309.6,41.6,0.6
Tiruppur,Rabi,Rice,Black,11.6,55.3,38.7,2.29
Dindigul,Rabi,Black Gram,Clay,0.87,52.9,28.8,1.16
Tirunelveli,Rabi,Soybean,Loamy,2.27,43.2,37.4,1.27
Cuddalore,Kharif,Turmeric,Black,8.06,221.4,26.1,5.49
Coimbatore,Kharif,Rice,Red,9.76,164.3,19.6,2.46
Tiruppur,Kharif,Sesame,Clay,2.16,106.7,27.2,0.64
Dindigul,Kharif,Chilli,Red,11.55,252.2,36.2,1.44
Tiruppur,Summer,Cotton,Alluvial,1.57,20.4,31.3,1.48
Coimbatore,Summer,Groundnut,Clay,6.06,44.4,33.1,1.7
Madurai,Summer,Turmeric,Red,10.46,86.6,36.0,2.03
Thoothukudi,Kharif,Coconut,Alluvial,5.16,99.1,19.7,2.94
Trichy,Kharif,Chilli,Red,9.46,101.0,39.2,2.44
Kancheepuram,Rabi,Groundnut,Alluvial,5.27,49.4,20.2,2.01
Dindigul,Rabi,Rice,Black,1.21,36.6,25.4,4.43
Cuddalore,Rabi,Black Gram,Alluvial,10.38,112.2,31.8,1.2
Tirunelveli,Summer,Sesame,Red,1.74,15.1,27.2,0.71
Dindigul,Rabi,Maize,Black,9.21,139.4,20.7,2.7
Madurai,Rabi,Soybean,Clay,0.72,159.1,31.2,1.37
Namakkal,Kharif,Black Gram,Alluvial,4.44,135.5,27.9,1.35
Kancheepuram,Rabi,Turmeric,Alluvial,3.29,30.8,26.0,3.48
Namakkal,Kharif,Groundnut,Clay,6.95,187.4,36.9,0.8
Tirunelveli,Summer,Ragi,Alluvial,2.68,79.6,27.5,1.93
Cuddalore,Kharif,Green Gram,Loamy,7.99,238.3,37.5,0.89
Cuddalore,Summer,Sunflower,Loamy,9.56,31.5,27.9,1.0
Vellore,Summer,Sesame,Clay,6.06,13.5,20.7,0.3
Erode,Summer,Ragi,Black,11.39,58.5,33.1,1.54
Trichy,Summer,Maize,Clay,1.45,63.7,32.8,2.42
Madurai,Rabi,Ragi,Alluvial,11.02,26.6,23.1,2.4
Erode,Kharif,Green Gram,Red,2.57,170.5,26.4,0.81
Vellore,Rabi,Turmeric,Alluvial,2.9,40.1,39.1,1.59
Kancheepuram,Kharif,Sugarcane,Clay,3.24,99.0,18.7,4.5
Salem,Kharif,Chilli,Alluvial,8.71,188.7,33.1,1.47
Erode,Kharif,Sugarcane,Alluvial,8.85,316.6,20.7,4.74
Namakkal,Summer,Turmeric,Black,3.26,52.4,30.1,2.07
Thoothukudi,Kharif,Chilli,Clay,11.94,315.8,37.1,1.51
Dindigul,Kharif,Chilli,Black,1.82,224.2,34.0,1.92
Villupuram,Kharif,Cotton,Alluvial,2.35,237.4,19.9,0.72
Salem,Kharif,Banana,Loamy,10.68,153.9,27.5,5.55
Dindigul,Rabi,Sugarcane,Alluvial,11.77,119.1,24.6,5.82
Vellore,Rabi,Black Gram,Clay,5.17,74.7,20.1,1.08
Cuddalore,Kharif,Soybean,Clay,5.42,94.1,20.2,1.77
Vellore,Rabi,Ragi,Alluvial,10.52,125.6,26.4,2.0
Dindigul,Summer,Black Gram,Alluvial,1.46,49.9,18.4,0.82
Tiruppur,Kharif,Sugarcane,Red,10.39,81.8,32.4,5.33
Tirunelveli,Kharif,Turmeric,Clay,8.0,299.6,22.8,4.51
Dindigul,Summer,Cotton,Black,3.14,23.2,18.9,0.71
Kancheepuram,Summer,Maize,Black,5.3,67.3,28.2,3.73
Erode,Rabi,Black Gram,Red,7.47,76.5,25.7,1.53
Thanjavur,Rabi,Soybean,Clay,4.65,27.1,20.7,1.09
Dindigul,Summer,Sunflower,Red,11.89,73.9,36.0,1.09
Salem,Rabi,Sunflower,Alluvial,1.08,154.9,20.8,1.37
Salem,Rabi,Rice,Black,9.77,148.1,31.5,3.99
Tirunelveli,Kharif,Groundnut,Alluvial,3.78,90.8,24.6,2.81
Thanjavur,Rabi,Soybean,Red,1.97,40.8,23.7,1.48
Dindigul,Rabi,Cotton,Alluvial,9.24,157.4,37.4,1.04
Vellore,Summer,Rice,Black,10.44,37.6,37.0,1.9
Erode,Rabi,Ragi,Loamy,10.74,58.3,27.7,2.05
Coimbatore,Rabi,Millets,Loamy,6.91,46.3,39.0,1.26
Thanjavur,Kharif,Maize,Loamy,8.08,71.4,40.5,2.03
Vellore,Rabi,Rice,Black,11.33,157.5,36.5,3.58
Madurai,Summer,Millets,Clay,6.92,32.2,29.0,1.38
Vellore,Kharif,Turmeric,Red,11.06,189.8,32.8,3.53
Cuddalore,Kharif,Chilli,Loamy,11.21,235.8,39.1,1.41
Trichy,Rabi,Maize,Red,5.95,94.7,21.3,3.15
Kancheepuram,Rabi,Banana,Red,6.7,51.6,27.5,4.11
Tirunelveli,Summer,Soybean,Loamy,4.11,58.2,24.8,1.54
Dindigul,Rabi,Banana,Alluvial,0.84,127.2,36.7,2.96
Trichy,Summer,Rice,Clay,6.55,86.9,37.8,3.29
Trichy,Rabi,Turmeric,Loamy,5.57,61.1,28.2,4.14
Salem,Kharif,Maize,Loamy,9.29,187.3,36.3,1.9
Thanjavur,Rabi,Cotton,Clay,7.69,142.4,31.7,1.33
Thanjavur,Rabi,Ragi,Clay,11.28,148.4,31.6,0.97
Namakkal,Rabi,Rice,Red,9.82,155.5,41.7,3.06
Salem,Rabi,Groundnut,Red,2.08,145.8,28.6,2.29
Tiruppur,Rabi,Turmeric,Loamy,5.92,149.4,39.6,2.57
Erode,Rabi,Groundnut,Clay,10.84,56.0,25.7,2.06
Vellore,Kharif,Ragi,Loamy,9.72,280.2,20.7,1.26
Dindigul,Summer,Ragi,Loamy,0.51,59.0,23.1,1.94
Dindigul,Kharif,Cotton,Black,11.75,282.6,33.8,1.08
Tiruppur,Rabi,Sunflower,Black,4.59,120.7,41.3,0.74
Vellore,Rabi,Coconut,Alluvial,10.36,140.5,20.1,3.47
Madurai,Rabi,Maize,Loamy,1.31,135.0,39.9,1.49
Dindigul,Rabi,Ragi,Loamy,8.37,30.0,36.4,1.22
Tiruppur,Summer,Black Gram,Alluvial,8.52,41.9,22.4,0.69
Tiruppur,Kharif,Sugarcane,Black,2.23,238.2,25.2,6.07
Vellore,Summer,Black Gram,Loamy,9.15,51.7,35.1,0.58
Villupuram,Summer,Green Gram,Loamy,7.06,19.0,41.5,0.8
Cuddalore,Summer,Sunflower,Loamy,2.74,36.6,24.1,1.15
Erode,Kharif,Ragi,Alluvial,5.18,230.6,18.4,1.55
Thanjavur,Kharif,Groundnut,Loamy,5.89,100.7,26.4,2.37
Vellore,Rabi,Millets,Red,9.77,26.1,31.3,1.92
Vellore,Rabi,Chilli,Alluvial,10.6,55.9,27.9,3.19
Erode,Summer,Turmeric,Black,2.85,79.4,41.3,2.96
Tiruppur,Kharif,Turmeric,Clay,11.9,150.5,37.1,3.13
Villupuram,Rabi,Maize,Black,5.99,52.1,20.1,2.56
Salem,Summer,Sunflower,Clay,10.96,101.0,38.1,0.52
Namakkal,Kharif,Rice,Clay,11.02,240.9,34.9,3.95
Tiruppur,Summer,Soybean,Black,1.92,105.0,20.7,1.56
Kancheepuram,Summer,Soybean,Alluvial,10.71,92.2,34.1,1.39
Erode,Summer,Soybean,Black,9.75,10.4,33.5,1.14
Thoothukudi,Kharif,Sunflower,Red,3.5,60.9,39.4,0.89
Vellore,Kharif,Rice,Loamy,1.0,263.6,38.8,2.99
Tirunelveli,Summer,Sesame,Black,7.44,14.4,36.1,0.53
Salem,Rabi,Rice,Alluvial,10.06,29.7,38.3,2.48
Kancheepuram,Kharif,Groundnut,Loamy,3.32,296.4,34.2,0.79
Salem,Rabi,Groundnut,Alluvial,7.1,27.4,32.9,1.73
Thoothukudi,Kharif,Rice,Clay,10.95,208.6,22.5,3.58
Kancheepuram,Summer,Sesame,Black,7.32,12.9,25.5,0.46
Namakkal,Rabi,Millets,Alluvial,4.8,42.6,31.6,1.93
Dindigul,Rabi,Sugarcane,Black,2.11,47.0,35.3,4.05
Namakkal,Kharif,Green Gram,Loamy,3.66,275.0,25.6,0.83
Salem,Kharif,Cotton,Clay,0.7,111.9,38.7,1.37
Vellore,Rabi,Ragi,Red,6.15,77.4,22.1,2.95
Kancheepuram,Summer,Green Gram,Red,6.63,67.4,32.8,1.11
Kancheepuram,Summer,Maize,Black,3.65,106.4,41.3,2.52
Erode,Kharif,Maize,Black,6.59,121.9,29.8,3.73
Erode,Kharif,Sugarcane,Clay,8.53,275.9,35.4,6.34
Dindigul,Kharif,Groundnut,Red,10.29,211.6,21.6,1.75
Villupuram,Kharif,Coconut,Black,0.7,314.3,23.7,3.3
Cuddalore,Rabi,Soybean,Alluvial,10.1,100.6,32.5,1.46
Tiruppur,Rabi,Cotton,Alluvial,5.78,135.9,25.2,1.21
Villupuram,Kharif,Maize,Black,0.88,73.1,26.6,3.24
Villupuram,Kharif,Rice,Alluvial,2.76,308.7,24.6,4.23
Namakkal,Summer,Soybean,Alluvial,10.6,15.4,41.9,0.46
Coimbatore,Summer,Millets,Loamy,5.17,43.2,27.8,1.47
Salem,Summer,Rice,Black,3.95,92.8,19.9,3.03
Thoothukudi,Summer,Black Gram,Red,0.99,92.9,20.9,0.87
Madurai,Rabi,Rice,Red,6.99,50.5,34.8,3.19
Villupuram,Kharif,Coconut,Red,7.73,127.9,40.3,2.45
Tirunelveli,Summer,Chilli,Red,4.44,90.0,23.8,3.77
Namakkal,Kharif,Groundnut,Alluvial,10.13,227.0,39.6,0.96
Namakkal,Summer,Cotton,Black,3.37,86.7,38.7,1.0
Thoothukudi,Summer,Rice,Clay,10.82,84.4,29.4,4.15
Thoothukudi,Summer,Groundnut,Alluvial,4.17,46.3,20.5,1.71
Madurai,Rabi,Coconut,Loamy,7.98,146.2,26.2,3.51
Namakkal,Summer,Black Gram,Red,3.41,84.7,37.4,1.0
Coimbatore,Summer,Cotton,Red,11.51,52.1,36.1,1.39
Thanjavur,Kharif,Chilli,Clay,2.6,261.5,24.4,2.13
Trichy,Kharif,Banana,Alluvial,11.07,169.2,33.8,3.95
Thanjavur,Summer,Rice,Loamy,1.5,52.2,18.7,2.46
Namakkal,Rabi,Chilli,Loamy,5.17,58.9,30.0,3.34
Erode,Rabi,Maize,Alluvial,8.37,100.6,20.7,3.37
Trichy,Rabi,Sesame,Loamy,10.23,27.2,33.8,0.58
Kancheepuram,Rabi,Banana,Red,8.39,98.9,33.5,4.43
Madurai,Rabi,Millets,Black,5.12,20.5,22.2,1.69
Villupuram,Rabi,Green Gram,Alluvial,10.18,143.0,21.9,0.52
Salem,Summer,Maize,Loamy,9.87,47.8,35.6,2.22
Madurai,Rabi,Soybean,Loamy,2.52,25.1,27.3,1.27
Thoothukudi,Rabi,Green Gram,Black,8.84,131.0,24.7,0.84
Kancheepuram,Rabi,Banana,Red,9.38,129.0,40.9,2.38
Cuddalore,Summer,Groundnut,Loamy,4.81,16.9,22.1,1.52
Erode,Summer,Cotton,Clay,11.63,30.1,38.7,0.5
Tiruppur,Rabi,Green Gram,Clay,8.96,148.5,38.8,0.74
Cuddalore,Summer,Sesame,Clay,10.34,62.8,40.5,0.21
Villupuram,Summer,Rice,Loamy,8.79,31.5,28.8,3.75
Salem,Kharif,Maize,Alluvial,4.75,71.1,23.0,3.59
Tiruppur,Summer,Soybean,Clay,5.3,94.7,24.2,1.93
Salem,Kharif,Coconut,Red,0.84,227.9,35.5,3.36
Tiruppur,Kharif,Sesame,Clay,2.42,226.7,41.6,0.15
Tirunelveli,Kharif,Groundnut,Alluvial,11.2,297.1,18.6,1.19
Vellore,Rabi,Sunflower,Loamy,10.07,142.2,22.2,1.16
Kancheepuram,Rabi,Millets,Red,2.64,108.2,41.1,1.07
Salem,Summer,Cotton,Loamy,11.87,54.4,39.1,0.98
Kancheepuram,Rabi,Rice,Red,10.55,81.6,30.6,4.04
Thoothukudi,Summer,Turmeric,Red,1.89,86.0,25.0,4.79
Salem,Rabi,Ragi,Black,1.07,71.9,29.2,2.36
Madurai,Kharif,Green Gram,Clay,5.81,154.6,33.5,0.87
Madurai,Kharif,Soybean,Black,10.92,205.0,36.8,1.4
Thoothukudi,Kharif,Millets,Red,4.08,240.6,32.1,1.19
Erode,Summer,Groundnut,Black,6.56,36.8,34.7,0.85
Thoothukudi,Rabi,Rice,Red,5.27,75.5,27.0,3.96
Vellore,Rabi,Ragi,Loamy,8.26,37.8,29.1,1.75
Kancheepuram,Rabi,Chilli,Clay,0.51,148.6,25.0,2.67
Trichy,Rabi,Green Gram,Alluvial,1.1,95.5,39.0,0.84
Erode,Kharif,Ragi,Clay,2.88,78.1,26.2,2.22
Dindigul,Summer,Millets,Red,8.44,31.6,38.1,1.26
Salem,Kharif,Rice,Red,1.66,68.7,32.3,3.95
Salem,Rabi,Maize,Loamy,4.05,88.7,20.2,3.94
Cuddalore,Rabi,Soybean,Loamy,5.59,50.4,19.0,0.98
Thoothukudi,Rabi,Soybean,Alluvial,8.27,131.1,36.6,0.76
Dindigul,Kharif,Sunflower,Clay,4.07,265.3,33.0,0.25
Salem,Rabi,Sesame,Clay,1.85,71.0,39.4,0.62
Tirunelveli,Summer,Soybean,Loamy,8.31,13.5,41.5,0.24
Kancheepuram,Summer,Green Gram,Black,3.5,94.1,21.9,0.66
Cuddalore,Kharif,Maize,Black,3.69,81.9,31.3,2.47
Villupuram,Rabi,Cotton,Alluvial,10.57,58.0,30.0,1.09
Vellore,Rabi,Cotton,Clay,0.84,45.2,25.7,1.87
Vellore,Kharif,Millets,Clay,11.62,183.0,30.9,1.28
Thanjavur,Summer,Ragi,Clay,7.41,90.9,37.5,1.17
Coimbatore,Summer,Coconut,Loamy,3.22,12.2,20.1,2.5
Salem,Summer,Groundnut,Loamy,5.6,34.2,22.2,1.95
Kancheepuram,Rabi,Coconut,Red,9.29,113.5,40.4,2.29
Tirunelveli,Summer,Maize,Black,9.27,105.4,36.5,1.89
Salem,Kharif,Banana,Alluvial,11.55,125.5,29.1,5.02
Trichy,Rabi,Chilli,Black,2.87,123.6,21.4,2.79
Tirunelveli,Summer,Ragi,Red,3.8,96.6,27.5,2.0
Erode,Summer,Black Gram,Clay,6.44,17.9,24.5,0.49
Coimbatore,Kharif,Maize,Alluvial,8.03,63.2,38.8,1.95
Cuddalore,Rabi,Soybean,Alluvial,1.69,116.7,23.1,1.43
Erode,Rabi,Chilli,Alluvial,5.49,63.0,38.8,1.28
Dindigul,Rabi,Ragi,Alluvial,7.3,110.4,38.4,1.43
Coimbatore,Summer,Black Gram,Red,1.78,87.6,24.1,1.03
Villupuram,Kharif,Sugarcane,Alluvial,1.22,294.3,41.2,4.11
Madurai,Summer,Maize,Loamy,8.48,102.9,36.9,2.44
Cuddalore,Kharif,Maize,Loamy,8.9,151.4,28.3,3.43
Salem,Rabi,Coconut,Black,5.34,28.5,38.7,2.48
Trichy,Kharif,Ragi,Clay,9.2,302.7,38.6,0.82
Salem,Rabi,Black Gram,Alluvial,7.31,80.2,41.0,1.13
Villupuram,Kharif,Sesame,Alluvial,3.43,157.4,30.0,0.52
Thoothukudi,Rabi,Millets,Black,2.58,116.1,25.6,1.42
Salem,Rabi,Cotton,Clay,4.85,28.0,26.5,1.88
Salem,Summer,Ragi,Red,2.5,74.2,23.1,2.57
Dindigul,Kharif,Soybean,Red,5.26,270.8,31.9,0.84
Villupuram,Rabi,Soybean,Red,10.13,153.1,26.0,1.84
Tiruppur,Rabi,Cotton,Loamy,10.22,153.3,27.0,1.66
Coimbatore,Summer,Maize,Alluvial,11.39,31.7,32.6,2.95
Tiruppur,Rabi,Maize,Black,3.02,77.5,21.4,3.21
Namakkal,Kharif,Soybean,Loamy,4.84,221.3,37.1,0.5
Madurai,Kharif,Cotton,Black,3.91,199.2,23.9,1.47
Namakkal,Kharif,Cotton,Clay,9.28,217.7,38.2,0.58
Namakkal,Summer,Coconut,Alluvial,10.1,47.6,31.1,3.89
Vellore,Summer,Ragi,Alluvial,8.67,99.7,31.7,1.47
Madurai,Kharif,Maize,Clay,6.93,186.8,33.7,1.51
Thanjavur,Summer,Ragi,Loamy,10.46,67.8,24.9,2.26
Salem,Kharif,Sunflower,Black,2.28,260.4,19.3,1.0
Vellore,Rabi,Black Gram,Red,4.35,122.0,27.5,1.45
Coimbatore,Kharif,Black Gram,Loamy,5.67,65.9,25.1,0.9
Tiruppur,Summer,Sunflower,Black,10.18,20.4,18.2,1.24
Madurai,Kharif,Chilli,Clay,5.29,78.9,28.9,3.16
Coimbatore,Rabi,Chilli,Red,6.32,96.5,25.2,3.19
Cuddalore,Kharif,Sunflower,Clay,5.51,102.4,23.8,1.61
Trichy,Kharif,Chilli,Alluvial,10.84,119.3,24.0,2.81
Trichy,Rabi,Maize,Red,7.41,20.9,39.2,1.93
Erode,Rabi,Green Gram,Clay,7.72,150.7,24.5,0.91
Salem,Kharif,Coconut,Black,6.29,168.7,39.3,2.15
Villupuram,Summer,Sunflower,Red,10.52,93.9,30.0,0.91
Kancheepuram,Summer,Ragi,Black,10.08,54.5,31.9,1.1
Erode,Rabi,Black Gram,Alluvial,0.81,106.4,31.4,1.6
Namakkal,Summer,Sesame,Loamy,11.49,104.3,32.8,0.55
Cuddalore,Rabi,Coconut,Black,5.75,106.2,40.8,1.96
Thanjavur,Summer,Coconut,Red,1.83,48.3,20.5,2.36
Kancheepuram,Rabi,Millets,Red,8.76,23.3,38.9,1.41
Thanjavur,Rabi,Black Gram,Clay,2.55,35.8,25.5,0.65
Namakkal,Kharif,Coconut,Alluvial,9.52,71.0,32.7,3.28
Vellore,Summer,Green Gram,Black,7.91,99.7,21.3,0.82
Tiruppur,Kharif,Sugarcane,Red,11.23,232.8,24.4,6.24
Tirunelveli,Kharif,Sesame,Clay,3.72,63.8,40.9,0.53
Erode,Rabi,Banana,Alluvial,10.72,45.6,23.1,4.22
Vellore,Kharif,Maize,Alluvial,6.03,137.7,26.7,3.93
Coimbatore,Kharif,Soybean,Alluvial,11.87,127.5,23.5,2.02
Tiruppur,Summer,Green Gram,Clay,3.51,54.9,41.5,0.48
Cuddalore,Kharif,Maize,Red,4.1,289.1,21.3,2.33
Kancheepuram,Rabi,Sunflower,Red,8.99,79.5,20.9,1.73
Salem,Rabi,Turmeric,Loamy,4.78,148.1,20.0,4.4
Madurai,Summer,Sugarcane,Black,8.09,66.6,34.4,6.91
Salem,Summer,Ragi,Loamy,10.85,79.8,25.4,2.68
Trichy,Kharif,Ragi,Clay,7.51,150.3,37.5,0.95
Villupuram,Rabi,Turmeric,Loamy,4.88,152.6,30.2,3.94
Erode,Kharif,Banana,Clay,2.13,88.2,33.7,5.09
Namakkal,Summer,Banana,Clay,1.53,62.2,21.5,3.54
Tirunelveli,Rabi,Ragi,Alluvial,2.33,139.1,32.1,1.39
Coimbatore,Rabi,Soybean,Loamy,9.69,32.5,20.9,1.63
Dindigul,Rabi,Maize,Red,5.88,109.4,26.7,3.51
Kancheepuram,Rabi,Rice,Black,11.18,125.7,34.6,3.23
Thanjavur,Summer,Sesame,Loamy,1.26,18.5,39.2,0.22
Erode,Summer,Banana,Clay,1.09,31.7,31.2,4.28
Vellore,Summer,Groundnut,Clay,6.66,20.5,37.8,1.25
Erode,Summer,Millets,Clay,1.51,34.9,26.0,1.16
Thoothukudi,Summer,Millets,Clay,3.23,23.1,39.0,0.77
Erode,Kharif,Maize,Black,8.84,186.7,25.9,4.09
Vellore,Kharif,Ragi,Black,2.75,197.8,28.1,1.56
Thanjavur,Rabi,Turmeric,Clay,11.73,131.7,37.8,1.51
Dindigul,Rabi,Rice,Alluvial,3.42,22.3,36.9,3.77
Tirunelveli,Kharif,Maize,Red,5.11,310.2,24.5,2.22
Tiruppur,Kharif,Sunflower,Red,10.51,170.8,22.6,1.03
Kancheepuram,Summer,Groundnut,Loamy,2.45,20.0,26.4,1.48
Cuddalore,Kharif,Green Gram,Loamy,9.71,216.0,36.2,0.76
Kancheepuram,Kharif,Sesame,Loamy,11.38,318.6,24.5,0.38
Erode,Rabi,Rice,Black,5.72,153.5,39.0,2.71
Tirunelveli,Rabi,Banana,Black,4.07,90.9,18.3,3.16
Erode,Rabi,Maize,Black,7.74,25.9,40.5,2.53
Tiruppur,Rabi,Maize,Clay,0.5,24.9,24.8,3.15
Salem,Summer,Sugarcane,Loamy,5.46,108.0,31.6,6.92
Tiruppur,Kharif,Green Gram,Clay,3.33,136.7,24.6,0.59
Villupuram,Rabi,Sugarcane,Loamy,8.86,28.4,22.8,3.09
Cuddalore,Kharif,Turmeric,Black,1.62,274.2,32.9,3.83
Kancheepuram,Kharif,Sesame,Loamy,9.99,284.2,23.8,0.46
Thoothukudi,Rabi,Sunflower,Alluvial,0.92,57.1,36.4,1.41
Thoothukudi,Kharif,Rice,Red,3.44,277.1,31.2,3.64
Tiruppur,Kharif,Millets,Red,9.93,146.2,23.3,1.31
Kancheepuram,Rabi,Groundnut,Black,8.24,57.1,21.6,1.81
Kancheepuram,Rabi,Sugarcane,Clay,6.97,41.9,19.3,2.58
Thoothukudi,Summer,Groundnut,Loamy,7.33,16.7,36.1,1.28
Thoothukudi,Kharif,Maize,Alluvial,3.72,289.7,18.8,2.46
Trichy,Summer,Sugarcane,Clay,0.98,91.3,41.1,3.92
Madurai,Rabi,Ragi,Red,0.84,121.3,35.9,1.86
Thoothukudi,Kharif,Millets,Loamy,10.86,257.6,20.7,0.61
Erode,Rabi,Sugarcane,Red,0.82,26.3,38.1,3.41
Trichy,Kharif,Green Gram,Alluvial,7.55,275.6,23.5,0.54
Tiruppur,Summer,Turmeric,Alluvial,0.92,106.2,32.6,2.87
Salem,Rabi,Ragi,Clay,9.17,38.3,23.0,2.31
Villupuram,Kharif,Banana,Alluvial,10.3,141.5,39.6,3.19
Tirunelveli,Summer,Millets,Black,10.11,25.3,29.5,1.7
Villupuram,Kharif,Sugarcane,Black,4.3,147.9,34.1,6.2
Madurai,Summer,Turmeric,Clay,6.95,98.9,26.4,4.1
Namakkal,Kharif,Turmeric,Red,11.08,116.6,19.2,3.73
Villupuram,Rabi,Green Gram,Red,3.4,88.8,29.9,1.18
Kancheepuram,Summer,Sesame,Alluvial,9.7,10.2,25.2,0.33
Cuddalore,Rabi,Groundnut,Black,8.93,121.3,32.1,1.73
Cuddalore,Rabi,Millets,Red,10.27,122.6,32.4,1.4
Salem,Kharif,Green Gram,Alluvial,10.2,106.3,34.5,0.83
Madurai,Summer,Cotton,Alluvial,11.45,52.3,27.1,1.89
Villupuram,Kharif,Sesame,Clay,4.47,228.4,35.2,0.28
Thanjavur,Kharif,Sunflower,Loamy,4.36,173.9,23.5,0.91
Cuddalore,Kharif,Millets,Black,11.53,224.3,21.2,0.91
Salem,Kharif,Cotton,Black,10.77,153.5,27.8,2.04
Kancheepuram,Kharif,Rice,Loamy,3.88,86.7,25.9,4.11
Trichy,Kharif,Cotton,Red,8.22,62.9,24.6,2.15
Villupuram,Kharif,Groundnut,Clay,8.7,304.8,36.7,0.58
Dindigul,Rabi,Maize,Loamy,1.66,62.2,21.3,3.27
Villupuram,Summer,Coconut,Alluvial,10.07,89.0,18.8,3.17
Trichy,Summer,Groundnut,Clay,8.19,12.6,31.6,1.14
Dindigul,Kharif,Groundnut,Black,3.84,238.1,37.3,1.02
Coimbatore,Summer,Ragi,Clay,6.25,98.2,30.0,1.94
Salem,Kharif,Sunflower,Red,9.85,192.4,19.4,1.28
Coimbatore,Rabi,Ragi,Red,6.58,109.1,26.7,2.38
Dindigul,Kharif,Ragi,Black,1.26,108.4,29.1,2.09
Tirunelveli,Rabi,Banana,Alluvial,3.36,60.7,23.5,4.36
Erode,Kharif,Turmeric,Loamy,6.77,239.8,20.1,4.96
Erode,Rabi,Millets,Loamy,11.97,82.2,35.2,1.76
Tiruppur,Rabi,Sunflower,Red,2.88,29.7,25.2,1.48
Thoothukudi,Summer,Sunflower,Alluvial,8.72,98.4,25.8,1.1
Madurai,Kharif,Maize,Alluvial,3.5,141.9,37.2,2.23
Coimbatore,Rabi,Turmeric,Red,7.35,94.5,27.6,3.65
Dindigul,Summer,Groundnut,Red,1.02,48.1,39.6,1.12
Vellore,Rabi,Ragi,Alluvial,6.87,43.9,32.0,1.57
Tiruppur,Kharif,Chilli,Black,2.68,272.5,34.6,1.26
Villupuram,Rabi,Sesame,Black,3.35,82.3,41.8,0.88
Cuddalore,Summer,Millets,Clay,1.46,70.2,41.4,0.91
Thanjavur,Rabi,Cotton,Alluvial,3.73,69.1,28.0,1.77
Madurai,Kharif,Banana,Loamy,3.45,110.9,39.6,2.9
Kancheepuram,Summer,Sesame,Black,1.91,66.3,18.6,0.63
Dindigul,Summer,Cotton,Black,4.24,86.4,39.2,1.3
Cuddalore,Summer,Groundnut,Loamy,7.92,48.3,31.8,1.22
Kancheepuram,Kharif,Coconut,Clay,2.08,127.2,29.5,3.98
Madurai,Kharif,Groundnut,Clay,9.96,258.8,37.4,0.75
Thoothukudi,Rabi,Chilli,Black,0.66,25.6,35.0,1.44
Namakkal,Rabi,Sugarcane,Red,6.65,53.1,28.6,4.45
Thoothukudi,Rabi,Sesame,Clay,0.65,78.9,35.8,0.6
Cuddalore,Rabi,Soybean,Black,4.07,100.5,25.4,2.19
Madurai,Rabi,Sunflower,Black,9.04,56.2,32.1,1.09
Madurai,Kharif,Ragi,Black,9.87,156.5,22.7,2.22
Thanjavur,Rabi,Black Gram,Red,9.75,97.3,23.7,1.15
Dindigul,Rabi,Green Gram,Black,11.98,92.9,35.4,1.17
Trichy,Rabi,Cotton,Loamy,11.7,31.2,39.8,0.15
Madurai,Rabi,Soybean,Red,8.4,49.0,41.8,0.85
Salem,Summer,Sunflower,Alluvial,3.9,85.9,40.4,1.07
Dindigul,Summer,Groundnut,Red,1.25,92.5,30.0,2.09
Dindigul,Rabi,Groundnut,Alluvial,1.46,34.2,37.3,0.93
Dindigul,Rabi,Rice,Loamy,6.63,90.4,22.0,3.18
Thanjavur,Kharif,Sunflower,Loamy,0.87,146.6,23.4,1.03
Vellore,Summer,Coconut,Black,11.07,38.8,40.8,1.79
Namakkal,Rabi,Millets,Clay,4.43,41.0,31.6,1.62
Thoothukudi,Kharif,Green Gram,Clay,9.07,233.3,30.8,0.5
Dindigul,Rabi,Soybean,Red,10.05,41.2,27.7,1.34
Vellore,Summer,Chilli,Alluvial,8.49,30.8,22.6,2.44
Thanjavur,Kharif,Maize,Black,6.51,296.4,34.4,1.9
Salem,Summer,Coconut,Clay,7.88,72.7,19.2,3.04
Namakkal,Summer,Cotton,Loamy,7.53,28.9,38.5,0.78
Trichy,Kharif,Coconut,Black,6.99,249.6,18.2,2.73
Coimbatore,Summer,Rice,Red,1.2,82.8,37.2,2.63
Trichy,Summer,Turmeric,Alluvial,6.33,108.2,32.3,3.09
Trichy,Summer,Maize,Alluvial,8.06,63.4,32.4,3.58
Vellore,Summer,Black Gram,Red,4.64,68.4,33.3,1.45
Cuddalore,Rabi,Millets,Clay,2.48,125.2,25.1,1.03
Villupuram,Kharif,Ragi,Alluvial,5.93,203.5,25.7,1.35
Salem,Rabi,Millets,Black,11.15,32.5,19.2,1.25
Vellore,Kharif,Chilli,Clay,8.58,311.1,36.5,1.79
Trichy,Summer,Maize,Red,2.68,54.0,39.2,2.02
Thoothukudi,Rabi,Maize,Loamy,10.52,140.8,21.9,3.02
Villupuram,Rabi,Sesame,Red,0.97,39.3,18.0,0.86
Kancheepuram,Summer,Sugarcane,Alluvial,6.95,22.4,31.4,6.58
Namakkal,Summer,Cotton,Loamy,2.47,105.9,32.4,1.35
Vellore,Rabi,Chilli,Alluvial,7.52,44.0,32.1,2.39
Tiruppur,Rabi,Black Gram,Red,3.86,130.9,25.9,1.44
Salem,Kharif,Green Gram,Red,11.94,141.4,40.5,0.82
Tirunelveli,Rabi,Chilli,Clay,2.3,43.5,37.1,2.29
Tiruppur,Rabi,Sugarcane,Red,10.39,101.9,22.8,2.72
Cuddalore,Rabi,Sunflower,Loamy,11.19,114.3,21.9,1.56
Trichy,Rabi,Soybean,Clay,2.08,20.3,34.6,1.19
Coimbatore,Summer,Maize,Clay,3.24,68.9,29.4,3.61
Kancheepuram,Summer,Banana,Alluvial,6.22,17.5,32.4,3.47
Thoothukudi,Summer,Millets,Clay,4.65,64.9,33.9,1.21
Thoothukudi,Kharif,Cotton,Loamy,5.03,94.0,36.1,1.42
Trichy,Kharif,Sugarcane,Black,8.53,191.6,26.4,6.41
Erode,Kharif,Ragi,Red,11.69,109.4,33.9,1.49
Namakkal,Rabi,Sugarcane,Alluvial,7.74,54.4,36.1,5.02
Kancheepuram,Summer,Cotton,Alluvial,10.09,22.3,37.1,0.84
Erode,Summer,Turmeric,Red,1.2,16.1,23.8,3.54
Coimbatore,Summer,Soybean,Loamy,8.09,97.6,33.7,1.1
Dindigul,Rabi,Coconut,Loamy,1.69,127.0,24.8,3.36
Cuddalore,Summer,Groundnut,Red,1.93,66.8,25.7,2.44
Cuddalore,Kharif,Maize,Black,6.11,142.4,31.4,3.23
Coimbatore,Rabi,Turmeric,Red,1.32,84.0,36.7,2.13
Madurai,Kharif,Chilli,Black,10.5,62.2,20.6,3.04
Salem,Summer,Chilli,Red,2.15,23.5,32.6,2.71
Salem,Kharif,Rice,Loamy,7.42,205.9,35.2,3.86
Coimbatore,Kharif,Groundnut,Loamy,7.46,99.5,35.7,1.89
Erode,Rabi,Maize,Alluvial,6.94,150.5,24.2,3.4
Cuddalore,Rabi,Banana,Clay,3.33,44.5,20.6,3.63
Vellore,Kharif,Groundnut,Clay,8.99,196.2,22.3,1.42
Trichy,Rabi,Cotton,Clay,1.66,122.7,39.1,0.39
Erode,Kharif,Cotton,Black,9.89,60.4,19.7,1.98
Villupuram,Kharif,Black Gram,Black,4.03,258.8,36.1,0.88
Thanjavur,Summer,Cotton,Red,3.67,98.3,34.8,1.59
Tiruppur,Rabi,Millets,Black,9.31,106.0,24.3,1.29
Cuddalore,Summer,Soybean,Red,5.11,82.9,38.7,1.13
Villupuram,Kharif,Black Gram,Clay,6.89,154.2,35.4,0.95
Tiruppur,Kharif,Banana,Black,3.28,218.3,26.8,4.62
Dindigul,Summer,Maize,Loamy,10.45,84.2,31.5,3.06
Namakkal,Rabi,Rice,Loamy,11.81,133.0,30.7,4.27
Vellore,Kharif,Cotton,Red,7.25,159.3,32.1,1.56
Erode,Rabi,Ragi,Alluvial,9.05,130.9,42.0,1.35
Villupuram,Summer,Green Gram,Loamy,4.05,49.0,19.5,0.71
Coimbatore,Summer,Banana,Clay,1.42,86.4,35.2,3.56
Tirunelveli,Kharif,Banana,Red,10.67,122.4,32.5,4.17
Trichy,Rabi,Maize,Alluvial,4.51,64.9,32.3,2.7
Tiruppur,Kharif,Sesame,Clay,2.88,127.1,31.7,0.62
Erode,Summer,Maize,Loamy,3.38,54.3,27.0,3.31
Kancheepuram,Summer,Chilli,Loamy,9.76,17.5,38.8,1.62
Tiruppur,Summer,Coconut,Loamy,1.07,45.4,35.8,2.84
Vellore,Summer,Sugarcane,Loamy,8.0,79.7,39.3,3.59
Erode,Summer,Ragi,Clay,7.59,106.3,28.6,1.74
Namakkal,Kharif,Maize,Loamy,8.16,114.2,27.3,3.85
Thoothukudi,Summer,Millets,Black,5.16,20.7,41.7,0.53
Vellore,Rabi,Black Gram,Red,9.62,125.6,22.0,1.09
Dindigul,Kharif,Black Gram,Clay,1.28,167.6,33.6,0.87
Tirunelveli,Rabi,Turmeric,Red,7.4,83.5,30.0,3.67
Erode,Rabi,Cotton,Clay,5.51,152.5,40.1,0.52
Dindigul,Summer,Millets,Alluvial,1.48,48.2,28.8,1.53
Tirunelveli,Rabi,Rice,Black,8.21,118.3,34.4,3.18
Kancheepuram,Summer,Coconut,Alluvial,10.41,12.1,27.4,3.53
Thanjavur,Kharif,Millets,Clay,0.69,103.6,36.2,0.83
Salem,Kharif,Sugarcane,Black,4.29,76.3,33.0,5.09
Erode,Summer,Maize,Clay,9.18,51.3,36.8,2.34
Kancheepuram,Summer,Soybean,Alluvial,10.94,71.3,20.8,1.57
Tirunelveli,Summer,Soybean,Black,0.79,34.5,22.9,1.83
Villupuram,Rabi,Chilli,Alluvial,1.42,102.0,22.1,2.37
Thanjavur,Kharif,Groundnut,Red,6.3,242.9,35.6,1.04
Salem,Kharif,Sesame,Loamy,6.5,262.6,19.5,0.52
Namakkal,Rabi,Soybean,Loamy,6.03,130.2,36.9,0.96
Tiruppur,Summer,Groundnut,Alluvial,1.46,84.8,30.7,1.32
Coimbatore,Summer,Maize,Loamy,3.57,66.7,23.5,3.64
Vellore,Rabi,Chilli,Black,2.27,48.4,39.9,2.06
Thanjavur,Summer,Banana,Alluvial,10.67,43.3,26.6,4.93
Dindigul,Kharif,Green Gram,Clay,0.55,311.3,28.2,0.6
Salem,Rabi,Maize,Alluvial,6.94,106.8,29.4,3.21
Thoothukudi,Kharif,Rice,Black,2.93,285.7,39.3,1.77
Erode,Summer,Chilli,Loamy,5.6,30.5,18.5,2.22
Cuddalore,Rabi,Green Gram,Black,2.71,105.1,18.3,0.51
Erode,Summer,Rice,Red,9.28,27.5,30.5,3.55
Erode,Summer,Groundnut,Loamy,4.11,16.4,22.3,1.89
Madurai,Rabi,Sesame,Alluvial,7.45,157.9,39.3,0.57
Dindigul,Kharif,Sugarcane,Alluvial,5.29,237.4,40.4,6.29
Thoothukudi,Kharif,Ragi,Clay,10.73,191.4,29.1,1.45
Kancheepuram,Rabi,Groundnut,Black,4.28,131.9,41.5,1.41
Kancheepuram,Summer,Ragi,Red,8.43,21.2,30.8,1.58
Namakkal,Rabi,Banana,Black,9.72,23.4,24.5,4.11
Trichy,Rabi,Chilli,Clay,7.69,141.4,23.8,2.69
Salem,Rabi,Chilli,Clay,5.7,37.2,35.9,2.36
Coimbatore,Kharif,Green Gram,Red,2.69,194.5,39.2,0.97
Vellore,Summer,Green Gram,Loamy,2.93,39.7,40.9,0.96
Vellore,Summer,Chilli,Black,4.32,38.0,38.2,1.27
Trichy,Summer,Groundnut,Alluvial,8.63,108.2,37.3,0.61
Erode,Summer,Sugarcane,Loamy,5.71,86.3,22.3,4.88
Salem,Rabi,Cotton,Red,7.18,79.1,31.9,2.13
Cuddalore,Summer,Ragi,Red,6.19,26.4,18.8,1.75
Villupuram,Kharif,Rice,Alluvial,1.46,101.7,28.8,3.78
Kancheepuram,Summer,Turmeric,Black,8.05,74.9,25.2,4.09
Tiruppur,Rabi,Soybean,Clay,10.62,106.3,28.2,1.75
Cuddalore,Summer,Rice,Loamy,5.66,102.4,31.5,2.96
Vellore,Summer,Soybean,Black,11.07,25.9,35.4,1.17
Madurai,Summer,Turmeric,Red,10.29,12.4,25.2,4.37
Tirunelveli,Rabi,Groundnut,Loamy,3.01,28.2,40.5,1.61
Salem,Kharif,Sunflower,Loamy,11.22,178.5,31.9,0.9
Madurai,Kharif,Sesame,Clay,1.75,207.5,25.9,0.64
Thanjavur,Summer,Maize,Red,8.83,103.1,27.6,3.99
Cuddalore,Kharif,Green Gram,Black,8.77,193.9,26.9,0.66
Madurai,Kharif,Ragi,Loamy,6.67,283.1,40.5,0.56
Erode,Summer,Soybean,Alluvial,11.91,106.8,23.8,1.29
Vellore,Rabi,Soybean,Loamy,5.9,128.5,41.2,0.78
Thoothukudi,Summer,Sesame,Black,6.34,13.0,18.7,0.36
Erode,Summer,Cotton,Red,6.24,55.5,22.1,1.25
Thanjavur,Kharif,Sesame,Red,5.87,128.9,31.8,0.61
Villupuram,Rabi,Chilli,Clay,10.47,122.2,28.9,2.99
Erode,Summer,Groundnut,Clay,5.15,47.7,29.8,1.74
Thanjavur,Summer,Maize,Alluvial,1.87,77.3,19.3,2.81
Villupuram,Kharif,Coconut,Red,3.95,115.8,37.9,3.63
Trichy,Kharif,Maize,Alluvial,3.04,115.5,26.0,4.61
Tirunelveli,Rabi,Rice,Loamy,1.99,143.8,19.6,3.09
Thanjavur,Summer,Ragi,Black,10.04,30.0,18.9,1.39
Thoothukudi,Rabi,Sugarcane,Red,1.7,27.3,30.9,5.49
Thanjavur,Kharif,Black Gram,Clay,0.51,208.2,39.4,0.32
Erode,Kharif,Soybean,Alluvial,11.1,217.5,31.9,1.82
Thoothukudi,Kharif,Chilli,Alluvial,8.08,289.4,20.1,1.18
Vellore,Rabi,Banana,Clay,11.69,158.8,19.2,3.79
Erode,Summer,Maize,Loamy,6.9,102.6,21.7,3.79
Madurai,Summer,Sesame,Alluvial,10.91,11.6,25.8,0.65
Madurai,Kharif,Ragi,Black,8.94,180.0,38.6,0.94
Tirunelveli,Summer,Ragi,Black,1.53,15.5,20.8,2.07
Erode,Rabi,Rice,Black,10.56,30.6,37.4,2.03
Tiruppur,Rabi,Chilli,Clay,5.39,91.9,19.2,2.81
Thoothukudi,Summer,Chilli,Red,9.22,103.2,33.3,2.61
Kancheepuram,Kharif,Banana,Clay,7.7,186.2,36.3,3.48
Thoothukudi,Rabi,Millets,Alluvial,10.05,84.3,34.7,1.62
Kancheepuram,Summer,Soybean,Black,9.32,54.7,34.0,1.07
Coimbatore,Summer,Millets,Alluvial,1.35,35.4,40.4,0.71
Thanjavur,Kharif,Banana,Alluvial,10.59,232.8,29.4,3.97
Dindigul,Kharif,Coconut,Black,10.18,158.9,20.0,3.31
Tirunelveli,Kharif,Sugarcane,Alluvial,1.13,226.7,32.0,7.34
Dindigul,Kharif,Sunflower,Black,11.89,302.8,25.5,1.28
Salem,Summer,Maize,Red,10.17,91.8,28.0,4.78
Coimbatore,Rabi,Soybean,Black,4.97,123.4,29.1,2.25
Coimbatore,Rabi,Sugarcane,Loamy,9.63,152.1,36.6,5.89
Trichy,Kharif,Chilli,Loamy,11.21,144.2,23.1,3.27
Trichy,Kharif,Coconut,Loamy,6.78,251.0,29.8,3.56
Salem,Summer,Maize,Loamy,11.97,62.4,23.8,3.55
Tiruppur,Kharif,Groundnut,Black,6.8,233.6,24.6,1.06
Dindigul,Summer,Millets,Clay,6.17,90.8,24.1,1.5
Villupuram,Summer,Sunflower,Red,2.93,38.5,31.8,0.89
Tirunelveli,Summer,Soybean,Loamy,1.1,73.0,18.5,1.04
Tiruppur,Kharif,Turmeric,Alluvial,4.36,245.2,35.3,2.78
Kancheepuram,Kharif,Maize,Clay,1.84,77.6,33.2,3.33
Trichy,Summer,Cotton,Loamy,3.95,68.7,31.6,1.57
Coimbatore,Summer,Banana,Alluvial,10.69,47.8,33.3,4.12
Erode,Rabi,Chilli,Red,6.29,91.0,19.3,2.68
Villupuram,Rabi,Maize,Alluvial,3.72,88.8,34.7,2.93
Erode,Summer,Chilli,Black,8.48,91.1,24.9,2.4
Trichy,Summer,Ragi,Alluvial,4.13,32.5,21.1,1.67
Madurai,Summer,Rice,Black,10.1,85.6,41.5,1.65
Vellore,Rabi,Chilli,Loamy,11.98,22.4,36.6,2.19
Thanjavur,Rabi,Soybean,Black,0.62,108.9,37.1,1.17
Salem,Summer,Black Gram,Loamy,3.46,43.7,32.3,0.87
Tiruppur,Rabi,Ragi,Black,4.62,37.6,39.4,1.13
Dindigul,Summer,Rice,Clay,6.89,14.7,26.3,2.84
Thanjavur,Kharif,Turmeric,Black,8.05,209.8,24.6,4.75
Cuddalore,Summer,Millets,Black,11.43,82.6,37.9,1.11
Thanjavur,Kharif,Green Gram,Red,11.77,190.5,29.2,0.99
Tirunelveli,Rabi,Coconut,Alluvial,11.43,84.3,23.1,2.9
Madurai,Kharif,Rice,Loamy,1.28,284.1,27.7,4.1
Vellore,Rabi,Black Gram,Black,3.76,26.3,26.5,1.32
Thanjavur,Summer,Soybean,Loamy,3.12,60.8,36.5,0.78
Tirunelveli,Rabi,Soybean,Clay,6.72,109.1,23.6,1.78
Cuddalore,Kharif,Ragi,Black,10.99,207.5,18.4,1.28
Madurai,Kharif,Ragi,Alluvial,10.97,218.9,28.5,1.25
Trichy,Summer,Sunflower,Alluvial,4.36,70.0,21.7,1.64
Salem,Rabi,Millets,Loamy,3.15,90.5,25.2,1.23
Dindigul,Rabi,Millets,Alluvial,2.17,90.5,24.0,1.4
Tirunelveli,Summer,Soybean,Red,10.1,92.9,20.0,1.73
Salem,Kharif,Groundnut,Red,3.91,310.8,38.6,1.42
Madurai,Kharif,Black Gram,Clay,2.6,79.2,33.6,1.31
Cuddalore,Kharif,Cotton,Loamy,1.65,159.8,20.6,0.64
Tirunelveli,Kharif,Soybean,Black,0.61,315.1,22.3,0.99
Salem,Kharif,Sesame,Red,5.6,222.6,28.2,0.93
Tirunelveli,Summer,Chilli,Red,2.41,56.7,31.0,2.48
Dindigul,Summer,Soybean,Clay,3.36,85.9,29.5,1.38
Coimbatore,Kharif,Rice,Alluvial,9.75,195.0,21.6,4.15
Tirunelveli,Rabi,Rice,Alluvial,8.15,72.4,21.7,3.76
Madurai,Kharif,Ragi,Red,2.72,64.4,34.6,1.77
Coimbatore,Summer,Sugarcane,Red,11.05,61.3,30.3,5.94
Namakkal,Summer,Sunflower,Black,11.7,104.1,18.2,1.48
Tirunelveli,Kharif,Soybean,Alluvial,1.65,142.4,23.3,2.41
Namakkal,Rabi,Ragi,Black,5.88,130.6,26.6,1.9
Trichy,Rabi,Ragi,Black,2.34,142.9,35.8,1.22
Madurai,Rabi,Rice,Loamy,5.87,143.1,29.9,4.46
Erode,Summer,Green Gram,Red,9.87,16.7,29.2,1.06
Vellore,Kharif,Coconut,Alluvial,10.02,293.3,41.0,2.47
Dindigul,Kharif,Soybean,Black,0.78,177.1,21.8,1.69
Namakkal,Kharif,Coconut,Red,6.48,168.0,29.7,4.06
Salem,Kharif,Soybean,Black,1.31,228.4,31.8,1.85
Erode,Summer,Groundnut,Alluvial,7.8,83.4,31.6,1.71
Thoothukudi,Rabi,Chilli,Clay,5.42,151.9,20.5,1.67
Salem,Kharif,Ragi,Black,5.4,292.2,23.6,1.71
Dindigul,Summer,Sugarcane,Red,10.32,42.3,38.3,4.91
Dindigul,Summer,Rice,Red,5.6,79.4,39.7,1.83
Dindigul,Rabi,Chilli,Red,4.06,131.4,25.4,2.84
Coimbatore,Kharif,Sesame,Clay,6.32,140.8,27.6,0.55
Tirunelveli,Summer,Ragi,Alluvial,11.04,72.1,31.4,1.7
Madurai,Summer,Chilli,Red,3.24,47.2,37.7,2.76
Vellore,Rabi,Millets,Loamy,2.55,94.1,25.5,1.4
Coimbatore,Kharif,Sesame,Black,6.62,216.8,18.9,0.65
Tirunelveli,Rabi,Green Gram,Clay,1.85,66.2,32.1,0.91
Villupuram,Kharif,Sesame,Alluvial,10.76,244.0,37.2,0.27
Tiruppur,Summer,Maize,Black,5.57,102.4,23.6,3.66
Namakkal,Kharif,Rice,Loamy,0.91,156.0,31.3,3.84
Erode,Summer,Sugarcane,Alluvial,9.81,64.1,18.4,3.63
Erode,Summer,Black Gram,Black,3.51,60.2,26.8,1.09
Erode,Summer,Millets,Red,6.1,104.7,34.7,1.22
Kancheepuram,Rabi,Sesame,Alluvial,9.57,21.8,36.9,0.53
Trichy,Rabi,Groundnut,Alluvial,10.09,25.1,34.5,2.02
Trichy,Kharif,Cotton,Loamy,4.94,183.4,25.9,1.39
Tiruppur,Summer,Rice,Clay,1.9,107.3,32.6,3.68
Tirunelveli,Kharif,Rice,Black,4.01,107.6,34.6,2.9
Kancheepuram,Rabi,Green Gram,Red,1.11,32.4,22.3,0.87
Vellore,Rabi,Chilli,Loamy,1.09,34.0,34.7,2.9
Coimbatore,Rabi,Ragi,Clay,10.61,125.5,31.1,2.01
Kancheepuram,Kharif,Cotton,Clay,2.23,233.5,25.2,1.18
Trichy,Rabi,Maize,Clay,7.75,80.6,18.4,2.43
Erode,Summer,Cotton,Black,5.37,25.7,41.4,0.7
Tirunelveli,Rabi,Sesame,Alluvial,5.57,29.1,21.1,0.86
Namakkal,Rabi,Green Gram,Clay,3.86,58.9,35.5,0.79
Cuddalore,Summer,Turmeric,Red,5.28,45.4,23.4,3.38
Thanjavur,Summer,Turmeric,Alluvial,2.34,10.3,23.6,3.64
Thanjavur,Kharif,Banana,Clay,3.04,179.5,22.0,5.38
Erode,Summer,Green Gram,Alluvial,3.08,85.5,29.1,1.08
Madurai,Kharif,Chilli,Loamy,7.55,173.0,25.9,2.06
Dindigul,Kharif,Sugarcane,Red,3.93,268.3,35.7,6.68
Erode,Rabi,Soybean,Loamy,3.59,67.1,26.1,1.57
Namakkal,Summer,Banana,Loamy,3.24,50.8,34.4,4.13
Villupuram,Rabi,Rice,Alluvial,9.09,67.4,20.8,3.49
Coimbatore,Rabi,Sugarcane,Black,2.99,105.3,22.3,5.36
Erode,Summer,Groundnut,Clay,9.04,22.6,18.8,1.37
Madurai,Rabi,Sunflower,Black,2.86,24.6,33.9,1.19
Dindigul,Kharif,Sesame,Loamy,7.79,114.7,27.8,0.74
Madurai,Rabi,Rice,Clay,8.48,60.4,40.7,2.71
Vellore,Summer,Chilli,Loamy,10.49,60.4,29.6,3.05
Thanjavur,Summer,Turmeric,Red,5.63,68.3,41.7,2.7
Madurai,Rabi,Sunflower,Clay,1.95,112.1,38.9,1.1
Thanjavur,Kharif,Coconut,Clay,1.33,304.8,31.0,2.63
Villupuram,Rabi,Turmeric,Clay,2.98,157.0,37.9,1.51
Dindigul,Summer,Banana,Alluvial,5.6,30.2,33.2,3.18
Tiruppur,Summer,Ragi,Red,3.66,101.6,31.8,1.07
Dindigul,Summer,Sugarcane,Alluvial,5.32,98.6,34.8,6.19
Trichy,Summer,Black Gram,Alluvial,2.53,21.2,37.7,0.89
Thanjavur,Rabi,Soybean,Clay,4.8,128.4,27.6,1.7
Salem,Summer,Sesame,Black,3.28,12.0,19.9,0.65
Kancheepuram,Summer,Black Gram,Alluvial,6.41,47.7,26.5,1.1
Kancheepuram,Summer,Ragi,Alluvial,8.49,27.8,25.6,1.54
Trichy,Rabi,Sunflower,Clay,1.38,40.8,34.8,0.55
Cuddalore,Summer,Turmeric,Black,7.02,79.7,28.7,2.74
Tiruppur,Kharif,Coconut,Red,11.28,308.1,25.5,3.48
Trichy,Rabi,Banana,Loamy,9.61,38.7,19.4,3.71
Trichy,Rabi,Sesame,Clay,5.26,68.5,30.2,0.78
Erode,Rabi,Cotton,Clay,1.45,80.1,32.8,1.47
Vellore,Summer,Banana,Black,10.05,37.5,35.4,3.79
Salem,Rabi,Rice,Alluvial,2.54,75.8,25.7,3.8
Namakkal,Summer,Green Gram,Red,6.13,16.6,19.1,0.95
Madurai,Summer,Soybean,Black,1.9,55.9,29.3,1.85
Dindigul,Rabi,Maize,Red,5.95,36.2,36.8,2.85
Dindigul,Summer,Chilli,Red,8.76,69.5,26.3,3.12
Vellore,Summer,Turmeric,Red,4.05,44.4,40.5,2.36
Namakkal,Rabi,Sesame,Red,8.46,71.1,28.0,0.97
Villupuram,Summer,Groundnut,Black,0.81,100.3,41.0,0.85
Erode,Rabi,Chilli,Black,3.61,46.7,34.9,2.54
Thoothukudi,Kharif,Sesame,Clay,3.92,172.9,41.0,0.21
Dindigul,Kharif,Cotton,Black,11.11,224.7,29.8,1.64
Dindigul,Summer,Turmeric,Black,6.06,20.3,20.2,2.83
Dindigul,Kharif,Millets,Clay,11.58,178.6,23.2,0.72
Kancheepuram,Kharif,Black Gram,Loamy,11.48,263.2,41.1,0.89
Salem,Kharif,Sunflower,Black,6.6,315.5,28.7,0.99
Thanjavur,Kharif,Rice,Black,5.17,185.2,38.8,3.36
Dindigul,Summer,Millets,Loamy,1.26,94.8,28.4,1.55
Madurai,Rabi,Groundnut,Black,10.56,113.5,29.8,2.28
Thanjavur,Kharif,Ragi,Loamy,6.17,110.8,31.2,1.47
Vellore,Summer,Groundnut,Black,11.93,53.4,33.5,1.96
Tirunelveli,Summer,Rice,Alluvial,8.13,22.5,39.6,1.14
Cuddalore,Rabi,Green Gram,Loamy,3.75,100.9,32.7,1.19
Villupuram,Rabi,Soybean,Black,3.53,98.7,28.1,1.49
Namakkal,Summer,Banana,Clay,9.72,63.6,35.4,3.64
Madurai,Rabi,Coconut,Clay,5.49,35.5,31.3,2.96
Salem,Rabi,Groundnut,Loamy,5.4,82.3,21.0,2.58
Dindigul,Rabi,Rice,Red,9.38,61.4,23.9,3.43
Salem,Rabi,Groundnut,Alluvial,9.1,36.2,23.8,1.85
Tiruppur,Summer,Banana,Alluvial,9.54,20.6,20.9,3.24
Trichy,Rabi,Sugarcane,Clay,1.86,119.9,22.6,5.02
Villupuram,Summer,Sunflower,Alluvial,2.58,57.9,29.5,1.07
Thoothukudi,Summer,Coconut,Black,5.76,45.4,22.5,3.08
Trichy,Kharif,Sugarcane,Clay,9.61,67.5,41.4,3.92
Tirunelveli,Summer,Rice,Clay,7.09,80.9,28.0,3.26
Erode,Rabi,Sesame,Black,9.97,124.8,31.5,0.89
Trichy,Kharif,Banana,Loamy,9.3,188.0,34.1,3.83
Thoothukudi,Kharif,Turmeric,Black,0.51,266.4,26.3,5.11
Tirunelveli,Summer,Banana,Black,10.87,106.5,36.8,3.18
Tirunelveli,Summer,Coconut,Alluvial,6.63,61.7,27.3,3.55
Coimbatore,Rabi,Coconut,Clay,1.67,27.5,35.1,1.82
Coimbatore,Kharif,Ragi,Black,7.99,234.0,25.0,1.79
Thoothukudi,Kharif,Banana,Black,9.87,172.8,24.5,4.79
Thanjavur,Summer,Turmeric,Alluvial,3.87,12.4,24.8,3.21
Thoothukudi,Kharif,Chilli,Alluvial,4.17,141.1,30.9,3.08
Cuddalore,Summer,Groundnut,Black,0.89,85.0,37.5,0.84
Tirunelveli,Rabi,Banana,Red,2.71,121.7,27.0,4.69
Salem,Rabi,Banana,Loamy,2.73,131.9,39.2,2.54
Salem,Rabi,Turmeric,Black,3.44,110.1,19.6,2.96
Salem,Summer,Millets,Red,3.31,56.1,29.1,2.0
Villupuram,Rabi,Sugarcane,Alluvial,10.96,21.1,24.7,5.55
Villupuram,Summer,Soybean,Clay,9.1,106.9,32.8,1.07
Erode,Rabi,Sunflower,Black,9.43,113.4,24.7,1.49
Erode,Kharif,Green Gram,Black,1.9,147.4,26.0,0.74
Thanjavur,Rabi,Sesame,Alluvial,6.97,54.3,41.7,0.56
Thanjavur,Kharif,Soybean,Black,9.17,254.9,37.8,0.69
Thanjavur,Rabi,Millets,Clay,9.32,111.2,23.0,0.99
Erode,Summer,Black Gram,Clay,5.77,15.7,31.4,0.61
Salem,Kharif,Sugarcane,Red,2.51,312.2,28.5,6.32
Namakkal,Kharif,Sunflower,Red,8.62,132.3,28.9,0.97
Tirunelveli,Kharif,Soybean,Black,7.43,157.6,19.2,1.76
Coimbatore,Rabi,Green Gram,Red,9.87,157.7,41.9,0.93
Villupuram,Rabi,Cotton,Alluvial,6.96,46.5,23.0,1.45
Erode,Kharif,Sunflower,Loamy,2.87,252.3,34.9,0.65
Vellore,Summer,Coconut,Alluvial,5.64,80.3,32.3,3.07
Tiruppur,Summer,Turmeric,Red,3.12,99.0,20.4,4.22
Erode,Rabi,Turmeric,Red,8.07,154.3,20.3,3.57
Cuddalore,Rabi,Soybean,Alluvial,7.4,83.6,19.3,1.54
Tiruppur,Kharif,Turmeric,Red,4.63,206.9,34.4,3.76
Thoothukudi,Summer,Ragi,Black,0.89,34.9,25.4,2.32
Cuddalore,Summer,Green Gram,Black,5.06,19.5,33.7,0.81
Thoothukudi,Kharif,Cotton,Black,8.31,281.8,32.3,0.73
Salem,Summer,Maize,Clay,0.61,79.6,37.6,2.01
Thoothukudi,Summer,Chilli,Black,2.05,15.0,24.2,2.39
Erode,Kharif,Sugarcane,Red,6.91,73.5,40.3,4.62
Tirunelveli,Summer,Black Gram,Clay,8.12,23.4,26.0,0.88
Thoothukudi,Rabi,Maize,Alluvial,6.83,159.6,38.3,2.14
Tiruppur,Rabi,Coconut,Black,8.5,34.5,27.0,3.08
Kancheepuram,Summer,Ragi,Black,4.45,32.4,24.5,1.99
Erode,Rabi,Chilli,Clay,8.85,154.2,19.4,2.02
Thoothukudi,Kharif,Coconut,Red,1.89,247.6,28.7,3.5
Coimbatore,Kharif,Groundnut,Loamy,2.55,121.1,26.7,2.14
Erode,Kharif,Maize,Clay,6.26,83.5,26.7,3.99
Kancheepuram,Rabi,Chilli,Loamy,3.76,31.5,33.1,2.16
Thanjavur,Summer,Green Gram,Alluvial,2.33,93.3,33.6,1.17
Kancheepuram,Rabi,Green Gram,Black,11.33,90.1,41.7,0.66
Tiruppur,Summer,Maize,Black,8.49,76.8,27.0,3.54
Trichy,Summer,Maize,Red,3.5,50.7,20.6,3.86
Salem,Summer,Millets,Black,11.33,53.0,18.8,1.04
Thoothukudi,Rabi,Chilli,Loamy,1.13,121.2,21.0,2.43
Trichy,Rabi,Rice,Black,6.2,25.2,30.1,4.04
Erode,Rabi,Black Gram,Clay,6.8,95.1,18.3,0.73
Erode,Rabi,Turmeric,Red,11.24,85.3,31.0,3.62
Thoothukudi,Rabi,Ragi,Alluvial,9.95,137.7,30.1,1.18
Thanjavur,Kharif,Banana,Alluvial,1.25,208.7,23.7,4.34
Salem,Kharif,Soybean,Red,1.65,265.1,19.7,1.24
Trichy,Summer,Sugarcane,Alluvial,2.02,99.2,19.0,4.56
Erode,Summer,Millets,Red,2.13,94.3,32.5,1.21
Madurai,Summer,Sunflower,Clay,8.18,69.6,27.5,0.84
Coimbatore,Summer,Millets,Red,3.85,41.3,32.8,1.93
Thoothukudi,Summer,Sesame,Red,7.76,56.3,21.6,0.73
Tirunelveli,Kharif,Sunflower,Alluvial,10.52,233.6,24.3,1.0
Erode,Rabi,Coconut,Black,0.88,105.2,37.0,2.31
Tiruppur,Summer,Coconut,Loamy,8.1,97.4,35.6,2.45
Coimbatore,Rabi,Rice,Clay,10.44,78.5,41.1,2.86
Salem,Kharif,Black Gram,Red,3.18,119.7,29.3,1.28
Tirunelveli,Kharif,Groundnut,Red,8.37,166.6,30.8,1.86
Coimbatore,Kharif,Soybean,Black,9.77,312.9,36.8,1.03
Villupuram,Summer,Green Gram,Alluvial,11.68,84.5,26.4,1.01
Cuddalore,Rabi,Black Gram,Black,9.58,21.6,41.8,0.97
Thoothukudi,Kharif,Sunflower,Alluvial,10.22,252.1,27.4,0.98
Cuddalore,Rabi,Chilli,Red,2.78,95.0,28.7,3.73
Salem,Kharif,Maize,Black,10.12,152.6,36.7,1.9
Tirunelveli,Rabi,Coconut,Black,11.64,44.1,40.7,1.65
Cuddalore,Kharif,Coconut,Red,5.33,63.6,19.3,2.9
Thoothukudi,Rabi,Millets,Loamy,6.2,104.5,38.8,1.1
Cuddalore,Rabi,Sunflower,Alluvial,0.89,90.5,36.1,1.18
Dindigul,Summer,Rice,Alluvial,11.22,20.4,39.1,2.74
Tirunelveli,Summer,Green Gram,Clay,8.39,101.3,25.8,0.93
Cuddalore,Rabi,Chilli,Loamy,6.6,136.1,31.0,2.53
Thoothukudi,Summer,Coconut,Black,3.02,23.1,35.2,1.94
Tiruppur,Rabi,Green Gram,Black,7.81,154.6,26.7,0.9
Tirunelveli,Kharif,Cotton,Loamy,9.26,193.6,25.5,1.32
Trichy,Rabi,Sugarcane,Black,11.73,109.7,22.8,4.4
Namakkal,Rabi,Turmeric,Red,2.41,39.6,34.5,2.91
Vellore,Summer,Turmeric,Red,11.94,99.1,18.2,3.48
Salem,Kharif,Chilli,Loamy,7.73,68.2,33.4,2.8
Villupuram,Kharif,Coconut,Alluvial,0.52,176.2,25.8,3.75
Thoothukudi,Rabi,Green Gram,Loamy,3.06,117.3,37.2,1.27
Madurai,Kharif,Turmeric,Clay,8.05,243.7,41.4,2.53
Thanjavur,Rabi,Maize,Alluvial,8.12,147.8,26.6,3.12
Thoothukudi,Rabi,Black Gram,Loamy,10.41,129.0,23.6,0.84
Salem,Kharif,Coconut,Red,2.11,110.3,40.4,2.47
Namakkal,Rabi,Groundnut,Loamy,0.66,113.0,28.0,2.33
Namakkal,Kharif,Soybean,Clay,9.77,207.4,21.2,1.42
Vellore,Kharif,Millets,Loamy,4.62,84.2,35.6,1.12
Erode,Summer,Sesame,Clay,8.98,19.6,18.9,0.23
Coimbatore,Summer,Coconut,Black,8.12,64.2,41.4,2.13
Trichy,Kharif,Millets,Clay,2.44,167.2,39.3,0.6
Tiruppur,Rabi,Maize,Alluvial,6.1,35.2,33.5,2.48
Coimbatore,Rabi,Soybean,Red,7.44,109.2,26.7,2.18
Cuddalore,Kharif,Coconut,Clay,7.02,117.2,36.5,3.24
Tirunelveli,Kharif,Rice,Red,9.37,251.1,26.0,3.39
Coimbatore,Summer,Soybean,Red,0.57,69.7,28.3,1.57
Dindigul,Summer,Turmeric,Loamy,8.12,18.3,18.6,3.69
Kancheepuram,Rabi,Sunflower,Black,7.39,39.0,34.8,1.17
Coimbatore,Summer,Groundnut,Loamy,11.36,13.9,21.1,1.23
Trichy,Rabi,Banana,Loamy,2.86,40.2,19.9,4.1
Namakkal,Summer,Groundnut,Red,11.64,90.4,35.9,1.34
Dindigul,Summer,Coconut,Alluvial,8.9,76.6,32.4,3.24
Thoothukudi,Rabi,Maize,Red,6.51,23.5,21.5,2.48
Namakkal,Kharif,Maize,Red,4.49,151.5,33.0,2.97
Salem,Rabi,Sesame,Black,11.36,47.9,28.7,1.21
Namakkal,Kharif,Groundnut,Alluvial,5.25,148.4,39.9,1.46
Erode,Summer,Maize,Loamy,9.93,30.8,22.4,2.97
Vellore,Kharif,Coconut,Red,1.52,74.3,21.8,3.79
Thoothukudi,Summer,Cotton,Red,6.16,109.1,23.4,2.03
Tiruppur,Rabi,Sesame,Red,1.33,42.4,31.8,0.92
Vellore,Rabi,Chilli,Alluvial,6.68,101.6,37.1,2.7
Tiruppur,Kharif,Millets,Black,4.88,216.7,29.1,1.54
Salem,Summer,Cotton,Clay,11.14,17.5,31.1,0.98
Vellore,Kharif,Millets,Alluvial,2.16,113.6,37.8,0.99
Tiruppur,Summer,Rice,Loamy,3.95,91.6,26.8,3.85
Tirunelveli,Summer,Ragi,Loamy,10.28,38.4,24.6,2.21
Vellore,Summer,Chilli,Black,11.06,99.5,19.9,2.58
Thanjavur,Kharif,Maize,Red,11.79,279.5,20.5,2.31
Thoothukudi,Rabi,Coconut,Red,1.54,68.2,21.9,3.1
Trichy,Rabi,Millets,Red,5.82,44.5,41.1,1.5
Vellore,Rabi,Turmeric,Red,7.04,33.0,19.6,4.17
Tiruppur,Rabi,Maize,Black,2.38,51.7,27.8,3.01
Tirunelveli,Rabi,Soybean,Clay,11.34,40.2,39.8,0.82
Vellore,Kharif,Sunflower,Loamy,2.48,172.7,27.2,1.05
Trichy,Summer,Groundnut,Loamy,10.09,56.5,20.0,1.45
Kancheepuram,Summer,Banana,Clay,5.63,33.2,38.3,1.88
Coimbatore,Summer,Turmeric,Black,5.65,49.7,40.8,2.78
Dindigul,Kharif,Millets,Alluvial,11.66,160.3,39.3,0.53
Tirunelveli,Rabi,Sunflower,Red,5.41,131.0,32.0,1.31
Salem,Kharif,Sunflower,Clay,6.36,110.7,37.6,0.58
Vellore,Rabi,Sunflower,Clay,3.86,107.5,25.2,0.99
Madurai,Rabi,Millets,Clay,1.37,123.8,30.8,1.04
Salem,Kharif,Black Gram,Red,2.59,152.9,39.0,0.88
Thoothukudi,Rabi,Ragi,Black,4.04,56.0,19.8,2.63
Villupuram,Rabi,Turmeric,Black,1.4,121.0,39.7,1.61
Erode,Kharif,Millets,Loamy,10.47,228.4,38.0,0.79
Madurai,Summer,Cotton,Alluvial,1.66,59.9,19.2,1.46
Trichy,Rabi,Chilli,Loamy,7.89,128.7,32.7,2.55
Thoothukudi,Summer,Turmeric,Loamy,11.63,10.1,25.0,4.34
Erode,Kharif,Sesame,Clay,9.52,299.6,35.2,0.33
Tirunelveli,Rabi,Millets,Red,4.38,76.9,35.1,1.82
Dindigul,Summer,Sesame,Black,4.62,16.8,20.1,0.47
Thoothukudi,Rabi,Turmeric,Alluvial,9.23,22.3,26.0,3.66
Tirunelveli,Rabi,Soybean,Red,9.84,120.9,40.1,1.09
Thanjavur,Kharif,Millets,Loamy,11.76,145.9,37.4,0.91
Thanjavur,Summer,Ragi,Clay,5.54,38.6,29.2,1.28
Madurai,Kharif,Green Gram,Red,11.74,140.4,21.9,1.03
Namakkal,Summer,Sunflower,Loamy,2.85,50.5,40.4,0.48
Villupuram,Summer,Soybean,Clay,11.51,46.1,26.0,1.37
Trichy,Kharif,Sesame,Loamy,2.22,257.7,35.4,0.16
Namakkal,Kharif,Rice,Loamy,1.34,170.2,34.8,3.61
Cuddalore,Kharif,Sesame,Clay,10.15,169.1,25.6,0.8
Trichy,Summer,Sunflower,Alluvial,3.44,68.0,36.3,0.94
Vellore,Summer,Maize,Alluvial,2.42,22.7,36.7,1.96
Kancheepuram,Summer,Green Gram,Clay,7.86,101.0,28.2,0.81
Thanjavur,Summer,Sunflower,Alluvial,9.27,63.7,28.7,0.97
Vellore,Summer,Millets,Alluvial,4.45,72.3,32.9,1.47
Tiruppur,Rabi,Chilli,Red,5.61,154.2,28.0,3.38
Vellore,Rabi,Green Gram,Clay,10.81,21.2,41.5,0.52
Dindigul,Summer,Ragi,Red,0.92,102.1,29.6,1.68
Thanjavur,Summer,Rice,Black,7.24,91.3,23.6,3.62
Villupuram,Kharif,Sugarcane,Black,4.97,164.6,33.5,5.9
Madurai,Summer,Ragi,Red,8.45,51.1,26.2,2.09
Vellore,Rabi,Banana,Black,2.24,97.5,25.6,4.55
Tiruppur,Kharif,Green Gram,Red,11.85,174.8,29.3,0.84
Kancheepuram,Summer,Millets,Loamy,4.69,26.8,20.9,1.22
Coimbatore,Summer,Sesame,Loamy,10.33,91.4,21.4,0.41
Madurai,Kharif,Turmeric,Red,9.95,278.7,39.4,2.6
Vellore,Kharif,Chilli,Black,10.79,90.6,27.3,2.93
Namakkal,Summer,Cotton,Black,11.81,73.4,36.7,1.59
Villupuram,Summer,Sunflower,Loamy,6.03,29.5,27.9,0.77
Vellore,Kharif,Banana,Loamy,5.73,138.8,23.4,4.16
Vellore,Kharif,Coconut,Clay,0.62,280.9,39.6,1.23
Vellore,Summer,Sugarcane,Alluvial,9.97,11.3,30.4,5.77
Erode,Summer,Sesame,Black,0.95,89.3,40.1,0.6
Thoothukudi,Kharif,Cotton,Red,4.59,183.2,40.7,1.21
Tirunelveli,Kharif,Coconut,Red,6.17,316.2,25.5,3.79
Salem,Kharif,Coconut,Loamy,4.4,122.2,21.2,3.67
Thoothukudi,Kharif,Sesame,Black,11.3,281.0,30.7,0.71
Villupuram,Summer,Banana,Loamy,1.88,77.1,21.2,4.55
Dindigul,Kharif,Cotton,Black,3.6,313.9,31.6,1.2
Dindigul,Summer,Black Gram,Clay,7.58,107.8,28.0,1.01
Madurai,Summer,Ragi,Black,5.92,28.2,18.7,2.02
Tirunelveli,Kharif,Coconut,Clay,1.11,208.1,22.8,3.76
Thanjavur,Rabi,Coconut,Black,5.42,124.7,19.0,2.59
Thanjavur,Summer,Ragi,Red,3.62,78.4,29.8,1.53
Thoothukudi,Summer,Soybean,Red,11.21,74.2,25.0,1.92
Kancheepuram,Summer,Millets,Loamy,9.31,53.6,34.7,1.26
Cuddalore,Rabi,Green Gram,Black,5.3,127.4,25.2,0.77
Kancheepuram,Summer,Coconut,Black,8.56,77.3,35.7,2.48
Thanjavur,Rabi,Maize,Loamy,11.83,145.1,34.9,2.89
Coimbatore,Kharif,Coconut,Black,10.76,69.8,25.9,3.35
Vellore,Rabi,Sesame,Alluvial,7.69,22.3,35.7,0.5
Salem,Rabi,Rice,Black,3.98,119.1,21.0,2.88
Dindigul,Kharif,Soybean,Loamy,5.65,203.2,29.5,1.26
Villupuram,Kharif,Ragi,Black,8.38,112.4,29.0,2.18
Trichy,Kharif,Banana,Black,5.22,282.6,31.4,4.36
Madurai,Rabi,Millets,Loamy,6.2,121.2,40.3,0.66
Tirunelveli,Kharif,Chilli,Black,10.07,263.3,24.5,1.68
Madurai,Summer,Ragi,Alluvial,2.93,75.6,39.6,1.61
Villupuram,Summer,Banana,Black,3.81,57.0,28.2,4.94
Salem,Summer,Maize,Black,9.7,51.2,26.5,3.32
Tirunelveli,Rabi,Cotton,Clay,1.33,121.7,24.8,1.23
Madurai,Kharif,Maize,Red,5.33,140.5,36.4,2.51
Coimbatore,Kharif,Coconut,Loamy,0.67,183.4,30.4,4.05
Tirunelveli,Summer,Soybean,Red,7.84,103.3,27.2,2.14
Kancheepuram,Summer,Groundnut,Loamy,2.78,107.2,36.0,1.27
Thoothukudi,Summer,Sunflower,Alluvial,7.54,57.2,40.4,0.74
Thanjavur,Rabi,Groundnut,Alluvial,2.54,80.3,24.0,2.49
Dindigul,Kharif,Rice,Alluvial,4.19,227.9,39.8,2.95
Namakkal,Summer,Groundnut,Black,4.7,102.5,36.9,0.98
Vellore,Summer,Rice,Loamy,9.41,48.0,37.7,2.44
Dindigul,Summer,Maize,Alluvial,8.68,69.7,40.7,2.62
Erode,Kharif,Green Gram,Loamy,4.58,308.7,30.1,1.01
Villupuram,Kharif,Turmeric,Clay,4.62,290.1,37.6,2.91
Trichy,Summer,Coconut,Loamy,9.12,20.2,39.8,1.85
Madurai,Kharif,Sesame,Black,10.67,197.6,22.6,0.83
Cuddalore,Rabi,Soybean,Clay,10.6,134.6,38.0,0.84
Cuddalore,Summer,Black Gram,Clay,1.38,10.8,18.3,0.65
Villupuram,Rabi,Coconut,Black,4.79,131.6,24.9,3.52
Dindigul,Rabi,Chilli,Red,4.0,138.5,33.2,2.54
Madurai,Rabi,Soybean,Red,3.47,23.4,25.4,1.64
Cuddalore,Kharif,Groundnut,Clay,4.75,206.4,33.4,1.09
Tiruppur,Rabi,Cotton,Clay,4.54,135.9,28.2,1.32
Kancheepuram,Kharif,Maize,Loamy,8.09,128.8,35.4,2.01
Dindigul,Rabi,Soybean,Red,7.85,70.1,40.8,1.2
Salem,Kharif,Banana,Clay,6.0,115.7,22.1,4.01
Coimbatore,Kharif,Rice,Clay,4.98,260.1,40.7,2.58
Thanjavur,Summer,Chilli,Red,8.33,68.9,27.4,3.46
Thanjavur,Summer,Ragi,Clay,5.59,47.9,21.9,2.17
Dindigul,Summer,Banana,Clay,10.77,19.3,40.2,1.37
Salem,Rabi,Groundnut,Red,1.88,119.8,21.0,2.09
Dindigul,Summer,Sunflower,Loamy,4.53,55.0,25.2,1.29
Dindigul,Kharif,Sesame,Alluvial,4.51,163.3,28.2,0.65
Dindigul,Kharif,Sunflower,Clay,7.89,152.2,23.1,0.88
Thanjavur,Rabi,Coconut,Red,9.59,79.3,26.5,3.82
Vellore,Kharif,Green Gram,Red,9.22,240.1,27.2,0.93
Kancheepuram,Rabi,Green Gram,Clay,3.41,136.2,30.7,0.73
Erode,Rabi,Black Gram,Black,6.53,108.2,21.0,1.25
Tiruppur,Summer,Sesame,Clay,8.09,70.1,30.8,0.41
Thoothukudi,Summer,Sunflower,Loamy,1.66,42.0,29.1,0.76
Dindigul,Summer,Green Gram,Black,6.87,43.1,41.6,0.36
Thanjavur,Summer,Banana,Red,5.91,82.9,21.0,4.28
Coimbatore,Rabi,Sunflower,Red,2.56,116.4,37.3,1.1
Salem,Summer,Banana,Loamy,11.42,21.3,29.5,3.74
Cuddalore,Kharif,Cotton,Black,10.47,89.8,23.2,1.66
Erode,Summer,Black Gram,Red,7.12,19.0,37.1,0.77
Coimbatore,Summer,Turmeric,Red,2.61,68.2,26.2,4.95
Dindigul,Kharif,Cotton,Loamy,10.47,88.8,40.3,1.1
Madurai,Summer,Banana,Red,1.27,55.3,20.9,3.57
Trichy,Rabi,Groundnut,Clay,3.79,149.4,21.8,1.35
Cuddalore,Kharif,Millets,Black,9.36,242.9,29.6,1.28
Villupuram,Rabi,Groundnut,Red,5.61,124.2,35.8,1.75
Coimbatore,Kharif,Maize,Black,11.11,139.3,29.8,3.1
Cuddalore,Summer,Coconut,Loamy,4.16,62.4,27.6,3.8
Thoothukudi,Summer,Sugarcane,Red,2.03,89.1,33.2,6.1
Dindigul,Summer,Banana,Black,6.0,14.2,36.2,2.89
Dindigul,Summer,Groundnut,Red,8.04,50.4,37.4,0.95
Coimbatore,Summer,Rice,Red,10.15,17.4,37.6,2.27
Salem,Kharif,Maize,Alluvial,9.83,83.9,27.6,3.96
Tirunelveli,Summer,Sugarcane,Red,9.8,20.0,34.2,5.57
Thanjavur,Summer,Rice,Black,4.71,29.7,20.7,2.82
Madurai,Summer,Groundnut,Red,3.18,75.5,22.4,2.89
Thoothukudi,Kharif,Sunflower,Alluvial,7.28,143.1,26.4,1.23
Tirunelveli,Summer,Black Gram,Red,9.49,68.0,38.8,0.72
Dindigul,Kharif,Black Gram,Clay,1.82,193.6,39.0,0.61
Thoothukudi,Summer,Black Gram,Loamy,4.29,72.7,35.1,0.89
Dindigul,Rabi,Sugarcane,Red,3.83,94.1,40.5,3.68
Tiruppur,Rabi,Sesame,Black,2.87,49.4,34.8,0.77
Coimbatore,Summer,Banana,Clay,6.93,80.3,37.0,3.71
Erode,Summer,Black Gram,Alluvial,6.95,26.3,30.6,1.02
Dindigul,Summer,Soybean,Clay,4.99,93.3,36.1,1.15
Tirunelveli,Summer,Cotton,Loamy,4.99,16.3,33.7,1.19
Namakkal,Rabi,Coconut,Clay,2.22,20.9,26.8,2.62
Cuddalore,Rabi,Chilli,Alluvial,1.2,143.3,32.8,2.21
Coimbatore,Kharif,Groundnut,Clay,4.65,110.7,32.1,2.17
Kancheepuram,Kharif,Ragi,Red,7.8,302.9,30.5,1.34
Namakkal,Summer,Turmeric,Clay,3.18,69.8,26.6,4.38
Cuddalore,Summer,Cotton,Red,3.21,17.3,40.8,0.72
Thanjavur,Kharif,Chilli,Black,9.81,295.5,37.3,0.16
Thoothukudi,Rabi,Soybean,Clay,7.15,141.7,28.3,1.36
Tiruppur,Summer,Coconut,Red,6.91,63.4,34.4,3.49
Tirunelveli,Summer,Sugarcane,Loamy,0.81,99.1,26.2,5.48
Salem,Rabi,Groundnut,Red,8.83,41.6,31.3,2.57
Madurai,Kharif,Banana,Alluvial,1.73,122.1,25.4,5.76
Madurai,Kharif,Maize,Alluvial,7.53,239.8,32.3,2.2
Cuddalore,Kharif,Groundnut,Alluvial,5.78,103.0,18.0,1.3
Salem,Kharif,Turmeric,Alluvial,7.65,258.5,20.2,4.44
Erode,Summer,Millets,Clay,4.05,49.4,25.9,1.66
Villupuram,Kharif,Black Gram,Loamy,8.57,239.9,30.0,0.96
Namakkal,Rabi,Sesame,Clay,2.18,88.2,27.3,0.9
Villupuram,Summer,Ragi,Alluvial,2.38,80.4,31.0,1.27
Dindigul,Summer,Ragi,Clay,9.49,64.0,18.7,2.25
Dindigul,Rabi,Turmeric,Loamy,10.33,47.3,36.7,2.78
Coimbatore,Kharif,Sugarcane,Black,1.13,107.6,29.3,6.02
Tirunelveli,Rabi,Cotton,Loamy,7.4,20.7,30.5,0.83
Erode,Kharif,Groundnut,Clay,11.38,229.5,23.5,1.25
Dindigul,Summer,Groundnut,Clay,2.59,31.8,26.3,1.5
Villupuram,Rabi,Groundnut,Loamy,8.89,71.4,36.4,1.68
Dindigul,Summer,Sugarcane,Red,8.37,63.9,31.9,4.82
Madurai,Summer,Black Gram,Clay,4.5,95.2,37.2,0.69
Madurai,Summer,Soybean,Loamy,2.4,67.0,19.6,1.38
Vellore,Rabi,Chilli,Alluvial,7.73,117.1,18.5,2.46
Thanjavur,Summer,Banana,Black,2.98,49.8,27.1,4.95
Erode,Rabi,Rice,Loamy,10.09,62.5,23.0,3.2
Coimbatore,Summer,Banana,Alluvial,2.71,92.2,23.6,4.7
Madurai,Summer,Green Gram,Red,5.8,98.7,28.5,1.17
Coimbatore,Rabi,Turmeric,Loamy,3.19,104.5,28.4,4.08
Tirunelveli,Kharif,Sugarcane,Black,6.24,313.1,24.7,5.85
Madurai,Kharif,Black Gram,Red,9.84,71.5,36.1,1.53
Salem,Summer,Soybean,Black,9.74,93.4,34.0,1.24
Kancheepuram,Rabi,Sesame,Red,0.97,29.8,31.9,0.93
Trichy,Kharif,Maize,Black,8.72,228.0,37.9,1.11
Madurai,Kharif,Ragi,Loamy,3.6,81.4,40.9,1.27
Thoothukudi,Rabi,Millets,Black,7.72,77.8,39.6,1.24
Vellore,Summer,Black Gram,Black,2.97,47.3,38.3,0.94
Cuddalore,Kharif,Soybean,Red,1.85,162.3,30.0,1.62
Cuddalore,Kharif,Banana,Loamy,1.73,262.4,20.7,3.82
Vellore,Rabi,Coconut,Red,7.41,116.1,21.4,2.78
Tirunelveli,Rabi,Millets,Alluvial,4.12,37.5,36.3,1.59
Namakkal,Rabi,Banana,Clay,11.42,142.3,36.9,2.61
Coimbatore,Rabi,Soybean,Alluvial,7.77,25.8,24.6,1.29
Madurai,Summer,Banana,Black,11.74,89.2,37.8,3.56
Thoothukudi,Kharif,Millets,Loamy,9.72,144.2,41.4,0.52
Dindigul,Kharif,Ragi,Black,8.94,152.0,19.4,2.34
Trichy,Summer,Rice,Loamy,11.12,98.8,36.5,2.49
Salem,Kharif,Cotton,Clay,6.28,192.1,19.3,0.8
Erode,Rabi,Chilli,Clay,4.95,144.5,34.9,2.1
Trichy,Kharif,Sesame,Red,4.5,188.6,19.2,0.54
Villupuram,Kharif,Sunflower,Alluvial,6.99,221.6,35.7,0.89
Coimbatore,Rabi,Chilli,Clay,11.93,125.5,38.3,1.84
Dindigul,Rabi,Green Gram,Clay,5.88,155.5,39.0,0.45
Dindigul,Summer,Cotton,Red,1.61,62.2,18.2,1.24
Villupuram,Kharif,Sugarcane,Red,7.32,147.2,20.9,4.54
Madurai,Summer,Ragi,Black,10.64,60.2,39.4,1.35
Erode,Rabi,Coconut,Black,1.8,149.2,18.3,2.41
Erode,Rabi,Soybean,Black,7.68,149.4,36.4,1.07
Tirunelveli,Summer,Green Gram,Clay,4.09,103.2,23.1,0.9
Thanjavur,Kharif,Banana,Red,8.68,178.2,29.2,5.34
Erode,Rabi,Cotton,Loamy,1.15,117.7,20.7,1.42
Thoothukudi,Rabi,Soybean,Clay,1.99,109.1,36.3,1.02
Tiruppur,Kharif,Soybean,Loamy,2.55,217.8,41.9,0.98
Vellore,Rabi,Groundnut,Loamy,3.15,152.6,30.7,1.84
Namakkal,Rabi,Sunflower,Alluvial,10.65,116.7,25.8,1.6
Trichy,Kharif,Sugarcane,Clay,8.1,207.8,24.1,5.73
Dindigul,Summer,Rice,Alluvial,7.99,86.7,28.0,4.19
Salem,Kharif,Cotton,Black,9.16,231.5,20.1,1.49
Namakkal,Kharif,Ragi,Loamy,4.5,315.9,23.7,0.84
Namakkal,Summer,Sunflower,Red,6.55,27.3,33.0,0.75
Thoothukudi,Rabi,Groundnut,Clay,4.58,76.3,31.4,2.07
Coimbatore,Kharif,Groundnut,Loamy,11.73,225.8,39.2,1.02
Thanjavur,Rabi,Cotton,Black,4.85,34.7,40.2,0.76
Tirunelveli,Kharif,Green Gram,Loamy,9.57,215.4,40.4,0.79
Coimbatore,Rabi,Rice,Alluvial,2.57,50.0,40.7,2.07
Cuddalore,Kharif,Sunflower,Loamy,3.65,277.6,25.3,0.76
Tiruppur,Kharif,Groundnut,Loamy,1.39,113.1,31.7,1.48
Vellore,Summer,Turmeric,Clay,4.57,97.4,22.8,3.82
Cuddalore,Summer,Maize,Black,7.55,42.3,33.4,2.37
Vellore,Summer,Ragi,Alluvial,1.79,88.9,29.1,1.43
Salem,Kharif,Green Gram,Red,8.84,237.2,32.2,0.78
Kancheepuram,Summer,Groundnut,Loamy,9.34,36.0,41.0,1.64
Tiruppur,Kharif,Chilli,Loamy,2.43,314.6,35.2,1.04
Namakkal,Summer,Cotton,Clay,9.0,95.3,34.5,1.1
Tiruppur,Rabi,Cotton,Red,9.61,114.4,24.3,1.72
Coimbatore,Summer,Cotton,Black,11.29,22.6,22.2,1.21
Salem,Kharif,Chilli,Loamy,4.17,116.8,30.0,3.41
Vellore,Summer,Turmeric,Red,9.09,24.0,28.1,3.7
Tirunelveli,Rabi,Green Gram,Red,10.27,38.4,27.5,0.84
Namakkal,Rabi,Sunflower,Loamy,7.09,26.8,20.7,1.32
Namakkal,Summer,Turmeric,Red,3.8,44.5,29.8,3.84
Villupuram,Summer,Green Gram,Alluvial,4.88,20.8,27.1,0.96
Madurai,Kharif,Chilli,Black,8.49,276.7,35.9,1.12
Trichy,Summer,Turmeric,Clay,7.78,30.4,23.9,3.4
Thoothukudi,Rabi,Rice,Alluvial,0.57,141.8,31.6,3.97
Dindigul,Kharif,Maize,Black,3.57,264.2,41.6,1.58
Villupuram,Summer,Sunflower,Clay,4.91,53.5,41.3,0.5
Madurai,Summer,Sugarcane,Loamy,10.33,18.6,38.6,4.8
Vellore,Kharif,Black Gram,Alluvial,6.29,202.5,41.6,0.84
Erode,Rabi,Green Gram,Red,8.5,98.8,27.9,1.15
Kancheepuram,Kharif,Black Gram,Black,6.28,318.4,18.9,0.72
Namakkal,Kharif,Sunflower,Alluvial,10.84,272.4,34.1,0.69
Namakkal,Rabi,Black Gram,Red,10.99,139.9,23.3,1.08
Thanjavur,Rabi,Soybean,Black,8.42,117.9,41.0,0.92
Trichy,Summer,Banana,Loamy,3.43,101.6,18.0,4.46
Dindigul,Summer,Maize,Loamy,8.79,88.5,25.2,3.81
Madurai,Rabi,Chilli,Black,9.28,134.2,40.4,2.05
Kancheepuram,Rabi,Black Gram,Loamy,7.2,105.6,36.8,0.79
Vellore,Rabi,Sesame,Black,6.27,96.8,36.2,0.8
Tirunelveli,Kharif,Millets,Clay,10.9,136.7,41.8,0.7
Dindigul,Summer,Green Gram,Clay,2.87,99.1,40.2,0.58
Salem,Summer,Banana,Red,8.03,106.8,24.0,3.86
Salem,Kharif,Black Gram,Black,7.67,78.3,34.6,1.19
Madurai,Kharif,Banana,Alluvial,6.27,265.0,25.5,5.55
Tiruppur,Kharif,Rice,Alluvial,9.68,148.5,39.1,2.53
Tirunelveli,Summer,Maize,Loamy,7.5,39.8,20.6,2.63
Coimbatore,Summer,Black Gram,Alluvial,0.98,15.2,41.8,0.73
Namakkal,Summer,Rice,Clay,3.04,68.9,37.4,3.35
Thanjavur,Summer,Chilli,Loamy,9.87,89.0,36.7,1.71
Villupuram,Summer,Black Gram,Loamy,11.05,95.8,36.4,0.65
Trichy,Rabi,Rice,Loamy,8.44,41.1,41.9,2.57
Tirunelveli,Kharif,Rice,Red,4.87,153.3,26.3,4.18
Tirunelveli,Rabi,Millets,Clay,11.42,145.2,27.4,0.75
Salem,Kharif,Maize,Alluvial,0.75,273.7,34.6,2.03
Vellore,Kharif,Banana,Black,5.66,90.0,39.9,1.65
Thoothukudi,Kharif,Chilli,Black,10.96,272.3,41.3,0.79
Namakkal,Summer,Sugarcane,Loamy,11.81,108.4,36.7,3.66
Villupuram,Kharif,Banana,Alluvial,4.23,256.7,18.9,4.3
Salem,Kharif,Rice,Black,3.44,105.1,21.7,3.55
Thoothukudi,Kharif,Sesame,Loamy,10.28,241.3,32.3,0.39
Tirunelveli,Rabi,Sugarcane,Clay,6.27,136.1,29.3,4.4
Tiruppur,Summer,Banana,Alluvial,2.84,21.0,24.9,4.15
Madurai,Kharif,Ragi,Red,11.19,262.6,23.7,1.59
Kancheepuram,Rabi,Sunflower,Loamy,9.3,150.3,25.8,0.91
Salem,Summer,Groundnut,Clay,3.05,53.4,24.4,1.7
Kancheepuram,Kharif,Ragi,Red,3.8,281.7,34.6,1.17
Cuddalore,Kharif,Coconut,Loamy,0.96,292.7,28.1,3.76
Trichy,Rabi,Banana,Black,3.62,47.7,29.9,3.95
Madurai,Kharif,Sesame,Black,3.44,171.1,22.7,0.9
Kancheepuram,Rabi,Black Gram,Black,6.78,41.7,30.5,1.27
Kancheepuram,Summer,Cotton,Alluvial,11.22,57.3,26.1,1.39
Trichy,Summer,Soybean,Alluvial,0.75,93.6,29.3,1.5
Kancheepuram,Rabi,Groundnut,Loamy,7.98,46.7,19.8,2.01
Salem,Kharif,Banana,Clay,2.84,220.2,40.9,3.47
Dindigul,Rabi,Sunflower,Alluvial,4.83,116.3,38.5,0.94
Madurai,Rabi,Sugarcane,Black,6.29,150.2,39.1,5.29
Namakkal,Kharif,Coconut,Red,5.35,307.9,26.6,3.66
Villupuram,Summer,Ragi,Black,10.06,86.7,30.9,1.48
Tiruppur,Kharif,Green Gram,Loamy,8.11,67.0,28.9,1.25
Thoothukudi,Rabi,Sunflower,Red,10.78,44.1,40.5,0.8
Thoothukudi,Rabi,Groundnut,Black,4.27,72.5,21.5,1.62
Kancheepuram,Rabi,Cotton,Loamy,7.6,76.5,19.1,1.14
Kancheepuram,Summer,Ragi,Clay,9.52,44.4,35.3,1.16
Thoothukudi,Kharif,Cotton,Red,7.45,106.3,30.7,2.17
Thanjavur,Summer,Millets,Red,8.5,48.0,27.1,1.67
Coimbatore,Rabi,Banana,Clay,6.58,88.6,36.1,3.37
Kancheepuram,Rabi,Black Gram,Clay,7.37,83.4,21.6,0.79
Coimbatore,Summer,Sunflower,Clay,3.74,77.6,25.5,1.46
Coimbatore,Kharif,Groundnut,Black,7.39,221.7,24.2,1.27
Erode,Kharif,Sesame,Loamy,10.96,185.0,26.9,0.88
Salem,Kharif,Chilli,Alluvial,2.52,86.9,28.2,3.1
Thanjavur,Rabi,Turmeric,Red,9.07,33.5,19.7,3.72
Coimbatore,Summer,Green Gram,Black,8.14,54.7,36.6,0.75
Thoothukudi,Kharif,Sugarcane,Alluvial,11.27,139.3,23.8,5.4
Tiruppur,Rabi,Chilli,Clay,2.76,43.7,29.9,2.97
Coimbatore,Kharif,Green Gram,Clay,3.97,71.2,19.2,0.76
Thanjavur,Rabi,Groundnut,Red,1.14,109.2,19.5,2.45
Vellore,Rabi,Sugarcane,Clay,4.0,38.5,36.9,4.63
Thoothukudi,Summer,Sunflower,Loamy,11.05,48.6,20.3,1.12
Salem,Rabi,Rice,Black,9.32,127.0,24.9,3.94
Villupuram,Kharif,Rice,Clay,3.06,272.3,29.0,4.47
Tiruppur,Summer,Cotton,Red,0.61,36.6,40.9,0.8
Cuddalore,Summer,Green Gram,Red,4.37,43.8,19.0,0.85
Madurai,Summer,Coconut,Loamy,10.65,45.8,40.3,2.47
Salem,Summer,Ragi,Clay,8.71,51.6,35.8,0.95
Thanjavur,Rabi,Green Gram,Loamy,2.94,144.5,24.9,1.18
Namakkal,Kharif,Turmeric,Clay,10.05,261.0,23.9,4.83
Kancheepuram,Summer,Rice,Loamy,3.75,20.1,22.7,3.84
Tirunelveli,Rabi,Green Gram,Loamy,3.31,150.0,36.9,0.85
Salem,Summer,Millets,Black,8.47,52.2,39.9,1.39
Kancheepuram,Rabi,Sugarcane,Alluvial,2.78,78.0,22.4,4.98
Villupuram,Summer,Cotton,Black,3.16,76.5,30.0,2.11
Madurai,Rabi,Sunflower,Red,10.76,113.7,31.6,1.23
Trichy,Rabi,Sunflower,Clay,1.95,78.6,37.8,0.86
Vellore,Summer,Groundnut,Black,0.58,93.3,18.6,1.59
Thoothukudi,Summer,Turmeric,Clay,3.38,101.8,23.7,4.22
Erode,Rabi,Black Gram,Black,0.8,122.3,31.1,1.35
Vellore,Kharif,Soybean,Black,3.13,279.2,33.5,1.55
Thoothukudi,Rabi,Coconut,Loamy,6.07,26.6,30.5,2.91
Dindigul,Kharif,Sesame,Red,1.58,301.8,30.1,0.8
Trichy,Summer,Coconut,Alluvial,5.73,106.3,30.5,4.14
Erode,Kharif,Sunflower,Red,1.18,250.9,18.9,0.69
Trichy,Rabi,Black Gram,Alluvial,1.53,103.7,21.8,1.04
Trichy,Rabi,Sesame,Loamy,3.32,62.9,24.8,0.91
Trichy,Summer,Banana,Alluvial,5.67,91.6,35.9,2.75
Coimbatore,Summer,Maize,Black,11.92,40.2,25.2,3.21
Thanjavur,Summer,Cotton,Alluvial,7.32,107.0,33.0,1.26
Tirunelveli,Rabi,Millets,Loamy,2.1,148.0,27.3,1.05
Kancheepuram,Summer,Millets,Loamy,11.29,70.7,19.6,0.84
Thanjavur,Summer,Turmeric,Clay,9.25,34.9,33.5,2.86
Cuddalore,Kharif,Millets,Clay,4.1,295.9,32.3,0.81
Salem,Summer,Sesame,Red,11.72,44.1,37.4,0.78
Dindigul,Summer,Turmeric,Red,11.08,77.0,41.4,3.22
Tiruppur,Summer,Sesame,Black,4.22,75.2,32.9,0.54
Coimbatore,Kharif,Rice,Clay,10.65,105.7,40.1,3.01
Tirunelveli,Kharif,Coconut,Clay,4.48,213.1,27.3,4.08
Madurai,Summer,Groundnut,Red,2.41,53.8,41.3,1.35
Salem,Summer,Chilli,Clay,2.85,78.0,22.1,2.64
Madurai,Summer,Turmeric,Loamy,7.31,102.4,18.2,3.5
Coimbatore,Rabi,Maize,Alluvial,2.02,140.5,31.6,2.57
Coimbatore,Kharif,Turmeric,Loamy,7.37,307.0,28.5,4.26
Erode,Kharif,Rice,Red,9.04,100.4,24.8,4.16
Erode,Summer,Maize,Red,3.78,48.7,21.9,2.85
Trichy,Rabi,Rice,Alluvial,3.37,35.9,35.7,3.5
Vellore,Summer,Banana,Alluvial,7.76,42.7,21.7,4.12
Tirunelveli,Rabi,Black Gram,Black,9.03,90.1,23.9,1.56
Thanjavur,Summer,Sugarcane,Loamy,11.42,103.2,24.0,6.45
Vellore,Summer,Sunflower,Clay,1.45,38.1,22.7,0.99
Tirunelveli,Summer,Turmeric,Loamy,8.75,76.9,38.3,2.9
Dindigul,Kharif,Groundnut,Loamy,3.49,134.6,25.5,2.09
Tiruppur,Summer,Millets,Black,0.65,20.3,24.3,1.9
Villupuram,Summer,Millets,Loamy,9.54,93.7,29.7,1.24
Erode,Summer,Chilli,Black,11.67,87.1,18.7,2.4
Coimbatore,Summer,Ragi,Alluvial,7.09,102.7,21.6,1.93
Madurai,Summer,Chilli,Red,5.86,63.9,27.9,3.37
Kancheepuram,Kharif,Banana,Black,10.84,125.5,23.9,5.06
Kancheepuram,Rabi,Chilli,Clay,2.26,127.0,40.0,1.38
Thanjavur,Kharif,Green Gram,Clay,1.75,238.2,34.0,0.62
Salem,Kharif,Millets,Red,3.53,231.0,25.7,1.67
Cuddalore,Summer,Groundnut,Red,2.76,21.6,20.0,1.84
Thanjavur,Kharif,Groundnut,Alluvial,9.22,210.8,37.0,1.05
Tiruppur,Rabi,Millets,Clay,7.36,85.6,36.2,1.18
Madurai,Summer,Sunflower,Loamy,10.12,98.0,25.0,0.93
Cuddalore,Kharif,Groundnut,Black,2.95,190.5,25.7,1.81
Cuddalore,Summer,Black Gram,Alluvial,2.0,104.3,18.7,0.74
Vellore,Summer,Cotton,Alluvial,10.31,18.5,21.3,0.67
Thanjavur,Rabi,Millets,Red,4.21,146.9,36.1,0.98
Tiruppur,Kharif,Cotton,Alluvial,11.57,181.7,35.4,1.05
Thanjavur,Summer,Sesame,Alluvial,1.05,90.6,36.8,0.18
Tiruppur,Rabi,Coconut,Loamy,8.62,113.1,22.2,2.89
Namakkal,Summer,Groundnut,Loamy,10.45,34.1,38.4,0.95
Trichy,Rabi,Maize,Red,9.51,131.1,23.7,3.79
Thanjavur,Rabi,Green Gram,Alluvial,11.5,117.1,31.8,0.98
Thoothukudi,Summer,Sesame,Red,2.38,100.1,18.7,0.44
Madurai,Summer,Black Gram,Clay,10.05,27.0,18.1,0.37
Vellore,Kharif,Sesame,Loamy,10.88,299.2,40.1,0.18
Thoothukudi,Kharif,Ragi,Red,5.84,105.0,19.3,2.21
Villupuram,Summer,Sunflower,Alluvial,9.39,96.6,26.1,1.09
Villupuram,Kharif,Turmeric,Red,6.65,206.7,29.3,4.44
Thanjavur,Kharif,Black Gram,Clay,11.71,129.0,40.4,0.62
Cuddalore,Summer,Sunflower,Clay,3.73,18.1,20.2,1.0
Thanjavur,Rabi,Coconut,Red,6.82,45.4,28.5,3.42
Villupuram,Rabi,Sesame,Alluvial,8.54,90.0,34.7,0.65
Coimbatore,Rabi,Chilli,Loamy,8.38,120.7,39.2,2.31
Erode,Kharif,Cotton,Black,4.61,282.5,30.1,1.68
Cuddalore,Kharif,Maize,Clay,10.58,126.5,30.8,2.33
Coimbatore,Kharif,Chilli,Alluvial,3.92,229.6,33.8,1.53
Erode,Kharif,Maize,Red,9.97,137.5,25.0,3.71
Namakkal,Kharif,Soybean,Loamy,10.24,169.3,24.3,1.57
Tirunelveli,Rabi,Cotton,Clay,1.42,128.4,29.9,1.51
Kancheepuram,Rabi,Coconut,Black,3.94,156.0,24.0,3.14
Thanjavur,Rabi,Rice,Loamy,6.66,108.5,31.8,3.87
Erode,Rabi,Cotton,Alluvial,4.34,35.6,34.1,1.1
Coimbatore,Rabi,Banana,Alluvial,11.37,108.4,21.8,2.91
Namakkal,Kharif,Chilli,Alluvial,8.4,136.0,37.9,2.03
Thoothukudi,Kharif,Maize,Loamy,10.35,261.8,23.7,1.93
Trichy,Rabi,Green Gram,Red,6.62,95.6,41.3,0.85
Salem,Kharif,Soybean,Black,5.99,240.5,35.4,1.34
Thoothukudi,Rabi,Green Gram,Loamy,11.82,34.5,38.3,1.04
Tiruppur,Rabi,Sunflower,Clay,10.19,89.1,32.2,1.16
Erode,Kharif,Maize,Red,2.59,267.9,38.5,1.48
Thoothukudi,Kharif,Green Gram,Red,5.12,212.8,24.9,0.77
Salem,Kharif,Cotton,Clay,2.65,67.4,33.9,1.15
Kancheepuram,Kharif,Chilli,Red,1.86,123.1,29.9,2.52
Thanjavur,Summer,Ragi,Black,10.42,33.3,20.0,2.16
Dindigul,Summer,Chilli,Loamy,8.46,21.3,26.6,3.16
Namakkal,Rabi,Ragi,Loamy,3.06,52.8,27.7,1.88
Trichy,Rabi,Green Gram,Clay,9.9,145.5,32.0,0.9
Vellore,Kharif,Chilli,Red,0.84,246.3,27.4,2.12
Trichy,Rabi,Black Gram,Loamy,10.33,83.1,36.2,0.89
Coimbatore,Summer,Green Gram,Clay,9.23,15.1,22.8,0.61
Tirunelveli,Rabi,Banana,Red,5.25,125.1,29.8,4.36
Trichy,Summer,Chilli,Red,7.23,103.9,21.7,2.58
Madurai,Summer,Coconut,Red,1.4,26.3,27.1,3.36
Trichy,Summer,Black Gram,Alluvial,11.35,52.9,29.8,1.19
Villupuram,Summer,Ragi,Loamy,7.2,103.4,20.4,1.66
Thoothukudi,Rabi,Banana,Loamy,9.36,74.2,33.4,4.35
Tirunelveli,Summer,Millets,Red,5.99,32.9,25.7,1.35
Dindigul,Kharif,Coconut,Red,8.31,281.0,33.3,3.19
Tiruppur,Summer,Green Gram,Clay,6.37,43.6,40.4,0.72
Erode,Kharif,Rice,Black,3.81,133.5,38.6,2.66
Erode,Summer,Turmeric,Loamy,5.66,70.0,25.6,4.14
Coimbatore,Rabi,Groundnut,Red,7.74,141.7,18.2,1.77
Erode,Summer,Groundnut,Alluvial,6.51,71.5,26.9,2.09
Tiruppur,Summer,Coconut,Clay,4.74,99.3,25.4,3.36
Dindigul,Summer,Turmeric,Black,4.66,33.6,18.8,3.55
Dindigul,Rabi,Turmeric,Clay,4.44,30.0,41.7,1.47
Kancheepuram,Rabi,Millets,Clay,10.34,150.4,37.8,0.85
Erode,Rabi,Sesame,Loamy,3.07,145.4,26.7,0.84
Madurai,Kharif,Chilli,Alluvial,3.79,204.8,32.5,1.97
Tiruppur,Rabi,Chilli,Red,2.15,138.7,22.8,2.62
Erode,Kharif,Sugarcane,Black,11.6,285.0,20.1,5.73
Madurai,Kharif,Groundnut,Black,8.53,229.0,28.9,0.72
Salem,Summer,Turmeric,Black,1.87,38.4,19.1,2.35
Tiruppur,Kharif,Groundnut,Red,3.13,276.6,22.4,2.03
Erode,Kharif,Sugarcane,Clay,5.1,193.5,35.4,4.67
Namakkal,Kharif,Sesame,Alluvial,10.15,81.0,31.4,0.83
Salem,Kharif,Green Gram,Alluvial,10.61,202.3,19.2,0.34
Cuddalore,Summer,Sugarcane,Black,2.93,14.9,33.4,5.56
Madurai,Rabi,Soybean,Loamy,8.28,86.6,22.7,1.6
Vellore,Kharif,Sesame,Loamy,4.3,283.8,24.0,0.43
Cuddalore,Rabi,Soybean,Black,5.55,37.7,35.6,1.04
Kancheepuram,Summer,Groundnut,Black,4.9,27.9,35.9,0.94
Salem,Kharif,Turmeric,Clay,1.21,184.3,41.6,3.0
Tiruppur,Summer,Groundnut,Clay,4.1,75.2,25.7,2.01
Tirunelveli,Summer,Turmeric,Red,6.72,14.9,40.8,1.74
Vellore,Summer,Ragi,Black,6.03,82.3,23.2,2.89
Tiruppur,Summer,Sugarcane,Clay,7.03,100.1,24.4,3.7
Tiruppur,Rabi,Coconut,Clay,2.04,64.2,19.6,2.4
Erode,Rabi,Coconut,Clay,9.31,77.9,35.6,1.68
Cuddalore,Summer,Banana,Alluvial,9.34,76.3,29.9,5.36
Namakkal,Kharif,Turmeric,Clay,0.6,191.0,21.2,4.53
Tiruppur,Rabi,Sesame,Black,1.71,38.2,29.4,0.97
Trichy,Kharif,Cotton,Loamy,5.43,304.2,27.4,1.4
Dindigul,Summer,Turmeric,Clay,11.89,83.8,32.4,3.13
Erode,Kharif,Coconut,Black,5.69,237.3,38.0,2.51
Thoothukudi,Rabi,Rice,Clay,1.42,155.0,39.0,3.46
Trichy,Summer,Rice,Red,5.52,56.0,19.9,2.96
Salem,Summer,Sugarcane,Alluvial,1.12,36.4,37.7,4.17
Cuddalore,Kharif,Cotton,Red,7.19,223.6,34.0,1.47
Kancheepuram,Summer,Chilli,Clay,8.15,57.1,30.8,2.98
Vellore,Rabi,Ragi,Black,3.74,49.7,36.0,1.71
Dindigul,Kharif,Maize,Red,10.76,280.9,33.2,2.17
Coimbatore,Rabi,Groundnut,Alluvial,6.95,36.5,29.2,1.5
Tiruppur,Kharif,Turmeric,Black,10.58,263.5,20.3,3.63
Namakkal,Kharif,Maize,Clay,5.61,92.1,24.1,3.46
Kancheepuram,Summer,Rice,Clay,5.82,65.4,37.0,3.03
Vellore,Rabi,Green Gram,Loamy,10.4,22.8,20.8,0.85
Vellore,Kharif,Cotton,Black,6.34,170.8,29.2,1.85
Tiruppur,Rabi,Green Gram,Clay,8.73,141.2,21.3,0.55
Kancheepuram,Kharif,Coconut,Black,8.11,208.9,36.7,2.64
Dindigul,Summer,Groundnut,Loamy,8.23,17.4,34.5,1.46
Thanjavur,Rabi,Cotton,Alluvial,11.58,61.6,22.8,1.26
Tiruppur,Kharif,Soybean,Black,4.64,265.2,25.7,1.73
Dindigul,Rabi,Soybean,Clay,6.07,158.2,18.2,1.34
Kancheepuram,Summer,Turmeric,Clay,11.61,28.6,19.6,3.27
Villupuram,Rabi,Black Gram,Loamy,1.75,74.7,40.5,0.93
Tiruppur,Kharif,Maize,Black,5.25,242.0,36.0,1.73
Vellore,Kharif,Sunflower,Loamy,11.64,278.7,32.1,0.5
Tirunelveli,Summer,Sunflower,Clay,2.31,96.6,35.5,0.42
Trichy,Summer,Groundnut,Red,10.25,62.8,19.2,1.69
Erode,Summer,Black Gram,Clay,10.74,42.0,39.8,0.34
Dindigul,Kharif,Sesame,Alluvial,1.75,250.8,30.1,0.3
Tiruppur,Kharif,Millets,Red,3.39,101.0,25.4,1.77
Kancheepuram,Summer,Chilli,Clay,2.62,106.1,31.5,3.27
Dindigul,Rabi,Turmeric,Red,8.46,93.3,29.9,3.57
Salem,Summer,Banana,Loamy,7.39,91.0,38.3,4.07
Erode,Kharif,Sunflower,Clay,6.42,151.7,31.1,0.99
Cuddalore,Kharif,Sugarcane,Black,1.04,298.8,30.8,6.93
Tiruppur,Summer,Sesame,Loamy,4.39,19.0,26.5,0.55
Erode,Rabi,Black Gram,Clay,5.47,98.1,34.4,1.0
Dindigul,Summer,Cotton,Black,8.72,66.4,33.5,1.74
Thanjavur,Rabi,Banana,Clay,5.48,92.0,34.0,3.54
Namakkal,Kharif,Groundnut,Red,0.91,192.0,33.6,1.27
Tiruppur,Summer,Turmeric,Red,7.39,56.4,23.8,3.99
Thanjavur,Rabi,Turmeric,Black,2.62,67.7,35.2,2.33
Madurai,Rabi,Sunflower,Clay,7.33,83.3,22.1,1.41
Trichy,Summer,Rice,Loamy,2.04,34.3,22.9,2.82
Tiruppur,Summer,Rice,Alluvial,8.82,49.6,37.6,2.29
Thoothukudi,Summer,Sunflower,Loamy,4.93,45.7,38.0,0.67
Tirunelveli,Kharif,Groundnut,Alluvial,11.03,190.7,18.3,1.44
Villupuram,Summer,Cotton,Red,7.39,40.9,41.8,1.26
Villupuram,Rabi,Sunflower,Loamy,7.54,34.5,35.4,0.7
Namakkal,Summer,Black Gram,Alluvial,9.8,38.5,28.8,1.36
Erode,Rabi,Turmeric,Red,3.73,111.7,39.5,3.91
Thoothukudi,Rabi,Sunflower,Alluvial,3.36,133.7,21.1,1.55
Namakkal,Summer,Sesame,Alluvial,11.53,85.7,36.2,0.19
Vellore,Kharif,Ragi,Clay,3.36,282.9,28.3,1.15
Dindigul,Rabi,Millets,Alluvial,5.02,30.0,32.2,1.44
Vellore,Kharif,Chilli,Loamy,2.03,64.4,33.0,2.6
Trichy,Kharif,Turmeric,Black,9.77,235.4,30.9,3.8
Tirunelveli,Kharif,Black Gram,Black,7.74,177.1,33.5,1.18
Namakkal,Rabi,Sunflower,Black,3.7,109.3,31.3,1.19
Trichy,Summer,Millets,Loamy,9.22,48.0,22.2,0.8
Thoothukudi,Summer,Rice,Alluvial,0.83,37.3,36.3,2.06
Cuddalore,Rabi,Groundnut,Red,5.99,68.3,29.3,1.82
Vellore,Rabi,Coconut,Red,2.96,119.1,37.6,2.74
Villupuram,Rabi,Chilli,Alluvial,10.96,22.6,25.8,2.92
Trichy,Rabi,Cotton,Clay,6.66,129.7,41.2,0.8
Cuddalore,Rabi,Sunflower,Red,7.68,141.0,33.4,0.87
Vellore,Rabi,Millets,Alluvial,9.11,20.4,31.5,1.75
Trichy,Rabi,Turmeric,Loamy,9.6,52.1,26.2,3.64
Coimbatore,Summer,Maize,Loamy,9.15,19.3,33.8,2.64
Erode,Rabi,Banana,Black,5.4,21.9,36.9,2.68
Villupuram,Kharif,Rice,Clay,3.7,225.3,26.8,4.96
Cuddalore,Rabi,Sesame,Loamy,1.41,141.5,29.7,0.56
Tirunelveli,Summer,Cotton,Black,8.36,30.0,21.3,1.57
Thoothukudi,Kharif,Cotton,Red,9.77,87.0,33.6,1.87
Erode,Summer,Turmeric,Black,9.98,85.1,32.9,2.97
Dindigul,Summer,Rice,Alluvial,1.26,19.5,34.3,2.73
Tirunelveli,Kharif,Sunflower,Alluvial,5.79,134.6,28.1,1.34
Salem,Summer,Black Gram,Black,10.38,95.1,28.9,1.25
Dindigul,Summer,Chilli,Loamy,7.83,46.1,32.9,1.84
Salem,Rabi,Sunflower,Red,4.41,24.7,38.1,1.31
Erode,Rabi,Cotton,Alluvial,4.81,104.8,19.7,1.61
Salem,Kharif,Banana,Alluvial,2.73,196.8,32.1,4.73
Villupuram,Summer,Maize,Loamy,9.92,19.5,33.4,2.77
Namakkal,Kharif,Soybean,Alluvial,4.74,133.3,32.8,1.52
Coimbatore,Kharif,Sunflower,Black,4.7,252.9,22.0,0.99
Madurai,Summer,Banana,Clay,11.28,53.2,40.6,2.01
Madurai,Kharif,Green Gram,Clay,11.11,284.3,31.7,0.92
Erode,Kharif,Millets,Red,2.66,217.5,24.8,1.64
Namakkal,Summer,Millets,Alluvial,4.16,75.9,19.3,0.9
Trichy,Rabi,Sesame,Clay,5.19,108.5,23.7,0.88
Madurai,Summer,Green Gram,Clay,10.18,56.7,20.2,1.06
Cuddalore,Rabi,Ragi,Loamy,1.81,31.5,23.9,2.24
Dindigul,Summer,Turmeric,Red,4.19,50.8,34.4,2.91
Madurai,Kharif,Chilli,Black,8.76,213.8,34.5,1.83
Villupuram,Rabi,Turmeric,Loamy,1.09,138.5,32.9,3.19
Madurai,Summer,Banana,Clay,6.17,19.2,41.3,2.75
Tiruppur,Rabi,Maize,Loamy,4.64,89.9,31.6,2.88
Salem,Kharif,Banana,Black,5.51,226.0,21.5,3.94
Vellore,Kharif,Sunflower,Red,9.77,182.2,23.5,1.22
Tiruppur,Summer,Sunflower,Clay,10.51,106.5,37.4,0.36
Trichy,Kharif,Sesame,Red,4.84,284.9,33.0,0.58
Thanjavur,Kharif,Millets,Alluvial,8.15,197.6,29.9,1.08
Coimbatore,Kharif,Sugarcane,Clay,8.93,191.1,28.2,6.45
Tiruppur,Rabi,Millets,Alluvial,1.29,100.2,34.5,1.18
Coimbatore,Kharif,Chilli,Black,2.75,108.1,30.1,3.03
Namakkal,Summer,Maize,Loamy,6.53,53.4,34.5,2.98
Tirunelveli,Kharif,Coconut,Clay,5.19,106.1,33.1,3.27
Tiruppur,Kharif,Rice,Black,10.02,130.5,31.5,3.76
Erode,Kharif,Millets,Loamy,5.83,91.7,32.6,1.07
Kancheepuram,Summer,Banana,Red,11.73,84.5,38.0,2.42
Coimbatore,Summer,Banana,Red,11.86,71.4,37.7,2.35
Cuddalore,Summer,Sugarcane,Black,1.49,87.0,21.6,5.02
Erode,Rabi,Millets,Clay,5.5,73.1,25.7,1.69
Tiruppur,Rabi,Rice,Clay,1.62,121.1,28.9,4.36
Madurai,Kharif,Banana,Alluvial,9.24,318.5,19.0,3.9
Salem,Summer,Coconut,Red,5.76,85.2,40.0,2.59
Erode,Rabi,Ragi,Red,9.75,21.4,27.0,2.15
Dindigul,Kharif,Sugarcane,Clay,3.93,251.6,28.9,6.04
Madurai,Kharif,Ragi,Black,0.62,138.5,31.6,1.61
Erode,Summer,Sunflower,Red,4.23,83.6,22.3,1.51
Trichy,Kharif,Millets,Loamy,9.42,232.1,31.0,1.05
Dindigul,Rabi,Black Gram,Black,10.48,79.1,32.3,1.22
Erode,Summer,Coconut,Red,2.95,87.1,36.6,2.6
Erode,Rabi,Sugarcane,Clay,2.82,109.0,41.4,4.63
Thanjavur,Rabi,Green Gram,Red,1.14,59.6,26.7,1.32
Thanjavur,Kharif,Ragi,Clay,7.66,151.3,21.7,2.3
Cuddalore,Kharif,Black Gram,Clay,9.58,267.0,27.5,0.68
Namakkal,Rabi,Black Gram,Clay,4.49,118.5,26.6,1.04
Salem,Kharif,Sugarcane,Black,7.95,214.1,39.8,5.01
Tirunelveli,Summer,Black Gram,Alluvial,4.59,109.9,20.7,0.88
Coimbatore,Rabi,Millets,Loamy,6.97,74.0,37.4,0.79
Villupuram,Summer,Soybean,Clay,1.91,22.7,30.9,0.91
Erode,Summer,Chilli,Alluvial,1.96,48.9,40.0,1.18
Thoothukudi,Kharif,Coconut,Alluvial,5.63,318.5,27.8,3.14
Tirunelveli,Rabi,Banana,Red,4.71,135.0,36.8,3.56
Trichy,Rabi,Chilli,Loamy,9.42,155.8,27.8,3.26
Tirunelveli,Kharif,Millets,Red,2.56,186.8,26.1,1.03
Trichy,Kharif,Turmeric,Loamy,11.05,202.5,37.9,2.89
Thanjavur,Kharif,Cotton,Red,5.53,223.5,32.2,1.02
Tirunelveli,Kharif,Green Gram,Red,10.19,219.0,19.5,0.96
Namakkal,Summer,Sesame,Red,2.11,50.5,25.2,0.75
Thanjavur,Summer,Sunflower,Loamy,11.92,24.6,41.0,0.39
Coimbatore,Rabi,Soybean,Clay,8.08,31.0,33.7,0.84
Cuddalore,Rabi,Groundnut,Red,2.3,62.2,23.5,2.85
Trichy,Rabi,Rice,Clay,3.92,102.4,28.3,4.76
Erode,Summer,Millets,Clay,6.58,44.9,28.0,1.25
Vellore,Summer,Millets,Black,0.6,45.5,27.0,1.83
Coimbatore,Rabi,Maize,Loamy,0.97,95.6,21.6,3.93
Thanjavur,Summer,Maize,Alluvial,4.41,21.7,30.3,2.83
Tiruppur,Summer,Sunflower,Clay,2.08,77.5,30.1,0.93
Dindigul,Rabi,Cotton,Black,7.44,151.5,32.1,0.97
Coimbatore,Kharif,Sugarcane,Red,0.88,231.5,32.2,6.4
Namakkal,Rabi,Maize,Alluvial,10.28,131.4,27.5,3.46
Dindigul,Kharif,Chilli,Loamy,2.63,66.6,26.6,3.58
Villupuram,Rabi,Green Gram,Clay,8.02,152.5,36.0,0.59
Thoothukudi,Kharif,Cotton,Black,2.85,272.4,25.9,1.37
Trichy,Kharif,Sesame,Loamy,1.41,91.9,18.4,0.64
Madurai,Summer,Coconut,Alluvial,10.3,36.8,22.4,3.18
Coimbatore,Rabi,Cotton,Loamy,8.41,36.1,18.0,1.35
Cuddalore,Kharif,Sugarcane,Clay,1.21,257.4,33.8,6.71
Namakkal,Kharif,Maize,Alluvial,10.83,186.2,28.5,3.58
Trichy,Rabi,Turmeric,Loamy,1.24,142.8,23.2,4.74
Namakkal,Summer,Rice,Clay,11.63,88.2,25.8,3.5
Trichy,Summer,Sesame,Alluvial,0.9,48.0,29.5,0.43
Villupuram,Summer,Black Gram,Clay,2.25,17.5,27.1,0.8
Cuddalore,Rabi,Soybean,Black,9.96,146.8,38.7,1.12
Vellore,Kharif,Ragi,Alluvial,6.65,125.7,30.5,1.61
Salem,Summer,Sunflower,Black,8.43,24.8,26.5,1.39
Erode,Rabi,Turmeric,Clay,8.31,61.7,19.7,3.6
Salem,Summer,Turmeric,Clay,7.62,39.0,21.3,3.11
Trichy,Kharif,Chilli,Alluvial,6.73,67.9,18.3,1.88
Coimbatore,Rabi,Ragi,Red,2.29,34.0,33.5,1.5
Cuddalore,Kharif,Chilli,Clay,1.54,251.8,40.1,1.07
Vellore,Rabi,Ragi,Red,2.38,134.1,32.6,2.15
Villupuram,Summer,Soybean,Black,5.91,72.4,18.1,1.4
Madurai,Summer,Maize,Loamy,2.5,91.5,20.5,3.24
Villupuram,Kharif,Chilli,Red,4.26,216.8,35.9,2.77
Erode,Rabi,Groundnut,Clay,0.7,65.4,33.3,1.49
Dindigul,Kharif,Millets,Alluvial,1.94,182.4,38.7,0.64
Cuddalore,Kharif,Banana,Clay,9.51,200.1,26.9,4.89
Vellore,Rabi,Sunflower,Clay,8.68,130.0,36.1,0.8
Dindigul,Rabi,Cotton,Loamy,5.68,142.8,41.8,0.6
Thoothukudi,Rabi,Coconut,Black,1.41,68.1,26.9,3.83
Vellore,Summer,Coconut,Loamy,10.43,53.8,34.4,2.1
Dindigul,Summer,Cotton,Alluvial,0.66,99.7,40.4,1.2
Coimbatore,Kharif,Sugarcane,Clay,4.7,221.0,26.8,6.92
Thanjavur,Kharif,Sugarcane,Clay,8.28,290.7,18.6,4.37
Salem,Summer,Chilli,Alluvial,7.79,89.4,40.7,1.86
Dindigul,Rabi,Maize,Alluvial,1.45,113.0,33.6,3.14
Dindigul,Rabi,Cotton,Black,8.3,78.6,29.0,2.02
Coimbatore,Rabi,Rice,Black,8.57,38.6,21.5,2.43
Trichy,Kharif,Sunflower,Loamy,3.15,275.0,35.1,0.62
Cuddalore,Rabi,Cotton,Alluvial,8.08,58.5,40.4,1.16
Vellore,Summer,Sugarcane,Black,8.55,54.6,22.9,4.68
Tirunelveli,Summer,Black Gram,Loamy,4.23,84.1,24.5,0.53
Tiruppur,Summer,Ragi,Red,6.28,58.0,35.3,1.35
Trichy,Kharif,Groundnut,Loamy,11.36,99.5,28.6,2.23
Coimbatore,Rabi,Black Gram,Alluvial,6.98,82.0,28.7,1.74
Madurai,Kharif,Coconut,Alluvial,7.17,123.2,33.1,3.65
Erode,Summer,Green Gram,Red,10.67,94.5,35.7,1.07
Thanjavur,Rabi,Cotton,Red,9.19,90.6,36.7,1.36
Tirunelveli,Kharif,Sugarcane,Red,2.17,254.0,24.7,6.03
Cuddalore,Summer,Banana,Clay,7.93,85.5,21.8,4.08
Tirunelveli,Kharif,Soybean,Black,0.55,305.5,19.1,0.98
Kancheepuram,Rabi,Banana,Alluvial,10.05,109.8,36.2,3.21
Madurai,Kharif,Black Gram,Clay,10.59,114.1,19.1,0.93
Tiruppur,Rabi,Green Gram,Loamy,3.25,140.9,32.7,1.16
Cuddalore,Rabi,Sugarcane,Red,0.58,109.4,24.6,3.94
Namakkal,Summer,Black Gram,Red,10.98,18.5,38.6,0.84
Thoothukudi,Summer,Millets,Black,8.47,27.8,33.7,1.23
Thanjavur,Summer,Cotton,Clay,4.88,84.6,38.5,1.41
Salem,Rabi,Coconut,Loamy,6.28,40.3,33.0,2.36
Thoothukudi,Summer,Coconut,Clay,8.72,22.2,31.1,3.24
Trichy,Kharif,Sunflower,Loamy,9.98,305.2,22.2,0.85
Thanjavur,Kharif,Banana,Red,8.82,251.5,26.2,4.72
Thoothukudi,Kharif,Maize,Loamy,11.41,118.7,26.2,4.22
Thanjavur,Kharif,Sunflower,Alluvial,0.84,222.2,41.8,0.96
Vellore,Kharif,Sesame,Red,2.43,71.8,23.9,0.93
Thoothukudi,Kharif,Turmeric,Alluvial,7.84,288.9,22.1,3.2
Thanjavur,Summer,Sesame,Alluvial,2.84,97.1,40.4,0.15
Namakkal,Kharif,Chilli,Alluvial,7.12,156.2,25.3,2.99
Madurai,Summer,Maize,Loamy,1.87,14.1,24.7,3.12
Namakkal,Rabi,Soybean,Red,8.74,52.8,41.9,1.1
Madurai,Summer,Sugarcane,Loamy,8.61,66.1,36.6,4.13
Coimbatore,Kharif,Sunflower,Alluvial,11.32,64.3,24.9,1.88
Tiruppur,Rabi,Coconut,Loamy,7.57,123.1,41.5,1.69
Tiruppur,Kharif,Sesame,Red,11.65,152.6,18.1,0.43
Tirunelveli,Rabi,Banana,Red,9.9,91.3,22.4,4.46
Madurai,Kharif,Millets,Alluvial,3.51,100.0,18.8,1.18
Trichy,Summer,Millets,Black,4.56,29.8,28.3,1.24
Tiruppur,Summer,Groundnut,Loamy,9.79,13.8,18.7,1.39
Namakkal,Rabi,Sugarcane,Red,7.17,154.6,19.9,4.68
Dindigul,Kharif,Banana,Clay,9.03,156.9,24.7,4.85
Thanjavur,Kharif,Sugarcane,Black,10.1,195.1,26.1,6.57
Cuddalore,Kharif,Coconut,Alluvial,6.71,168.9,25.7,4.65
Vellore,Summer,Ragi,Clay,6.35,68.0,25.9,2.0
Dindigul,Kharif,Black Gram,Clay,8.29,256.5,18.3,0.61
Thoothukudi,Kharif,Banana,Clay,3.41,197.4,39.4,2.01
Erode,Summer,Sunflower,Loamy,1.23,98.7,25.1,1.46
Madurai,Rabi,Sunflower,Black,4.11,23.5,27.2,1.35
Tirunelveli,Kharif,Chilli,Alluvial,10.6,262.1,40.8,0.81
Cuddalore,Summer,Coconut,Clay,7.48,104.0,39.2,2.46
Salem,Rabi,Turmeric,Loamy,4.53,22.7,38.2,1.81
Thoothukudi,Rabi,Rice,Alluvial,7.44,23.6,23.5,3.54
Cuddalore,Summer,Soybean,Black,9.27,15.0,38.7,1.19
Madurai,Kharif,Ragi,Black,1.05,145.3,28.1,1.63
Salem,Rabi,Turmeric,Black,3.73,108.3,21.6,3.59
Dindigul,Summer,Banana,Red,0.96,99.3,25.9,4.47
Erode,Summer,Maize,Loamy,10.4,81.2,40.5,2.22
Thoothukudi,Rabi,Cotton,Clay,11.75,49.9,23.1,1.14
Namakkal,Rabi,Banana,Clay,11.45,84.9,26.1,4.5
Madurai,Summer,Chilli,Red,9.72,106.9,26.5,3.5
Erode,Summer,Chilli,Red,11.67,97.4,37.8,2.17
Villupuram,Kharif,Sesame,Clay,4.39,109.2,32.1,0.55
Namakkal,Kharif,Rice,Black,9.02,164.6,23.6,3.71
Namakkal,Kharif,Black Gram,Black,10.38,123.7,30.3,1.39
Salem,Summer,Green Gram,Clay,6.9,14.0,33.4,0.95
Madurai,Rabi,Sunflower,Red,4.13,24.2,18.3,1.07
Salem,Rabi,Soybean,Clay,3.28,107.9,33.1,1.7
Thoothukudi,Rabi,Chilli,Clay,8.78,113.4,26.1,2.97
Trichy,Summer,Sugarcane,Alluvial,9.65,90.0,38.3,4.48
Thanjavur,Summer,Sunflower,Loamy,7.36,58.1,24.3,1.03
Thanjavur,Kharif,Black Gram,Clay,4.95,259.9,31.0,0.55
Thanjavur,Kharif,Maize,Alluvial,11.8,103.7,39.2,2.22
Namakkal,Kharif,Green Gram,Black,11.31,172.7,30.0,1.01
Namakkal,Summer,Ragi,Alluvial,9.52,56.6,41.3,1.65
Cuddalore,Summer,Millets,Red,4.37,51.3,28.4,1.87
Villupuram,Kharif,Black Gram,Red,8.12,251.4,40.7,0.45
Vellore,Rabi,Turmeric,Red,8.39,73.8,33.9,2.9
Madurai,Summer,Banana,Black,9.69,34.0,19.2,3.87
Villupuram,Summer,Soybean,Loamy,6.21,38.7,39.5,0.6
Madurai,Summer,Groundnut,Alluvial,1.34,74.8,26.2,1.67
Kancheepuram,Summer,Black Gram,Clay,3.59,56.1,34.6,0.87
Vellore,Rabi,Ragi,Clay,4.28,119.4,26.4,1.71
Cuddalore,Rabi,Coconut,Black,6.01,127.2,34.8,2.61
Thoothukudi,Summer,Ragi,Red,7.21,40.5,37.8,1.41
Kancheepuram,Kharif,Chilli,Loamy,9.89,301.9,29.8,2.42
Madurai,Summer,Sesame,Red,1.91,101.0,24.6,0.72
Tirunelveli,Rabi,Sunflower,Alluvial,9.92,151.9,36.0,0.99
Thanjavur,Kharif,Groundnut,Black,6.38,174.3,34.0,1.34
Tirunelveli,Kharif,Sunflower,Red,8.39,136.0,41.9,1.08
Thoothukudi,Summer,Millets,Clay,8.87,48.1,28.2,1.25
Salem,Summer,Cotton,Black,7.49,48.1,25.7,1.49
Vellore,Summer,Chilli,Black,2.05,39.8,29.1,2.44
Thoothukudi,Kharif,Sugarcane,Loamy,10.7,168.2,37.4,5.31
Tiruppur,Summer,Banana,Alluvial,2.31,87.6,30.4,4.08
Salem,Rabi,Green Gram,Loamy,8.57,72.2,33.4,1.23
Tiruppur,Summer,Banana,Clay,3.53,38.4,41.5,2.23
Salem,Summer,Banana,Black,11.4,82.9,36.8,2.54
Villupuram,Summer,Black Gram,Red,5.26,23.2,40.7,0.74
Thanjavur,Summer,Coconut,Loamy,9.75,46.2,19.5,2.34
Dindigul,Kharif,Maize,Loamy,3.6,217.5,21.3,2.09
Thanjavur,Rabi,Banana,Clay,11.18,148.0,32.6,4.51
Coimbatore,Rabi,Sunflower,Red,11.89,143.4,31.8,1.06
Tirunelveli,Rabi,Coconut,Loamy,4.12,154.0,29.1,4.05
Trichy,Summer,Maize,Alluvial,11.61,15.4,35.8,2.12
Thanjavur,Summer,Rice,Clay,9.26,42.0,22.9,2.65
Thanjavur,Rabi,Coconut,Red,4.49,142.1,40.9,1.92
Salem,Kharif,Cotton,Black,5.96,194.1,36.9,1.59
Cuddalore,Kharif,Black Gram,Clay,10.78,261.1,33.5,0.7
Tiruppur,Kharif,Maize,Alluvial,11.55,179.3,29.1,3.59
Coimbatore,Rabi,Coconut,Clay,11.98,115.5,24.6,3.2
Tiruppur,Rabi,Ragi,Red,2.04,102.9,36.4,1.63
Trichy,Summer,Maize,Red,6.27,100.0,37.2,2.68
Kancheepuram,Summer,Rice,Clay,5.85,92.6,32.2,3.59
Namakkal,Rabi,Rice,Clay,2.43,131.3,22.1,3.81
Madurai,Summer,Coconut,Black,4.74,79.6,39.2,2.33
Trichy,Summer,Cotton,Loamy,11.61,53.7,23.6,1.7
Madurai,Rabi,Sunflower,Loamy,9.4,66.0,41.4,0.71
Dindigul,Kharif,Sesame,Black,1.51,89.0,28.5,0.99
Dindigul,Rabi,Soybean,Red,1.44,77.6,21.8,1.7
Madurai,Kharif,Chilli,Loamy,11.4,269.9,39.5,1.59
Kancheepuram,Rabi,Banana,Red,5.41,68.9,26.6,3.41
Dindigul,Summer,Sunflower,Black,9.28,13.2,19.8,1.11
Thoothukudi,Kharif,Groundnut,Clay,1.66,243.3,30.5,0.72
Thanjavur,Rabi,Maize,Alluvial,7.48,59.4,40.2,2.57
Dindigul,Summer,Banana,Red,5.59,60.8,19.9,3.05
Thoothukudi,Summer,Ragi,Alluvial,3.18,65.0,20.2,2.46
Vellore,Summer,Coconut,Black,10.45,51.2,21.2,3.41
Erode,Summer,Black Gram,Loamy,4.3,63.5,40.0,0.24
Namakkal,Kharif,Chilli,Alluvial,3.05,191.3,39.8,1.95
Thanjavur,Kharif,Groundnut,Alluvial,5.12,118.9,41.7,1.08
Trichy,Rabi,Chilli,Alluvial,10.54,120.0,33.1,2.61
Kancheepuram,Kharif,Sugarcane,Alluvial,6.65,62.8,28.9,5.12
Tiruppur,Kharif,Ragi,Loamy,5.01,168.8,37.4,0.76
Kancheepuram,Rabi,Millets,Loamy,2.36,147.3,26.2,1.25
Coimbatore,Kharif,Black Gram,Red,3.43,310.6,37.3,0.65
Thanjavur,Summer,Millets,Loamy,9.68,25.7,26.1,0.94
Namakkal,Kharif,Black Gram,Black,8.8,191.2,20.2,0.98
Tirunelveli,Summer,Coconut,Loamy,5.64,101.6,31.4,3.46
Salem,Kharif,Banana,Loamy,9.18,77.4,27.1,5.71
Thanjavur,Summer,Millets,Red,0.76,107.2,40.0,0.92
Villupuram,Kharif,Chilli,Black,10.06,197.0,21.5,1.71
Madurai,Rabi,Cotton,Alluvial,7.9,126.5,30.5,1.09
Namakkal,Kharif,Groundnut,Loamy,7.16,85.1,40.0,1.57
Erode,Rabi,Ragi,Loamy,2.84,66.7,29.7,1.36
Salem,Summer,Sesame,Loamy,11.05,16.8,41.5,0.24
Trichy,Kharif,Sunflower,Black,7.95,64.3,24.6,1.69
Thoothukudi,Summer,Cotton,Red,8.71,80.3,36.0,1.47
Kancheepuram,Summer,Maize,Loamy,2.51,88.0,26.5,3.55
Namakkal,Summer,Ragi,Red,2.22,17.3,22.8,2.24
Trichy,Summer,Green Gram,Black,10.63,20.1,31.5,1.01
Erode,Summer,Maize,Clay,2.68,28.7,26.3,3.55
Cuddalore,Rabi,Turmeric,Black,4.22,142.7,18.2,3.69
Thoothukudi,Rabi,Green Gram,Black,1.41,106.0,26.8,0.82
Vellore,Rabi,Black Gram,Black,7.94,58.0,27.6,1.37
Tiruppur,Summer,Rice,Alluvial,9.99,72.3,32.7,3.33
Thanjavur,Kharif,Banana,Alluvial,8.15,319.6,34.7,3.08
Namakkal,Rabi,Coconut,Loamy,3.21,131.1,20.1,3.38
Kancheepuram,Kharif,Turmeric,Clay,7.45,82.0,19.5,2.71
Coimbatore,Kharif,Sugarcane,Clay,1.84,104.7,29.5,5.32
Thoothukudi,Kharif,Sugarcane,Alluvial,5.7,307.2,23.2,5.64
Salem,Rabi,Banana,Loamy,8.85,44.8,33.7,3.58
Villupuram,Rabi,Cotton,Alluvial,2.16,152.0,38.1,0.58
Thanjavur,Kharif,Groundnut,Loamy,6.58,204.8,21.4,1.15
Tiruppur,Rabi,Ragi,Alluvial,6.72,115.9,25.8,2.13
Coimbatore,Summer,Sesame,Loamy,8.31,32.9,29.8,0.44
Cuddalore,Summer,Coconut,Red,6.79,105.6,35.5,3.01
Vellore,Rabi,Sunflower,Alluvial,6.58,41.2,26.2,1.78
Thoothukudi,Kharif,Sunflower,Black,10.5,144.6,35.2,0.97
Tiruppur,Rabi,Black Gram,Red,8.92,51.8,20.1,1.1
Madurai,Rabi,Sesame,Clay,5.94,50.1,39.2,0.47
Tirunelveli,Kharif,Black Gram,Clay,8.82,259.4,32.4,0.97
Thoothukudi,Summer,Groundnut,Black,5.45,37.8,39.1,1.16
Erode,Summer,Chilli,Alluvial,10.56,49.9,21.4,2.81
Kancheepuram,Rabi,Soybean,Alluvial,6.73,75.5,39.0,0.68
Thanjavur,Rabi,Millets,Red,2.78,29.8,20.5,1.43
Namakkal,Rabi,Cotton,Red,11.78,66.6,37.9,1.13
Erode,Rabi,Turmeric,Black,4.12,154.2,31.9,2.94
Trichy,Summer,Green Gram,Clay,3.9,107.3,37.1,0.87
Dindigul,Summer,Groundnut,Clay,3.78,38.6,38.5,1.09
Trichy,Kharif,Sesame,Loamy,4.66,70.6,39.4,0.74
Namakkal,Rabi,Groundnut,Alluvial,9.55,117.9,31.6,2.04
Thoothukudi,Kharif,Banana,Loamy,1.06,313.7,23.8,3.47
Villupuram,Rabi,Millets,Loamy,3.08,47.5,40.9,1.16
Tiruppur,Rabi,Soybean,Clay,3.46,46.4,40.2,1.06
Thoothukudi,Summer,Coconut,Alluvial,10.23,71.0,31.3,3.16
Namakkal,Rabi,Millets,Clay,8.44,33.1,19.4,1.12
Dindigul,Rabi,Black Gram,Alluvial,5.04,81.8,28.2,1.43
Dindigul,Rabi,Groundnut,Black,2.43,129.7,41.7,1.2
Coimbatore,Summer,Millets,Black,4.54,60.4,22.4,1.47
Madurai,Rabi,Coconut,Clay,5.84,56.4,41.4,2.04
Trichy,Kharif,Millets,Black,0.52,185.2,36.7,0.84
Coimbatore,Summer,Soybean,Clay,6.86,105.9,38.4,0.77
Thanjavur,Summer,Chilli,Black,10.87,44.2,41.7,1.28
Trichy,Summer,Coconut,Black,0.53,67.8,21.0,2.85
Kancheepuram,Rabi,Banana,Clay,4.82,72.3,25.5,3.24
Erode,Kharif,Sunflower,Alluvial,10.68,188.1,28.8,1.32
Trichy,Rabi,Millets,Clay,7.85,90.3,32.7,1.06
Madurai,Rabi,Ragi,Loamy,1.22,149.9,26.8,1.67
Madurai,Kharif,Cotton,Clay,7.03,129.5,40.0,1.02
Tirunelveli,Rabi,Chilli,Loamy,10.93,20.8,39.8,1.92
Villupuram,Summer,Coconut,Loamy,10.83,96.8,18.5,2.62
Tiruppur,Rabi,Groundnut,Black,2.56,126.5,34.2,1.24
Thoothukudi,Kharif,Sunflower,Black,9.48,276.2,18.4,1.16
Dindigul,Summer,Sesame,Red,10.12,46.3,26.3,0.75
Cuddalore,Rabi,Maize,Alluvial,11.25,158.8,22.2,3.29
Thanjavur,Summer,Sugarcane,Red,6.93,39.5,27.2,6.05
Erode,Summer,Turmeric,Alluvial,8.17,106.9,18.1,3.69
Madurai,Rabi,Chilli,Clay,2.43,143.6,25.2,3.15
Salem,Kharif,Millets,Red,9.15,107.9,22.4,1.27
Madurai,Rabi,Coconut,Clay,10.2,99.7,39.5,2.27
Tiruppur,Summer,Turmeric,Alluvial,8.51,60.9,39.6,2.08
Cuddalore,Kharif,Turmeric,Loamy,9.23,108.5,39.5,3.17
Villupuram,Kharif,Ragi,Red,4.2,72.1,37.4,1.41
Tirunelveli,Rabi,Maize,Red,6.66,155.0,23.0,3.15
Villupuram,Rabi,Millets,Clay,8.82,122.0,22.4,1.23
Kancheepuram,Rabi,Millets,Red,6.17,89.0,38.6,1.4
Erode,Summer,Banana,Red,2.07,19.4,40.7,2.15
Thanjavur,Summer,Maize,Red,0.51,57.7,21.2,3.1
Madurai,Summer,Turmeric,Clay,8.2,39.0,18.9,3.06
Dindigul,Rabi,Sugarcane,Loamy,8.35,25.7,40.0,3.2
Madurai,Rabi,Cotton,Black,11.51,104.3,23.2,2.14
Tirunelveli,Kharif,Sugarcane,Black,3.73,68.1,41.6,5.1
Tiruppur,Summer,Cotton,Black,3.55,77.9,39.3,1.29
Villupuram,Summer,Sugarcane,Clay,2.63,97.2,33.0,4.87
Tirunelveli,Kharif,Banana,Alluvial,6.68,170.7,18.9,5.35
Trichy,Summer,Black Gram,Loamy,8.68,80.2,33.3,0.69
Kancheepuram,Summer,Rice,Clay,4.37,59.4,25.8,3.77
Vellore,Summer,Maize,Red,1.82,44.6,23.8,2.75
Cuddalore,Summer,Soybean,Clay,6.94,74.4,29.4,1.25
Namakkal,Rabi,Green Gram,Loamy,11.22,43.4,32.9,1.22
Vellore,Summer,Millets,Black,10.19,91.0,38.8,0.71
Dindigul,Summer,Ragi,Loamy,1.22,55.1,30.8,1.48
Thoothukudi,Summer,Black Gram,Loamy,5.16,77.1,18.9,0.51
Salem,Summer,Maize,Alluvial,2.6,84.6,40.3,1.97
Namakkal,Rabi,Rice,Clay,6.88,53.6,29.4,4.35
Thanjavur,Summer,Turmeric,Clay,6.01,97.0,21.0,3.56
Coimbatore,Rabi,Soybean,Black,9.77,74.8,37.9,1.43
Kancheepuram,Rabi,Soybean,Black,6.99,65.9,36.9,0.98
Thoothukudi,Summer,Soybean,Black,0.95,19.6,39.2,0.67
Salem,Rabi,Maize,Alluvial,9.97,90.7,33.2,2.64
Tirunelveli,Rabi,Chilli,Red,5.18,96.7,38.1,2.03
Tiruppur,Rabi,Chilli,Loamy,4.7,152.8,33.8,2.26
Madurai,Summer,Sesame,Loamy,5.33,98.7,22.7,0.65
Villupuram,Kharif,Sunflower,Clay,1.38,77.6,40.2,0.87
Cuddalore,Rabi,Sesame,Clay,1.38,143.4,40.0,0.32
Thanjavur,Rabi,Sunflower,Alluvial,6.93,97.1,20.8,1.75
Thoothukudi,Summer,Chilli,Alluvial,8.07,34.5,19.3,2.08
Coimbatore,Summer,Sunflower,Alluvial,1.19,51.4,38.8,0.72
Villupuram,Summer,Maize,Alluvial,4.31,18.8,20.6,2.1
Kancheepuram,Rabi,Maize,Alluvial,8.56,88.9,25.7,3.85
Dindigul,Summer,Turmeric,Loamy,5.28,24.1,28.2,3.41
Cuddalore,Kharif,Millets,Black,5.46,297.3,35.8,1.01
Erode,Rabi,Millets,Loamy,9.69,83.7,33.2,1.33
Coimbatore,Kharif,Rice,Clay,4.41,100.4,41.0,2.5
Trichy,Summer,Coconut,Alluvial,0.67,43.5,41.7,1.9
Erode,Rabi,Black Gram,Clay,10.53,69.3,22.5,0.7
Tiruppur,Summer,Coconut,Black,11.15,75.5,41.2,1.95
Thoothukudi,Rabi,Green Gram,Black,9.5,83.8,30.1,1.14
Vellore,Rabi,Sunflower,Clay,11.96,148.4,28.1,0.87
Madurai,Kharif,Banana,Black,6.04,124.8,27.3,4.58
Kancheepuram,Summer,Groundnut,Black,8.83,42.2,18.9,1.21
Erode,Rabi,Sunflower,Loamy,8.66,138.6,24.5,1.39
Erode,Summer,Millets,Red,2.13,60.7,36.3,1.13
Trichy,Kharif,Ragi,Clay,7.43,138.0,31.4,1.27
Erode,Kharif,Turmeric,Alluvial,0.58,216.2,28.5,5.1
Cuddalore,Rabi,Turmeric,Black,0.73,39.1,24.3,4.39
Tirunelveli,Rabi,Cotton,Clay,1.21,79.8,19.2,1.23
Trichy,Summer,Green Gram,Red,7.92,89.0,37.9,0.77
Madurai,Rabi,Sesame,Red,8.87,57.9,22.2,1.07
Namakkal,Rabi,Green Gram,Red,9.33,47.6,31.4,1.34
Trichy,Rabi,Green Gram,Red,7.13,74.9,38.9,1.07
Dindigul,Kharif,Sugarcane,Red,6.02,139.3,34.9,6.33
Thoothukudi,Summer,Coconut,Red,4.54,17.0,19.9,2.75
Thoothukudi,Summer,Maize,Black,7.75,90.2,37.1,2.64
Dindigul,Summer,Ragi,Red,9.93,39.9,31.0,1.46
Cuddalore,Summer,Ragi,Black,7.78,56.3,21.8,2.35
Cuddalore,Kharif,Chilli,Red,4.87,281.2,39.2,1.52
Kancheepuram,Rabi,Maize,Clay,7.76,40.3,22.0,3.31
Dindigul,Summer,Cotton,Loamy,2.8,35.2,28.5,1.31
Thanjavur,Rabi,Banana,Red,5.51,134.1,21.7,4.16
Namakkal,Rabi,Black Gram,Clay,2.86,118.6,22.5,0.71
Namakkal,Kharif,Turmeric,Red,5.24,297.2,22.4,4.38
Kancheepuram,Kharif,Millets,Alluvial,1.9,287.8,35.6,0.6
Tiruppur,Rabi,Sugarcane,Clay,5.6,110.3,25.0,5.74
Thoothukudi,Kharif,Sesame,Red,6.15,76.1,31.8,1.06
Tiruppur,Summer,Green Gram,Red,1.94,47.0,21.8,0.86
Kancheepuram,Summer,Maize,Loamy,7.33,62.5,39.0,1.73
Vellore,Summer,Banana,Clay,2.79,15.1,28.3,4.52
Cuddalore,Rabi,Chilli,Clay,11.12,41.1,20.5,3.02
Tiruppur,Kharif,Sesame,Loamy,2.5,236.2,34.9,0.55
Villupuram,Kharif,Ragi,Clay,3.45,123.7,19.3,1.83
Tirunelveli,Rabi,Groundnut,Black,3.44,133.0,29.7,1.56
Trichy,Kharif,Chilli,Alluvial,11.73,154.5,36.1,1.85
Coimbatore,Summer,Turmeric,Alluvial,6.19,88.2,20.2,3.72
Tiruppur,Kharif,Chilli,Loamy,7.19,259.4,30.2,1.98
Villupuram,Summer,Banana,Red,8.19,57.0,25.4,5.19
Tiruppur,Kharif,Black Gram,Red,4.43,285.1,19.8,0.72
Trichy,Kharif,Sesame,Red,7.16,134.0,21.7,0.83
Trichy,Kharif,Maize,Black,6.25,214.4,30.7,2.12
Thoothukudi,Summer,Groundnut,Loamy,10.07,88.4,40.7,1.73
Trichy,Rabi,Millets,Loamy,7.24,22.3,33.4,0.97
Villupuram,Rabi,Cotton,Black,3.06,83.6,27.1,1.62
Trichy,Summer,Black Gram,Alluvial,3.53,66.6,26.5,0.98
Erode,Summer,Maize,Red,9.37,12.9,37.4,2.09
Coimbatore,Rabi,Banana,Loamy,6.79,95.4,36.1,3.21
Trichy,Rabi,Black Gram,Alluvial,6.45,123.3,40.6,0.95
Salem,Summer,Black Gram,Loamy,1.21,77.8,27.9,1.0
Tiruppur,Summer,Sunflower,Black,0.6,11.4,38.4,0.75
Tiruppur,Summer,Sunflower,Black,2.3,96.5,34.6,0.67
Cuddalore,Rabi,Chilli,Loamy,10.34,60.8,19.4,2.71
Erode,Kharif,Coconut,Red,3.05,244.7,24.9,3.63
Cuddalore,Rabi,Maize,Loamy,0.58,143.5,28.6,3.39
Namakkal,Rabi,Chilli,Black,2.26,33.1,31.1,2.74
Madurai,Kharif,Sugarcane,Alluvial,4.01,157.4,25.1,5.51
Thoothukudi,Kharif,Banana,Red,9.82,269.6,20.6,4.08
Salem,Summer,Rice,Black,4.07,11.4,27.8,3.56
Thoothukudi,Kharif,Coconut,Red,6.96,270.3,20.4,3.01
Tiruppur,Summer,Cotton,Loamy,8.53,50.5,32.8,1.15
Thoothukudi,Summer,Banana,Black,4.72,85.7,36.3,2.97
Tirunelveli,Kharif,Soybean,Alluvial,11.69,134.0,39.3,1.08
Tirunelveli,Rabi,Sunflower,Loamy,6.29,28.6,39.7,0.59
Thoothukudi,Rabi,Turmeric,Loamy,5.74,97.9,38.5,2.75
Kancheepuram,Kharif,Ragi,Loamy,0.87,135.8,38.3,1.07
Tiruppur,Summer,Banana,Alluvial,8.82,25.3,40.4,2.26
Tiruppur,Kharif,Cotton,Black,4.17,98.5,32.0,1.85
Tiruppur,Kharif,Millets,Loamy,10.49,258.5,34.7,0.68
Coimbatore,Rabi,Maize,Red,2.43,100.3,37.7,2.55
Kancheepuram,Kharif,Sesame,Alluvial,9.55,171.1,31.7,0.48
Thoothukudi,Kharif,Black Gram,Black,4.42,104.9,40.4,0.84
Tirunelveli,Rabi,Cotton,Loamy,6.09,118.3,29.4,0.97
Villupuram,Summer,Groundnut,Red,2.25,10.8,32.2,1.25
Coimbatore,Kharif,Rice,Loamy,3.86,305.5,33.3,3.2
Tirunelveli,Rabi,Coconut,Red,8.35,159.7,39.4,3.08
Salem,Summer,Coconut,Red,7.28,85.5,36.9,2.45
Tirunelveli,Kharif,Soybean,Loamy,10.82,73.9,33.6,1.3
Tirunelveli,Summer,Green Gram,Clay,8.04,48.7,32.9,0.78
Erode,Kharif,Banana,Alluvial,2.0,199.4,40.6,3.11
Dindigul,Summer,Maize,Black,8.76,22.4,20.7,2.88
Tiruppur,Summer,Groundnut,Loamy,9.57,88.0,24.5,2.65
Villupuram,Summer,Rice,Alluvial,1.75,33.4,18.6,2.39
Thanjavur,Rabi,Sugarcane,Clay,5.31,126.4,23.3,5.12
Tirunelveli,Summer,Millets,Loamy,8.13,97.3,21.8,0.97
Trichy,Kharif,Maize,Red,5.78,268.3,28.8,2.3
Tiruppur,Summer,Soybean,Alluvial,1.96,53.2,24.5,1.39
Vellore,Rabi,Maize,Alluvial,3.92,33.4,27.4,3.12
Tirunelveli,Kharif,Chilli,Red,8.32,143.2,40.5,1.79
Tirunelveli,Rabi,Rice,Clay,9.28,100.3,30.7,3.86
Cuddalore,Summer,Sesame,Alluvial,10.34,84.1,38.7,0.15
Salem,Kharif,Coconut,Alluvial,4.31,84.8,18.4,2.6
Coimbatore,Summer,Soybean,Alluvial,0.8,66.5,26.2,1.93
Coimbatore,Summer,Sugarcane,Clay,10.24,33.7,30.0,6.3
Kancheepuram,Rabi,Soybean,Loamy,11.62,145.2,40.1,0.46
Vellore,Rabi,Soybean,Loamy,2.84,99.4,21.6,1.54
Tiruppur,Rabi,Banana,Clay,11.39,42.4,41.3,2.05
Coimbatore,Kharif,Soybean,Red,8.01,173.0,21.1,1.92
Erode,Summer,Sugarcane,Loamy,3.5,72.9,31.9,5.9
Tirunelveli,Kharif,Banana,Black,2.05,138.0,27.4,5.6
Madurai,Rabi,Groundnut,Black,7.11,73.8,28.9,2.15
Villupuram,Rabi,Sugarcane,Black,6.15,38.8,35.2,4.05
Tiruppur,Rabi,Sunflower,Red,7.27,82.5,37.5,1.34
Erode,Summer,Rice,Loamy,5.43,68.4,26.7,3.18
Coimbatore,Rabi,Coconut,Black,7.61,91.5,36.6,2.12
Tiruppur,Summer,Soybean,Loamy,10.93,78.4,35.0,1.19
Tirunelveli,Rabi,Turmeric,Black,11.57,147.3,29.7,3.72
Thoothukudi,Summer,Turmeric,Alluvial,0.78,82.9,27.5,3.58
Villupuram,Kharif,Maize,Clay,5.55,112.4,33.8,2.25
Madurai,Rabi,Coconut,Loamy,7.13,89.1,36.0,2.52
Thoothukudi,Summer,Soybean,Red,7.04,85.4,37.0,1.5
Tirunelveli,Summer,Black Gram,Red,5.1,55.8,32.5,1.17
Thoothukudi,Summer,Maize,Black,4.15,65.7,40.8,2.15
Erode,Summer,Sunflower,Loamy,6.62,108.3,25.8,0.99
Kancheepuram,Rabi,Green Gram,Red,0.81,134.0,30.8,1.35
Thoothukudi,Kharif,Turmeric,Red,6.14,88.7,31.1,3.76
Cuddalore,Kharif,Sunflower,Black,11.22,272.6,31.4,0.55
Trichy,Kharif,Rice,Black,9.02,312.7,20.2,3.6
Kancheepuram,Rabi,Green Gram,Alluvial,3.51,90.3,27.3,0.88
Thoothukudi,Rabi,Coconut,Alluvial,3.56,38.5,37.8,1.9
Trichy,Rabi,Black Gram,Alluvial,10.21,69.9,25.3,1.46
Salem,Kharif,Groundnut,Alluvial,1.0,63.7,21.7,2.35
Thanjavur,Summer,Maize,Black,11.64,49.6,19.2,2.94
Dindigul,Rabi,Coconut,Loamy,1.59,34.9,20.7,2.83
Vellore,Summer,Green Gram,Clay,5.14,72.4,31.1,1.31
Salem,Rabi,Green Gram,Loamy,5.9,25.4,29.8,1.15
Namakkal,Summer,Cotton,Loamy,5.03,102.3,40.3,0.52
Villupuram,Rabi,Sesame,Black,4.47,113.3,21.8,0.93
Salem,Kharif,Sugarcane,Loamy,10.89,225.4,18.0,4.62
Dindigul,Kharif,Coconut,Red,3.4,132.1,29.7,3.76
Coimbatore,Kharif,Turmeric,Alluvial,1.56,248.8,31.3,3.68
Trichy,Summer,Maize,Black,1.51,48.2,41.1,1.87
Cuddalore,Rabi,Soybean,Red,9.34,69.1,33.3,1.29
Coimbatore,Summer,Banana,Loamy,10.79,49.4,22.0,3.98
Thoothukudi,Summer,Soybean,Alluvial,8.47,69.6,37.0,0.86
Trichy,Summer,Turmeric,Black,9.84,18.9,19.4,3.46
Thoothukudi,Summer,Soybean,Clay,1.19,81.7,31.9,1.47
Kancheepuram,Rabi,Sugarcane,Alluvial,2.35,90.1,35.5,4.38
Tirunelveli,Kharif,Millets,Red,1.84,210.5,36.1,0.98
Vellore,Kharif,Black Gram,Loamy,3.99,199.8,24.1,0.88
Kancheepuram,Rabi,Soybean,Black,7.22,136.7,24.0,1.92
Trichy,Rabi,Cotton,Black,3.18,112.3,19.7,1.82
Tiruppur,Rabi,Ragi,Clay,3.38,21.4,33.7,1.17
Madurai,Rabi,Soybean,Black,6.91,113.9,30.6,1.97
Thanjavur,Rabi,Sugarcane,Black,11.39,36.4,35.2,4.35
Thoothukudi,Rabi,Soybean,Clay,4.28,87.5,39.7,0.92
Madurai,Summer,Sesame,Red,6.97,30.0,33.6,0.47
Thoothukudi,Rabi,Black Gram,Loamy,3.63,102.5,35.2,1.1
Villupuram,Summer,Rice,Loamy,11.99,59.0,21.6,2.44
Cuddalore,Kharif,Chilli,Alluvial,4.01,116.3,36.7,2.28
Erode,Summer,Black Gram,Black,5.23,53.9,30.5,1.22
Erode,Summer,Maize,Alluvial,5.67,23.2,33.7,2.81
Kancheepuram,Kharif,Ragi,Black,4.56,267.6,19.4,1.47
Namakkal,Rabi,Coconut,Loamy,5.44,57.2,30.3,2.64
Trichy,Rabi,Banana,Black,1.21,144.5,19.4,4.64
Thoothukudi,Kharif,Ragi,Loamy,8.05,285.3,38.2,0.51
Madurai,Rabi,Chilli,Alluvial,11.65,124.9,31.8,2.54
Coimbatore,Kharif,Turmeric,Alluvial,10.86,266.8,28.4,3.38
Namakkal,Summer,Green Gram,Red,3.73,13.1,39.7,0.75
Salem,Kharif,Banana,Clay,10.33,248.1,40.9,2.27
Trichy,Summer,Black Gram,Red,11.62,45.9,26.3,0.88
Salem,Kharif,Groundnut,Clay,2.66,114.9,28.4,2.58
Dindigul,Summer,Rice,Clay,8.83,94.1,40.1,2.42
Tiruppur,Kharif,Soybean,Loamy,2.46,187.9,31.2,1.58
Erode,Rabi,Banana,Alluvial,6.78,124.3,23.5,4.81
Thanjavur,Rabi,Coconut,Black,5.37,26.0,18.3,1.95
Erode,Summer,Sunflower,Loamy,2.46,18.4,29.4,0.83
Tiruppur,Rabi,Rice,Loamy,6.51,42.2,26.9,4.19
Coimbatore,Rabi,Ragi,Alluvial,9.71,110.0,20.1,1.82
Villupuram,Summer,Chilli,Red,7.96,95.7,27.7,3.58
Cuddalore,Rabi,Sugarcane,Loamy,1.43,142.7,33.6,4.95
Thoothukudi,Kharif,Black Gram,Black,7.51,292.1,26.8,1.04
Kancheepuram,Kharif,Cotton,Clay,9.42,317.7,34.1,1.18
Madurai,Rabi,Turmeric,Red,5.16,104.9,34.7,3.71
Thoothukudi,Kharif,Turmeric,Loamy,2.65,133.8,27.7,4.47
Trichy,Summer,Ragi,Loamy,10.11,70.7,27.8,1.7
Coimbatore,Rabi,Cotton,Black,5.12,21.2,28.3,1.5
Tiruppur,Kharif,Coconut,Black,1.89,61.4,22.8,3.27
Tiruppur,Kharif,Green Gram,Alluvial,10.97,236.9,31.4,0.54
Tiruppur,Kharif,Green Gram,Loamy,8.11,101.6,18.6,0.97
Dindigul,Summer,Chilli,Red,5.25,20.1,35.5,1.54
Thoothukudi,Rabi,Sugarcane,Red,6.42,147.4,26.7,6.49
Thoothukudi,Kharif,Groundnut,Black,5.82,310.2,18.2,1.13
Madurai,Kharif,Sesame,Red,4.27,131.9,29.2,1.02
Namakkal,Kharif,Cotton,Alluvial,7.81,82.6,25.3,1.76
Namakkal,Kharif,Coconut,Red,2.12,185.3,19.3,2.99
Thoothukudi,Rabi,Sunflower,Loamy,4.59,129.9,35.6,0.64
Thanjavur,Rabi,Groundnut,Clay,6.31,40.8,29.9,1.62
Tirunelveli,Kharif,Sunflower,Loamy,9.07,97.1,33.5,0.76
Salem,Rabi,Chilli,Black,5.84,112.2,27.3,2.86
Erode,Summer,Soybean,Red,10.8,77.8,20.5,1.49
Kancheepuram,Rabi,Coconut,Clay,7.24,159.3,29.8,3.65
Namakkal,Summer,Turmeric,Alluvial,6.49,101.5,26.6,4.27
Erode,Kharif,Ragi,Loamy,7.35,71.2,29.6,1.48
Vellore,Summer,Green Gram,Red,9.76,26.9,40.3,0.8
Tirunelveli,Rabi,Millets,Clay,3.28,116.0,18.9,0.94
Coimbatore,Kharif,Sunflower,Loamy,4.46,318.3,29.3,0.91
Tiruppur,Summer,Groundnut,Loamy,6.48,41.7,22.7,1.97
Dindigul,Kharif,Turmeric,Loamy,4.22,243.5,29.8,5.0
Thanjavur,Rabi,Ragi,Alluvial,6.74,39.8,32.5,1.49
Trichy,Kharif,Soybean,Red,7.4,241.5,30.3,1.51
Kancheepuram,Kharif,Maize,Red,6.97,86.3,24.9,4.37
Trichy,Summer,Green Gram,Loamy,2.84,88.4,26.7,1.38
Tiruppur,Kharif,Soybean,Black,11.65,319.0,36.0,0.94
Madurai,Kharif,Black Gram,Loamy,11.35,241.3,21.8,0.42
Cuddalore,Kharif,Rice,Loamy,9.37,277.1,39.2,1.31
Dindigul,Summer,Black Gram,Loamy,4.21,15.9,21.1,0.45
Coimbatore,Rabi,Coconut,Red,9.81,103.1,34.3,2.93
Salem,Kharif,Chilli,Loamy,7.28,205.1,26.5,2.76
Villupuram,Kharif,Black Gram,Clay,5.62,201.3,30.9,0.8
Tiruppur,Summer,Green Gram,Alluvial,5.39,75.3,35.3,0.76
Villupuram,Rabi,Green Gram,Alluvial,1.63,155.4,22.4,0.61
Madurai,Rabi,Sesame,Alluvial,3.94,58.6,22.0,0.9
Namakkal,Summer,Cotton,Clay,3.25,109.7,32.6,1.15
Namakkal,Kharif,Turmeric,Loamy,1.1,273.4,32.1,3.47
Vellore,Rabi,Soybean,Red,7.94,28.2,34.2,1.16
Villupuram,Rabi,Groundnut,Red,3.1,152.9,21.4,1.77
Erode,Rabi,Sesame,Alluvial,6.02,102.3,26.8,0.84
Thoothukudi,Summer,Black Gram,Red,11.48,88.2,22.9,1.07
Kancheepuram,Kharif,Cotton,Loamy,1.61,113.1,29.4,1.85
Coimbatore,Rabi,Banana,Red,9.45,67.2,29.8,4.51
Salem,Rabi,Rice,Red,3.66,95.3,22.0,4.04
Thoothukudi,Summer,Cotton,Clay,0.59,47.5,23.4,1.41
Thoothukudi,Summer,Cotton,Clay,6.29,82.1,24.2,1.82
Thoothukudi,Kharif,Banana,Loamy,1.83,240.6,39.6,3.03
Erode,Summer,Coconut,Black,2.35,22.0,40.7,2.09
Tiruppur,Rabi,Rice,Black,11.96,81.0,37.5,2.25
Madurai,Rabi,Black Gram,Black,6.9,70.5,41.6,1.02
Vellore,Kharif,Cotton,Alluvial,2.63,249.8,39.9,0.83
Thoothukudi,Rabi,Sugarcane,Alluvial,8.28,44.5,38.6,3.47
Cuddalore,Kharif,Sesame,Clay,8.2,319.4,32.6,0.23
Vellore,Kharif,Green Gram,Clay,0.66,177.1,34.5,0.9
Dindigul,Rabi,Sunflower,Red,3.81,77.6,23.9,1.6
Coimbatore,Summer,Banana,Black,0.97,105.2,28.8,4.31
Thoothukudi,Rabi,Maize,Black,4.14,120.2,36.7,2.29
Tirunelveli,Rabi,Cotton,Clay,6.25,64.0,27.4,1.75
Salem,Kharif,Soybean,Clay,1.59,73.6,31.2,2.07
Cuddalore,Kharif,Banana,Black,5.23,181.8,38.8,3.17
Namakkal,Kharif,Coconut,Red,4.17,147.7,38.7,3.14
Vellore,Rabi,Chilli,Clay,6.79,21.0,34.5,2.57
Coimbatore,Summer,Sugarcane,Clay,11.42,23.3,25.1,3.87
Salem,Kharif,Coconut,Loamy,9.76,67.5,21.1,3.4
Villupuram,Summer,Maize,Loamy,6.02,19.7,23.0,2.22
Cuddalore,Rabi,Green Gram,Loamy,9.34,46.5,35.2,1.16
Madurai,Rabi,Sesame,Loamy,2.58,57.0,41.7,0.5
Tirunelveli,Rabi,Ragi,Loamy,4.5,60.2,35.0,1.87
Dindigul,Kharif,Cotton,Alluvial,10.59,236.5,39.6,0.39
Kancheepuram,Kharif,Sunflower,Loamy,11.8,179.3,19.6,0.66
Salem,Rabi,Rice,Red,11.78,71.4,39.6,2.5
Thanjavur,Rabi,Banana,Loamy,3.66,41.0,27.1,4.24
Vellore,Summer,Groundnut,Clay,10.73,50.1,25.1,1.89
Madurai,Kharif,Chilli,Clay,5.08,99.2,32.2,3.14
Coimbatore,Rabi,Maize,Black,9.54,119.7,33.4,2.86
Tiruppur,Kharif,Chilli,Black,7.87,284.5,34.7,1.12
Erode,Kharif,Chilli,Loamy,9.86,205.2,26.5,2.88
Erode,Summer,Coconut,Clay,7.59,63.8,37.3,2.33
Cuddalore,Kharif,Rice,Loamy,0.53,283.2,21.5,3.81
Kancheepuram,Summer,Ragi,Red,9.35,31.8,27.6,2.12
Thanjavur,Summer,Turmeric,Alluvial,3.84,26.8,36.3,1.24
Tirunelveli,Kharif,Green Gram,Alluvial,10.19,73.5,23.8,0.63
Trichy,Kharif,Black Gram,Black,1.45,175.7,30.8,1.52
Salem,Kharif,Cotton,Red,2.34,116.6,34.7,1.59
Cuddalore,Rabi,Black Gram,Alluvial,3.78,117.4,34.6,0.89
Erode,Kharif,Banana,Loamy,9.75,147.4,32.4,4.4
Dindigul,Rabi,Cotton,Clay,11.73,123.2,28.4,2.0
Dindigul,Rabi,Millets,Black,10.81,85.9,32.2,1.58
Trichy,Summer,Millets,Alluvial,8.64,78.0,18.1,0.86
Thoothukudi,Rabi,Black Gram,Loamy,11.0,32.4,37.2,0.81
Thanjavur,Summer,Coconut,Loamy,11.2,24.8,23.8,2.97
Villupuram,Rabi,Sesame,Red,9.31,58.7,19.0,0.85
Dindigul,Summer,Soybean,Red,1.46,98.6,18.1,1.9
Madurai,Kharif,Black Gram,Loamy,10.03,203.2,21.9,0.46
Cuddalore,Rabi,Maize,Clay,7.76,100.0,38.4,2.72
Tirunelveli,Rabi,Black Gram,Loamy,9.74,39.1,21.2,0.7
Vellore,Kharif,Green Gram,Clay,7.94,85.7,27.0,1.17
Thanjavur,Summer,Turmeric,Clay,6.49,82.7,37.4,2.29
Erode,Kharif,Chilli,Clay,2.43,129.9,28.3,2.88
Coimbatore,Rabi,Groundnut,Alluvial,10.82,43.7,41.7,0.87
Salem,Rabi,Maize,Alluvial,1.08,51.2,33.4,3.24
Trichy,Rabi,Soybean,Black,2.2,84.2,28.1,1.75
Kancheepuram,Summer,Banana,Red,5.19,80.0,41.8,2.63
Trichy,Summer,Ragi,Red,9.29,83.8,39.3,1.22
Salem,Summer,Cotton,Black,8.55,15.3,38.8,0.76
Dindigul,Rabi,Sunflower,Loamy,8.49,146.0,24.5,1.01
Kancheepuram,Rabi,Soybean,Red,7.72,67.3,21.6,1.9
Thanjavur,Summer,Coconut,Red,8.0,109.1,20.2,3.01
Coimbatore,Summer,Ragi,Black,1.82,57.9,19.0,2.66
Kancheepuram,Summer,Sugarcane,Loamy,8.98,55.3,18.7,5.12
Coimbatore,Summer,Turmeric,Alluvial,4.14,81.8,27.5,3.56
Trichy,Kharif,Sesame,Red,7.17,264.0,38.5,0.56
Trichy,Kharif,Black Gram,Loamy,5.29,240.1,18.5,0.42
Coimbatore,Summer,Cotton,Loamy,11.09,17.9,27.2,1.77
Kancheepuram,Rabi,Millets,Clay,4.03,82.9,25.0,1.17
Trichy,Summer,Ragi,Loamy,3.84,38.7,33.6,1.33
Tiruppur,Summer,Coconut,Alluvial,6.41,16.7,28.2,3.8
Vellore,Summer,Soybean,Loamy,1.23,100.7,29.7,1.54
Tiruppur,Kharif,Black Gram,Red,8.08,170.0,21.9,0.92
Cuddalore,Rabi,Ragi,Black,4.6,39.8,28.5,2.11
Erode,Summer,Coconut,Black,7.69,93.9,23.5,2.86
Thoothukudi,Summer,Cotton,Red,4.48,17.1,28.0,1.6
Tiruppur,Rabi,Maize,Red,0.93,47.9,27.0,3.37
Tirunelveli,Kharif,Turmeric,Clay,11.37,251.0,24.9,3.44
Tiruppur,Summer,Millets,Loamy,6.26,19.8,32.3,1.43
Vellore,Kharif,Soybean,Clay,9.44,88.4,20.8,2.35
Villupuram,Kharif,Ragi,Black,3.26,227.5,40.0,1.41
Tiruppur,Summer,Chilli,Alluvial,0.78,86.1,23.6,1.84
Thanjavur,Rabi,Turmeric,Loamy,3.99,84.2,34.7,3.69
Dindigul,Rabi,Black Gram,Alluvial,3.2,149.0,35.8,1.27
Tiruppur,Summer,Black Gram,Loamy,3.01,68.4,21.6,0.36
Salem,Rabi,Maize,Black,8.74,35.1,27.9,3.79
Coimbatore,Kharif,Soybean,Alluvial,7.18,311.4,26.8,1.43
Cuddalore,Kharif,Sugarcane,Alluvial,5.97,155.6,25.4,6.17
Cuddalore,Rabi,Black Gram,Loamy,3.09,25.1,37.2,0.75
Thoothukudi,Rabi,Millets,Alluvial,5.69,132.7,34.6,0.94
Vellore,Summer,Banana,Loamy,10.37,17.1,34.0,2.43
Thanjavur,Summer,Sesame,Red,11.01,20.0,36.1,0.57
Kancheepuram,Kharif,Chilli,Loamy,1.03,108.4,19.9,3.08
Tiruppur,Kharif,Sugarcane,Red,5.89,286.6,41.4,4.26
Erode,Summer,Millets,Clay,3.6,18.5,19.5,0.8
Vellore,Kharif,Black Gram,Red,2.48,174.8,35.2,1.06
Tiruppur,Kharif,Sunflower,Black,6.06,305.5,40.5,0.53
Coimbatore,Rabi,Groundnut,Loamy,9.06,158.6,27.0,1.79
Salem,Rabi,Coconut,Black,10.63,21.7,38.6,1.79
Dindigul,Kharif,Black Gram,Alluvial,4.77,144.2,40.5,0.83
Namakkal,Rabi,Soybean,Black,9.25,75.8,40.5,1.19
Vellore,Summer,Groundnut,Red,7.41,45.0,19.9,1.84
Trichy,Kharif,Cotton,Red,1.99,168.8,35.8,1.11
Vellore,Kharif,Cotton,Red,8.12,71.6,18.9,1.57
Kancheepuram,Kharif,Millets,Red,10.63,91.6,21.3,1.29
Trichy,Summer,Soybean,Loamy,9.01,28.7,27.9,0.87
Madurai,Summer,Soybean,Clay,5.77,37.9,33.4,1.4
Dindigul,Kharif,Ragi,Clay,10.33,284.4,29.6,1.26
Namakkal,Summer,Black Gram,Alluvial,4.56,59.5,31.6,1.17
Trichy,Kharif,Millets,Black,9.56,296.6,36.6,0.99
Vellore,Summer,Turmeric,Loamy,8.05,93.3,29.4,3.28
Salem,Summer,Banana,Black,9.73,78.8,22.6,4.25
Thanjavur,Summer,Coconut,Red,3.76,55.2,31.1,3.37
Namakkal,Rabi,Cotton,Loamy,5.29,60.4,28.3,2.12
Dindigul,Kharif,Sesame,Loamy,2.26,217.9,26.9,0.61
Thanjavur,Summer,Banana,Red,7.09,88.3,38.9,2.61
Villupuram,Kharif,Banana,Black,8.43,270.7,41.9,2.04
Trichy,Rabi,Black Gram,Clay,9.45,111.4,22.8,0.78
Namakkal,Rabi,Coconut,Loamy,9.24,150.5,22.8,3.44
Dindigul,Kharif,Coconut,Alluvial,4.83,69.5,20.1,2.84
Kancheepuram,Rabi,Cotton,Red,10.7,38.3,35.8,1.44
Cuddalore,Kharif,Millets,Alluvial,4.36,314.2,21.7,0.81
Salem,Summer,Sesame,Alluvial,4.12,76.8,20.1,0.53
Trichy,Summer,Sugarcane,Clay,4.92,32.6,28.2,5.12
Cuddalore,Summer,Turmeric,Alluvial,1.69,75.9,22.8,4.07
Kancheepuram,Summer,Coconut,Black,4.61,85.5,32.4,2.49
Kancheepuram,Kharif,Cotton,Alluvial,0.61,193.5,21.7,1.45
Salem,Kharif,Sesame,Black,7.21,74.0,31.6,0.95
Namakkal,Summer,Green Gram,Black,5.83,103.9,32.4,0.93
Thanjavur,Summer,Soybean,Alluvial,5.64,25.3,27.6,1.15
Thoothukudi,Summer,Sesame,Black,7.98,55.6,40.2,0.38
Trichy,Kharif,Cotton,Red,10.99,66.2,28.3,2.4
Trichy,Summer,Green Gram,Black,3.12,31.7,32.9,0.98
Kancheepuram,Kharif,Chilli,Black,3.96,64.3,30.4,2.99
Trichy,Summer,Millets,Black,6.2,14.8,26.0,1.76
Erode,Rabi,Maize,Black,0.86,76.6,28.9,3.31
Tirunelveli,Kharif,Sunflower,Clay,8.95,303.4,25.3,0.47
Villupuram,Rabi,Banana,Alluvial,2.92,84.6,34.9,3.68
Madurai,Summer,Maize,Black,0.83,76.4,38.6,2.71
Salem,Rabi,Soybean,Black,10.88,112.6,18.7,1.54
Erode,Rabi,Sugarcane,Alluvial,2.37,83.6,36.9,4.81
Trichy,Kharif,Sunflower,Loamy,6.76,274.2,22.9,1.09
Trichy,Summer,Soybean,Clay,7.93,35.4,23.2,1.74
Madurai,Kharif,Black Gram,Red,9.59,272.2,26.2,1.08
Trichy,Summer,Millets,Clay,8.06,20.2,38.6,0.5
Thanjavur,Rabi,Rice,Clay,9.45,91.9,20.6,3.68
Erode,Rabi,Chilli,Clay,11.55,71.8,23.9,3.43
Coimbatore,Summer,Sesame,Red,3.0,84.4,29.3,0.71
Tiruppur,Rabi,Maize,Alluvial,0.61,80.3,25.0,3.79
Vellore,Summer,Chilli,Clay,1.96,73.4,36.4,1.82
Dindigul,Rabi,Sesame,Red,9.09,102.2,21.1,0.66
Trichy,Summer,Maize,Alluvial,8.49,97.7,28.9,3.27
Namakkal,Summer,Sunflower,Loamy,5.79,13.4,30.1,0.73
Dindigul,Kharif,Sugarcane,Red,4.91,82.4,27.4,5.88
Coimbatore,Kharif,Ragi,Red,6.19,95.5,40.9,1.52
Erode,Rabi,Banana,Loamy,6.41,63.8,39.7,2.11
Erode,Summer,Black Gram,Red,2.67,106.9,23.9,1.08
Tirunelveli,Kharif,Sesame,Red,3.75,235.2,26.7,0.87
Thoothukudi,Kharif,Millets,Black,8.4,224.5,30.0,1.43
Tirunelveli,Kharif,Cotton,Black,6.7,295.7,34.0,1.34
Erode,Kharif,Banana,Black,2.37,185.1,40.3,2.12
Kancheepuram,Rabi,Black Gram,Red,4.01,113.1,33.8,1.33
Madurai,Kharif,Banana,Red,9.79,110.8,35.1,4.46
Thanjavur,Summer,Green Gram,Alluvial,11.87,101.2,38.0,0.92
Dindigul,Kharif,Maize,Alluvial,5.2,87.7,28.2,3.61
Kancheepuram,Kharif,Black Gram,Red,11.87,91.0,25.2,1.18
Erode,Kharif,Ragi,Red,4.21,284.8,40.3,0.78
Salem,Summer,Groundnut,Black,11.97,102.0,40.5,1.31
Trichy,Kharif,Turmeric,Black,3.69,155.9,19.5,4.19
Trichy,Rabi,Sunflower,Clay,9.42,40.2,20.8,1.48
Salem,Summer,Coconut,Black,1.34,33.6,33.4,2.38
Tiruppur,Rabi,Sunflower,Loamy,8.09,47.9,37.9,1.03
Cuddalore,Rabi,Turmeric,Clay,2.52,79.4,35.5,2.1
Tirunelveli,Rabi,Black Gram,Red,7.12,114.1,35.8,1.59
Coimbatore,Kharif,Rice,Alluvial,3.3,92.7,31.5,4.09
Kancheepuram,Summer,Green Gram,Alluvial,1.87,87.1,24.3,0.73
Tiruppur,Rabi,Coconut,Alluvial,10.42,39.4,34.9,2.66
Thoothukudi,Summer,Green Gram,Red,5.52,23.3,34.3,1.04
Thoothukudi,Kharif,Sunflower,Red,3.46,310.4,21.8,1.13
Vellore,Kharif,Groundnut,Black,4.68,68.5,33.0,1.95
Thoothukudi,Kharif,Ragi,Clay,9.89,160.3,26.3,1.36
Dindigul,Kharif,Black Gram,Alluvial,5.84,174.4,32.2,0.93
Madurai,Kharif,Chilli,Alluvial,0.93,317.7,23.6,2.14
Tiruppur,Summer,Green Gram,Black,2.61,16.4,31.6,0.68
Namakkal,Rabi,Turmeric,Alluvial,7.02,32.4,27.8,3.42
Villupuram,Rabi,Black Gram,Loamy,10.14,39.8,27.0,1.0
Tiruppur,Summer,Rice,Loamy,5.38,47.9,23.5,3.26
Dindigul,Summer,Sesame,Red,11.44,47.6,26.2,0.84
Tirunelveli,Kharif,Black Gram,Alluvial,5.8,177.8,29.2,1.32
Villupuram,Rabi,Millets,Loamy,6.6,154.5,31.1,0.65
Namakkal,Kharif,Sunflower,Alluvial,10.34,112.0,23.9,1.4
Thoothukudi,Rabi,Sugarcane,Red,1.86,143.6,21.1,5.44
Vellore,Kharif,Banana,Red,8.83,287.8,33.3,3.91
Tiruppur,Summer,Groundnut,Black,2.02,11.5,37.2,1.19
Trichy,Kharif,Millets,Clay,9.87,291.3,38.0,0.91
Villupuram,Kharif,Millets,Red,1.04,252.4,30.3,1.11
Tiruppur,Kharif,Banana,Alluvial,7.76,148.0,25.5,6.08
Salem,Kharif,Rice,Black,10.64,66.4,35.7,3.31
Namakkal,Rabi,Ragi,Alluvial,6.26,126.3,41.1,1.16
Kancheepuram,Summer,Groundnut,Red,11.93,14.5,35.7,1.31
Erode,Summer,Millets,Loamy,11.22,90.5,22.8,0.64
Villupuram,Summer,Sunflower,Loamy,0.98,22.1,18.4,0.69
Cuddalore,Kharif,Rice,Alluvial,10.56,68.4,24.3,3.82
Dindigul,Summer,Rice,Red,6.54,62.8,26.7,3.24
Salem,Kharif,Green Gram,Black,8.2,115.0,33.4,0.72
Tiruppur,Summer,Turmeric,Loamy,7.31,40.6,29.7,3.45
Thoothukudi,Rabi,Green Gram,Alluvial,1.9,50.6,22.7,0.88
Trichy,Summer,Ragi,Black,2.53,79.4,36.7,1.57
Thoothukudi,Summer,Turmeric,Black,7.16,18.2,28.8,4.01
Cuddalore,Rabi,Sugarcane,Clay,3.24,81.6,33.3,4.09
Madurai,Summer,Maize,Clay,8.86,33.3,21.6,2.79
Tirunelveli,Kharif,Rice,Black,7.43,164.4,19.0,3.03
Madurai,Rabi,Sesame,Loamy,9.01,85.8,25.7,0.93
Madurai,Summer,Green Gram,Black,8.31,69.7,26.6,1.12
Trichy,Rabi,Soybean,Loamy,4.84,116.9,40.0,1.02
Erode,Kharif,Sugarcane,Red,4.8,69.7,22.9,4.17
Trichy,Summer,Sugarcane,Black,3.21,67.1,30.0,6.28
Madurai,Summer,Ragi,Loamy,5.35,86.6,27.1,1.52
Thoothukudi,Kharif,Soybean,Red,3.8,299.1,30.4,1.3
Tirunelveli,Rabi,Turmeric,Clay,4.5,112.9,27.6,4.36
Cuddalore,Summer,Coconut,Red,4.69,47.1,32.2,2.73
Madurai,Rabi,Turmeric,Alluvial,11.99,50.5,33.2,3.4
Trichy,Kharif,Green Gram,Alluvial,1.76,254.4,40.2,0.45
Cuddalore,Rabi,Maize,Loamy,1.25,85.9,20.9,3.02
Thoothukudi,Kharif,Cotton,Alluvial,1.74,176.9,21.2,0.92
Dindigul,Rabi,Chilli,Alluvial,9.93,140.7,25.9,2.98
Vellore,Rabi,Rice,Alluvial,4.32,126.8,27.1,4.84
Villupuram,Kharif,Black Gram,Clay,5.63,305.1,28.3,0.7
Salem,Kharif,Sesame,Loamy,9.87,135.9,20.1,0.59
Salem,Rabi,Sesame,Red,9.03,92.4,19.2,0.91
Thoothukudi,Summer,Turmeric,Clay,10.93,94.5,32.2,2.21
Tiruppur,Summer,Cotton,Loamy,1.25,60.9,36.0,1.28
Villupuram,Rabi,Ragi,Loamy,0.97,91.3,39.2,1.01
Namakkal,Summer,Millets,Clay,4.33,85.5,30.0,1.05
Dindigul,Kharif,Banana,Red,7.59,289.9,38.5,2.42
Erode,Kharif,Coconut,Loamy,4.95,102.2,31.6,4.07
Villupuram,Summer,Sugarcane,Red,4.33,98.9,20.5,3.75
Vellore,Rabi,Coconut,Clay,7.33,47.5,26.5,3.7
Erode,Summer,Soybean,Clay,5.0,24.7,38.3,0.76
Thanjavur,Kharif,Ragi,Clay,4.42,147.8,22.0,1.34
Trichy,Kharif,Cotton,Red,4.93,207.1,22.7,1.61
Thanjavur,Summer,Cotton,Loamy,8.26,83.9,19.3,1.62
Tiruppur,Kharif,Coconut,Loamy,11.63,97.7,19.2,1.95
Madurai,Rabi,Green Gram,Alluvial,10.95,59.7,41.7,0.64
Kancheepuram,Rabi,Rice,Black,9.52,133.0,22.6,4.05
Salem,Kharif,Chilli,Black,5.25,179.3,24.1,2.39
Coimbatore,Summer,Maize,Black,10.25,90.7,32.7,2.49
Villupuram,Rabi,Banana,Clay,4.62,133.5,26.9,3.64
Kancheepuram,Kharif,Soybean,Clay,3.9,263.8,29.7,0.93
Erode,Summer,Sugarcane,Loamy,9.42,24.7,25.4,4.29
Madurai,Summer,Sunflower,Red,6.43,91.2,26.0,1.06
Tiruppur,Rabi,Millets,Red,10.17,64.4,26.3,1.9
Salem,Rabi,Green Gram,Black,2.4,25.1,27.9,0.99
Salem,Summer,Sugarcane,Black,7.26,78.5,40.1,3.53
Cuddalore,Rabi,Sunflower,Black,5.25,33.4,41.8,0.96
Cuddalore,Kharif,Banana,Clay,6.02,215.2,37.1,2.93
Thoothukudi,Kharif,Soybean,Alluvial,2.63,280.8,28.4,0.96
Villupuram,Summer,Banana,Clay,6.37,58.1,32.7,3.59
Coimbatore,Rabi,Groundnut,Loamy,9.56,66.9,27.8,2.2
Salem,Rabi,Rice,Alluvial,8.86,134.7,37.6,3.16
Namakkal,Rabi,Groundnut,Red,4.37,135.5,26.1,2.23
Namakkal,Kharif,Groundnut,Clay,7.77,266.5,41.5,1.06
Kancheepuram,Summer,Maize,Black,2.37,17.4,38.3,2.07
Madurai,Rabi,Groundnut,Black,8.11,63.4,34.7,1.4
Namakkal,Summer,Millets,Red,10.27,31.8,21.1,1.29
Tiruppur,Summer,Green Gram,Alluvial,10.61,82.2,28.0,1.01
Salem,Rabi,Banana,Clay,6.65,123.4,20.5,3.81
Salem,Summer,Green Gram,Red,4.81,18.5,21.8,1.1
Thanjavur,Rabi,Maize,Alluvial,7.87,140.6,24.3,2.64
Dindigul,Summer,Ragi,Red,9.82,80.6,30.9,1.89
Coimbatore,Kharif,Ragi,Red,7.24,151.5,18.6,2.18
Vellore,Kharif,Coconut,Loamy,3.92,275.8,37.7,2.69
Coimbatore,Rabi,Cotton,Loamy,0.63,65.7,39.8,0.83
Thoothukudi,Kharif,Sesame,Black,6.83,202.8,40.6,0.55
Trichy,Rabi,Sugarcane,Alluvial,10.39,147.6,33.2,5.16
Vellore,Rabi,Soybean,Loamy,1.46,61.2,28.6,1.44
Villupuram,Kharif,Cotton,Black,8.49,79.5,29.9,2.06
Madurai,Kharif,Turmeric,Black,5.61,250.1,21.7,4.45
Thoothukudi,Summer,Coconut,Red,11.79,100.2,31.6,2.93
Salem,Kharif,Banana,Alluvial,10.34,259.3,30.3,5.1
Coimbatore,Rabi,Sunflower,Red,6.91,147.6,29.2,1.27
Thanjavur,Rabi,Rice,Alluvial,8.24,114.1,32.0,3.44
Madurai,Summer,Cotton,Clay,3.47,57.3,24.1,1.65
Cuddalore,Rabi,Maize,Clay,2.41,61.2,40.1,1.3
Coimbatore,Kharif,Banana,Clay,3.41,163.8,35.1,3.12
Dindigul,Rabi,Soybean,Red,11.7,149.0,40.2,1.02
Thanjavur,Kharif,Groundnut,Loamy,6.29,209.4,31.2,1.51
Cuddalore,Summer,Soybean,Clay,11.18,52.9,25.3,1.52
Madurai,Kharif,Banana,Alluvial,5.21,288.8,25.8,4.78
Dindigul,Rabi,Sugarcane,Clay,7.52,111.3,24.5,4.56
Trichy,Summer,Rice,Black,2.64,75.7,27.5,4.55
Tirunelveli,Kharif,Soybean,Black,5.38,220.5,21.5,1.66
Villupuram,Rabi,Banana,Red,1.48,42.1,19.8,2.57
Kancheepuram,Summer,Turmeric,Red,4.79,29.6,24.1,3.94
Namakkal,Summer,Green Gram,Black,7.18,41.9,22.4,0.75
Erode,Rabi,Chilli,Loamy,6.36,49.6,27.5,2.71
Tirunelveli,Kharif,Coconut,Clay,9.89,301.0,34.9,2.54
Tiruppur,Kharif,Turmeric,Red,1.45,283.3,33.7,3.39
Dindigul,Kharif,Sugarcane,Loamy,5.04,187.5,32.5,5.53
Vellore,Kharif,Green Gram,Clay,1.23,266.0,30.6,0.57
Villupuram,Summer,Millets,Alluvial,4.42,15.5,25.4,1.21
Kancheepuram,Kharif,Millets,Black,11.76,218.8,41.6,1.11
Thanjavur,Summer,Groundnut,Alluvial,1.25,81.9,31.7,1.51
Trichy,Rabi,Sesame,Loamy,6.43,67.1,22.6,0.79
Dindigul,Kharif,Soybean,Clay,11.27,146.4,21.3,1.8
Namakkal,Summer,Black Gram,Loamy,10.73,88.9,39.4,0.85
Villupuram,Rabi,Groundnut,Red,7.71,79.6,22.0,2.11
Thanjavur,Rabi,Maize,Black,10.75,47.5,35.6,2.92
Cuddalore,Summer,Sunflower,Black,6.98,64.4,20.3,1.06
Tiruppur,Kharif,Cotton,Clay,8.29,302.4,21.3,1.24
Thanjavur,Kharif,Rice,Clay,6.16,210.0,34.5,3.38
Salem,Kharif,Soybean,Clay,5.18,222.5,36.8,1.16
Namakkal,Summer,Banana,Loamy,1.42,86.0,29.1,5.31
Thanjavur,Rabi,Coconut,Loamy,2.36,52.3,29.9,3.33
Namakkal,Rabi,Coconut,Black,0.51,44.9,23.1,2.96
Cuddalore,Rabi,Green Gram,Clay,7.99,113.3,37.0,0.72
Dindigul,Kharif,Black Gram,Black,3.08,258.9,41.1,0.52
Erode,Summer,Chilli,Loamy,1.82,16.4,18.1,2.17
Vellore,Rabi,Millets,Red,9.75,153.8,24.4,1.08
Namakkal,Summer,Rice,Loamy,7.18,67.5,28.7,3.95
Vellore,Kharif,Green Gram,Clay,5.72,238.9,22.9,0.59
Kancheepuram,Kharif,Black Gram,Alluvial,10.75,202.5,42.0,0.67
Erode,Kharif,Coconut,Red,3.76,260.1,20.1,3.14
Cuddalore,Kharif,Ragi,Alluvial,9.64,113.6,29.9,1.43
Tiruppur,Rabi,Millets,Black,9.02,72.2,29.6,1.92
Erode,Rabi,Millets,Red,9.46,62.3,24.7,1.7
Villupuram,Kharif,Millets,Black,4.63,231.4,30.4,1.12
Thoothukudi,Rabi,Maize,Loamy,1.12,127.9,30.6,3.14
Vellore,Rabi,Soybean,Clay,1.18,127.5,36.3,0.74
Dindigul,Rabi,Sunflower,Red,1.5,59.3,23.1,1.43
